CustomerID,Total_Orders,Total_Revenue,First_Purchase,Last_Purchase,Recency,F_score,M_score,R_score,RFM_Score,Segment,Days_Since_Last_Purchase,Churned
12346.0,1,77183.6,2011-01-18 10:01:00,2011-01-18 10:01:00,325,1,5,5,515,One-Time Buyers,325,True
12347.0,7,4310.0,2010-12-07 14:57:00,2011-12-07 15:52:00,1,4,5,1,145,Loyal Customers,1,False
12348.0,4,1797.24,2010-12-16 19:09:00,2011-09-25 13:13:00,74,3,4,4,434,Regular,74,False
12349.0,1,1757.55,2011-11-21 09:51:00,2011-11-21 09:51:00,18,1,4,2,214,At Risk,18,False
12350.0,1,334.4,2011-02-02 16:01:00,2011-02-02 16:01:00,309,1,2,5,512,One-Time Buyers,309,True
12352.0,8,2506.04,2011-02-16 12:33:00,2011-11-03 14:37:00,35,4,5,3,345,Loyal Customers,35,False
12353.0,1,89.0,2011-05-19 17:47:00,2011-05-19 17:47:00,203,1,1,5,511,One-Time Buyers,203,True
12354.0,1,1079.4,2011-04-21 13:11:00,2011-04-21 13:11:00,231,1,4,5,514,One-Time Buyers,231,True
12355.0,1,459.4,2011-05-09 13:49:00,2011-05-09 13:49:00,213,1,2,5,512,One-Time Buyers,213,True
12356.0,3,2811.43,2011-01-18 09:50:00,2011-11-17 08:40:00,22,2,5,2,225,At Risk,22,False
12357.0,1,6207.67,2011-11-06 16:07:00,2011-11-06 16:07:00,32,1,5,2,215,At Risk,32,False
12358.0,2,1168.06,2011-07-12 10:04:00,2011-12-08 10:26:00,1,1,4,1,114,At Risk,1,False
12359.0,4,6372.58,2011-01-12 12:43:00,2011-10-13 12:47:00,57,3,5,3,335,Regular,57,False
12360.0,3,2662.06,2011-05-23 09:43:00,2011-10-18 15:22:00,51,2,5,3,325,Regular,51,False
12361.0,1,189.9,2011-02-25 13:51:00,2011-02-25 13:51:00,286,1,1,5,511,One-Time Buyers,286,True
12362.0,10,5226.23,2011-02-17 10:30:00,2011-12-06 15:40:00,2,4,5,1,145,Loyal Customers,2,False
12363.0,2,552.0,2011-04-11 13:29:00,2011-08-22 10:18:00,109,1,3,4,413,One-Time Buyers,109,True
12364.0,4,1313.1,2011-08-19 15:24:00,2011-12-02 10:22:00,7,3,4,1,134,At Risk,7,False
12365.0,2,641.38,2011-02-21 13:51:00,2011-02-21 14:04:00,290,1,3,5,513,One-Time Buyers,290,True
12367.0,1,168.9,2011-12-05 16:48:00,2011-12-05 16:48:00,3,1,1,1,111,At Risk,3,False
12370.0,4,3545.69,2010-12-14 12:58:00,2011-10-19 14:51:00,50,3,5,3,335,Regular,50,False
12371.0,2,1887.96,2011-10-11 10:43:00,2011-10-26 10:16:00,44,1,4,3,314,One-Time Buyers,44,False
12372.0,3,1298.04,2011-02-16 12:46:00,2011-09-29 12:12:00,71,2,4,3,324,Regular,71,False
12373.0,1,364.6,2011-02-01 13:10:00,2011-02-01 13:10:00,310,1,2,5,512,One-Time Buyers,310,True
12374.0,1,742.9300000000001,2011-11-14 15:37:00,2011-11-14 15:37:00,24,1,3,2,213,At Risk,24,False
12375.0,2,457.5,2011-09-02 14:23:00,2011-11-29 10:36:00,10,1,2,1,112,At Risk,10,False
12377.0,2,1628.12,2010-12-20 09:37:00,2011-01-28 15:45:00,314,1,4,5,514,One-Time Buyers,314,True
12378.0,1,4008.62,2011-08-02 10:34:00,2011-08-02 10:34:00,129,1,5,4,415,One-Time Buyers,129,True
12379.0,2,852.24,2011-06-22 16:32:00,2011-09-19 10:09:00,81,1,3,4,413,One-Time Buyers,81,False
12380.0,4,2724.81,2011-06-07 09:49:00,2011-11-18 11:27:00,21,3,5,2,235,At Risk,21,False
12381.0,5,1845.31,2011-08-12 09:57:00,2011-12-05 12:44:00,4,3,4,1,134,At Risk,4,False
12383.0,5,1850.56,2010-12-22 14:28:00,2011-06-08 08:02:00,184,3,4,5,534,Regular,184,True
12384.0,2,585.27,2011-08-10 11:23:00,2011-11-11 08:39:00,28,1,3,2,213,At Risk,28,False
12386.0,2,401.9,2010-12-08 09:53:00,2011-01-06 12:37:00,337,1,2,5,512,One-Time Buyers,337,True
12388.0,6,2780.66,2011-01-17 11:12:00,2011-11-24 12:30:00,15,3,5,2,235,At Risk,15,False
12390.0,1,549.84,2011-09-21 09:33:00,2011-09-21 09:33:00,79,1,3,4,413,One-Time Buyers,79,False
12391.0,1,460.89,2011-11-18 12:07:00,2011-11-18 12:07:00,21,1,2,2,212,At Risk,21,False
12393.0,4,1582.6000000000001,2011-01-11 09:47:00,2011-09-28 15:41:00,71,3,4,3,334,Regular,71,False
12394.0,2,1272.48,2011-05-06 14:01:00,2011-10-07 08:08:00,63,1,4,3,314,One-Time Buyers,63,False
12395.0,12,3018.63,2010-12-03 16:35:00,2011-11-20 15:21:00,18,4,5,2,245,Loyal Customers,18,False
12397.0,2,2409.9,2011-07-27 14:21:00,2011-11-04 09:52:00,35,1,5,3,315,One-Time Buyers,35,False
12398.0,1,1635.6599999999999,2011-10-25 10:27:00,2011-10-25 10:27:00,45,1,4,3,314,One-Time Buyers,45,False
12399.0,4,1108.65,2011-03-23 09:42:00,2011-08-12 13:15:00,118,3,4,4,434,Regular,118,True
12401.0,1,84.3,2011-02-09 13:50:00,2011-02-09 13:50:00,302,1,1,5,511,One-Time Buyers,302,True
12402.0,1,225.6,2011-01-20 13:49:00,2011-01-20 13:49:00,322,1,1,5,511,One-Time Buyers,322,True
12403.0,1,427.7,2011-10-21 10:51:00,2011-10-21 10:51:00,49,1,2,3,312,One-Time Buyers,49,False
12405.0,1,1710.39,2011-07-14 08:52:00,2011-07-14 08:52:00,148,1,4,4,414,One-Time Buyers,148,True
12406.0,2,3415.3,2011-06-09 10:23:00,2011-11-17 19:22:00,21,1,5,2,215,At Risk,21,False
12407.0,5,1708.1200000000001,2011-03-20 13:21:00,2011-10-21 10:11:00,49,3,4,3,334,Regular,49,False
12408.0,5,2888.55,2011-03-24 14:46:00,2011-11-07 12:27:00,32,3,5,2,235,At Risk,32,False
12409.0,3,11072.67,2011-06-10 12:19:00,2011-09-22 10:38:00,78,2,5,4,425,Regular,78,False
12410.0,2,693.3299999999999,2011-02-04 10:38:00,2011-02-04 10:39:00,308,1,3,5,513,One-Time Buyers,308,True
12412.0,3,1226.88,2011-06-23 13:51:00,2011-09-26 10:16:00,74,2,4,4,424,Regular,74,False
12413.0,3,758.1,2011-01-06 16:12:00,2011-10-04 09:00:00,66,2,3,3,323,Regular,66,False
12414.0,3,562.41,2011-02-02 14:51:00,2011-05-06 14:51:00,216,2,3,5,523,Regular,216,True
12415.0,21,124914.53,2011-01-06 11:12:00,2011-11-15 14:22:00,23,4,5,2,245,Loyal Customers,23,False
12417.0,9,3649.1,2010-12-17 11:51:00,2011-12-06 14:52:00,2,4,5,1,145,Loyal Customers,2,False
12418.0,1,668.58,2011-08-19 11:08:00,2011-08-19 11:08:00,112,1,3,4,413,One-Time Buyers,112,True
12420.0,1,600.39,2011-10-07 08:55:00,2011-10-07 08:55:00,63,1,3,3,313,One-Time Buyers,63,False
12421.0,4,807.04,2011-01-24 15:09:00,2011-11-24 09:07:00,15,3,3,2,233,At Risk,15,False
12422.0,3,803.5600000000001,2011-01-19 09:13:00,2011-09-05 09:48:00,95,2,3,4,423,Regular,95,True
12423.0,8,1859.31,2010-12-21 10:54:00,2011-12-09 10:10:00,0,4,4,1,144,Loyal Customers,0,False
12424.0,2,1760.96,2011-06-30 12:06:00,2011-06-30 12:06:00,162,1,4,4,414,One-Time Buyers,162,True
12425.0,1,777.2,2011-09-22 17:31:00,2011-09-22 17:31:00,77,1,3,4,413,One-Time Buyers,77,False
12426.0,1,582.73,2011-05-29 12:26:00,2011-05-29 12:26:00,194,1,3,5,513,One-Time Buyers,194,True
12427.0,3,825.8,2010-12-03 10:44:00,2011-11-18 08:56:00,21,2,3,2,223,At Risk,21,False
12428.0,9,7956.46,2011-03-01 09:33:00,2011-11-14 08:22:00,25,4,5,2,245,Loyal Customers,25,False
12429.0,4,3750.4,2010-12-09 12:05:00,2011-11-30 17:22:00,8,3,5,1,135,At Risk,8,False
12430.0,1,256.4,2011-10-27 15:09:00,2011-10-27 15:09:00,42,1,2,3,312,One-Time Buyers,42,False
12431.0,15,6487.45,2010-12-01 10:03:00,2011-11-04 11:55:00,35,4,5,3,345,Loyal Customers,35,False
12432.0,5,5059.32,2011-06-20 13:27:00,2011-10-28 11:43:00,42,3,5,3,335,Regular,42,False
12433.0,7,13375.87,2010-12-01 13:24:00,2011-12-09 10:02:00,0,4,5,1,145,Loyal Customers,0,False
12434.0,2,806.14,2011-03-24 13:05:00,2011-09-16 12:38:00,84,1,3,4,413,One-Time Buyers,84,False
12435.0,2,7829.89,2011-03-17 07:40:00,2011-09-21 09:06:00,79,1,5,4,415,One-Time Buyers,79,False
12436.0,1,509.01,2011-09-01 12:09:00,2011-09-01 12:09:00,99,1,3,4,413,One-Time Buyers,99,True
12437.0,18,4951.41,2011-01-12 14:13:00,2011-12-08 11:35:00,1,4,5,1,145,Loyal Customers,1,False
12438.0,2,2906.85,2011-07-22 13:29:00,2011-11-25 13:28:00,13,1,5,2,215,At Risk,13,False
12441.0,1,173.55,2010-12-08 10:45:00,2010-12-08 10:45:00,366,1,1,5,511,One-Time Buyers,366,True
12442.0,1,172.06,2011-12-06 14:22:00,2011-12-06 14:22:00,2,1,1,1,111,At Risk,2,False
12444.0,5,5005.46,2011-06-21 14:00:00,2011-11-18 13:23:00,20,3,5,2,235,At Risk,20,False
12445.0,1,133.4,2011-11-17 18:43:00,2011-11-17 18:43:00,21,1,1,2,211,At Risk,21,False
12446.0,1,1002.3100000000001,2011-10-13 12:50:00,2011-10-13 12:50:00,57,1,4,3,314,One-Time Buyers,57,False
12447.0,1,476.49,2011-04-10 13:25:00,2011-04-10 13:25:00,242,1,2,5,512,One-Time Buyers,242,True
12448.0,1,449.45,2011-10-26 13:46:00,2011-10-26 13:46:00,43,1,2,3,312,One-Time Buyers,43,False
12449.0,4,4067.29,2011-06-05 15:37:00,2011-11-17 13:46:00,21,3,5,2,235,At Risk,21,False
12450.0,2,197.88,2011-06-19 14:36:00,2011-07-06 14:41:00,155,1,1,4,411,One-Time Buyers,155,True
12451.0,5,9035.52,2011-01-19 09:05:00,2011-11-29 08:40:00,10,3,5,1,135,At Risk,10,False
12452.0,2,430.57,2011-11-23 08:05:00,2011-11-23 10:28:00,16,1,2,2,212,At Risk,16,False
12453.0,1,707.09,2011-07-28 14:08:00,2011-07-28 14:08:00,133,1,3,4,413,One-Time Buyers,133,True
12454.0,1,3528.34,2011-10-14 17:13:00,2011-10-14 17:13:00,55,1,5,3,315,One-Time Buyers,55,False
12455.0,6,2466.86,2011-02-16 09:56:00,2011-09-27 15:31:00,72,3,5,4,435,Regular,72,False
12456.0,3,3181.04,2011-03-30 09:12:00,2011-10-26 14:41:00,43,2,5,3,325,Regular,43,False
12457.0,7,2363.23,2011-04-14 18:57:00,2011-10-04 13:13:00,65,4,5,3,345,Loyal Customers,65,False
12458.0,2,947.4,2011-02-28 10:55:00,2011-09-29 15:25:00,70,1,4,3,314,One-Time Buyers,70,False
12461.0,2,826.88,2011-07-08 10:23:00,2011-09-06 16:57:00,93,1,3,4,413,One-Time Buyers,93,True
12462.0,2,1189.59,2011-02-09 14:44:00,2011-11-21 09:11:00,18,1,4,2,214,At Risk,18,False
12463.0,4,1344.78,2011-04-12 12:47:00,2011-10-17 13:44:00,52,3,4,3,334,Regular,52,False
12464.0,8,1212.05,2011-02-03 13:30:00,2011-11-29 13:33:00,9,4,4,1,144,Loyal Customers,9,False
12465.0,2,742.1899999999999,2011-06-23 13:37:00,2011-11-22 16:34:00,16,1,3,2,213,At Risk,16,False
12468.0,2,729.5400000000001,2011-01-27 13:29:00,2011-06-05 11:36:00,187,1,3,5,513,One-Time Buyers,187,True
12471.0,30,19824.05,2010-12-10 09:35:00,2011-12-07 15:43:00,1,4,5,1,145,Loyal Customers,1,False
12472.0,7,6572.11,2010-12-05 14:19:00,2011-11-07 14:01:00,31,4,5,2,245,Loyal Customers,31,False
12473.0,5,3938.5499999999997,2011-06-01 10:15:00,2011-11-10 13:46:00,28,3,5,2,235,At Risk,28,False
12474.0,18,7375.79,2011-01-14 10:06:00,2011-11-22 14:39:00,16,4,5,2,245,Loyal Customers,16,False
12475.0,1,723.38,2011-10-17 10:10:00,2011-10-17 10:10:00,53,1,3,3,313,One-Time Buyers,53,False
12476.0,11,6816.42,2010-12-13 14:39:00,2011-11-24 12:40:00,15,4,5,2,245,Loyal Customers,15,False
12477.0,6,13219.74,2011-02-11 12:45:00,2011-11-17 09:51:00,22,3,5,2,235,At Risk,22,False
12478.0,1,680.99,2011-12-06 09:56:00,2011-12-06 09:56:00,3,1,3,1,113,At Risk,3,False
12479.0,1,527.2,2011-11-28 13:26:00,2011-11-28 13:26:00,10,1,3,1,113,At Risk,10,False
12480.0,4,3281.63,2011-01-07 15:27:00,2011-11-11 14:52:00,27,3,5,2,235,At Risk,27,False
12481.0,10,5596.32,2010-12-09 10:13:00,2011-11-17 08:29:00,22,4,5,2,245,Loyal Customers,22,False
12483.0,8,2484.98,2011-01-04 14:20:00,2011-11-22 17:02:00,16,4,5,2,245,Loyal Customers,16,False
12484.0,6,4541.72,2011-01-07 14:04:00,2011-11-07 11:37:00,32,3,5,2,235,At Risk,32,False
12488.0,3,1298.66,2011-09-25 10:34:00,2011-11-30 08:50:00,9,2,4,1,124,At Risk,9,False
12489.0,1,334.93,2011-01-07 13:13:00,2011-01-07 13:13:00,335,1,2,5,512,One-Time Buyers,335,True
12490.0,10,5417.93,2011-01-14 09:13:00,2011-12-04 16:07:00,4,4,5,1,145,Loyal Customers,4,False
12491.0,1,460.40000000000003,2011-11-01 12:18:00,2011-11-01 12:18:00,38,1,2,3,312,One-Time Buyers,38,False
12492.0,2,263.21000000000004,2011-08-26 14:51:00,2011-10-07 15:15:00,62,1,2,3,312,One-Time Buyers,62,False
12493.0,2,433.74,2011-05-26 14:53:00,2011-06-27 10:17:00,165,1,2,4,412,One-Time Buyers,165,True
12494.0,7,1246.1000000000001,2010-12-09 11:31:00,2011-11-24 09:34:00,15,4,4,2,244,Loyal Customers,15,False
12497.0,1,1043.1,2011-09-19 12:29:00,2011-09-19 12:29:00,81,1,4,4,414,One-Time Buyers,81,False
12498.0,3,403.70000000000005,2011-10-13 09:30:00,2011-11-18 12:53:00,20,2,2,2,222,At Risk,20,False
12500.0,11,4257.82,2011-01-10 09:48:00,2011-11-16 16:20:00,22,4,5,2,245,Loyal Customers,22,False
12501.0,1,2169.39,2011-01-07 12:28:00,2011-01-07 12:28:00,336,1,5,5,515,One-Time Buyers,336,True
12502.0,5,3723.87,2011-02-03 10:41:00,2011-09-05 11:52:00,95,3,5,4,435,Regular,95,True
12504.0,2,482.04999999999995,2011-11-09 14:56:00,2011-11-21 16:02:00,17,1,2,2,212,At Risk,17,False
12506.0,1,73.5,2011-04-21 08:54:00,2011-04-21 08:54:00,232,1,1,5,511,One-Time Buyers,232,True
12507.0,3,1304.81,2011-02-14 09:24:00,2011-07-28 17:09:00,133,2,4,4,424,Regular,133,True
12508.0,2,398.27,2011-11-10 16:27:00,2011-11-13 15:37:00,25,1,2,2,212,At Risk,25,False
12509.0,1,176.5,2011-02-28 14:45:00,2011-02-28 14:45:00,283,1,1,5,511,One-Time Buyers,283,True
12510.0,2,982.5699999999999,2011-01-18 14:04:00,2011-07-20 10:15:00,142,1,4,4,414,One-Time Buyers,142,True
12512.0,2,138.03,2011-10-04 14:53:00,2011-10-04 14:55:00,65,1,1,3,311,One-Time Buyers,65,False
12513.0,1,612.29,2011-08-19 10:51:00,2011-08-19 10:51:00,112,1,3,4,413,One-Time Buyers,112,True
12514.0,1,1017.68,2011-03-17 16:38:00,2011-03-17 16:38:00,266,1,4,5,514,One-Time Buyers,266,True
12515.0,1,383.7,2010-12-21 15:43:00,2010-12-21 15:43:00,352,1,2,5,512,One-Time Buyers,352,True
12516.0,2,1312.06,2011-06-12 11:37:00,2011-09-23 09:13:00,77,1,4,4,414,One-Time Buyers,77,False
12517.0,5,2502.84,2011-06-02 15:13:00,2011-11-11 14:04:00,27,3,5,2,235,At Risk,27,False
12518.0,5,2056.89,2011-08-21 13:18:00,2011-12-09 10:13:00,0,3,4,1,134,At Risk,0,False
12519.0,1,340.84,2011-10-07 09:26:00,2011-10-07 09:26:00,63,1,2,3,312,One-Time Buyers,63,False
12520.0,5,2634.26,2011-03-11 11:35:00,2011-09-21 15:23:00,78,3,5,4,435,Regular,78,False
12521.0,1,599.68,2011-07-20 10:51:00,2011-07-20 10:51:00,142,1,3,4,413,One-Time Buyers,142,True
12522.0,2,192.72,2011-10-19 14:41:00,2011-10-31 15:30:00,38,1,1,3,311,One-Time Buyers,38,False
12523.0,11,1789.77,2011-01-12 09:43:00,2011-11-20 12:55:00,18,4,4,2,244,Loyal Customers,18,False
12524.0,8,4485.72,2011-01-10 10:35:00,2011-11-30 15:31:00,8,4,5,1,145,Loyal Customers,8,False
12526.0,3,1316.66,2011-09-06 14:19:00,2011-12-09 12:09:00,0,2,4,1,124,At Risk,0,False
12527.0,3,348.71000000000004,2011-01-18 12:05:00,2011-09-19 11:55:00,81,2,2,4,422,Regular,81,False
12528.0,6,1933.48,2011-01-31 09:05:00,2011-11-30 14:40:00,8,3,4,1,134,At Risk,8,False
12530.0,4,1662.28,2011-01-07 10:04:00,2011-10-11 12:34:00,59,3,4,3,334,Regular,59,False
12531.0,1,125.22,2011-11-25 11:12:00,2011-11-25 11:12:00,14,1,1,2,211,At Risk,14,False
12532.0,1,349.83000000000004,2011-11-09 13:47:00,2011-11-09 13:47:00,29,1,2,2,212,At Risk,29,False
12534.0,1,1089.18,2011-08-01 10:26:00,2011-08-01 10:26:00,130,1,4,4,414,One-Time Buyers,130,True
12535.0,2,716.35,2011-06-06 12:47:00,2011-09-09 08:48:00,91,1,3,4,413,One-Time Buyers,91,True
12536.0,3,12601.830000000002,2011-10-11 14:52:00,2011-10-27 14:20:00,42,2,5,3,325,Regular,42,False
12538.0,1,363.95,2011-11-10 17:16:00,2011-11-10 17:16:00,28,1,2,2,212,At Risk,28,False
12539.0,4,5568.35,2011-01-10 09:11:00,2011-11-17 13:30:00,21,3,5,2,235,At Risk,21,False
12540.0,17,13400.24,2010-12-13 09:39:00,2011-11-20 11:31:00,19,4,5,2,245,Loyal Customers,19,False
12541.0,3,981.18,2011-03-04 09:32:00,2011-11-10 10:40:00,29,2,4,2,224,At Risk,29,False
12544.0,1,372.7,2011-11-03 16:15:00,2011-11-03 16:15:00,35,1,2,3,312,One-Time Buyers,35,False
12545.0,2,1000.39,2011-03-25 12:04:00,2011-09-25 13:39:00,74,1,4,4,414,One-Time Buyers,74,False
12546.0,2,1161.5,2011-09-23 09:44:00,2011-10-24 12:09:00,46,1,4,3,314,One-Time Buyers,46,False
12547.0,2,207.79999999999998,2011-03-04 12:46:00,2011-05-26 12:38:00,197,1,1,5,511,One-Time Buyers,197,True
12548.0,1,95.19999999999999,2011-06-26 15:35:00,2011-06-26 15:35:00,165,1,1,4,411,One-Time Buyers,165,True
12550.0,1,964.83,2011-09-21 14:35:00,2011-09-21 14:35:00,78,1,4,4,414,One-Time Buyers,78,False
12551.0,1,168.0,2010-12-17 11:23:00,2010-12-17 11:23:00,357,1,1,5,511,One-Time Buyers,357,True
12552.0,2,437.82,2011-10-31 12:11:00,2011-11-01 10:02:00,38,1,2,3,312,One-Time Buyers,38,False
12553.0,10,3692.28,2011-01-14 10:42:00,2011-12-01 16:38:00,7,4,5,1,145,Loyal Customers,7,False
12556.0,2,603.71,2011-07-11 13:35:00,2011-10-20 13:06:00,49,1,3,3,313,One-Time Buyers,49,False
12557.0,5,11990.960000000001,2010-12-03 12:20:00,2011-11-23 16:59:00,15,3,5,2,235,At Risk,15,False
12558.0,1,269.96,2011-12-02 10:41:00,2011-12-02 10:41:00,7,1,2,1,112,At Risk,7,False
12559.0,2,561.71,2011-01-24 10:12:00,2011-02-02 09:49:00,310,1,3,5,513,One-Time Buyers,310,True
12560.0,3,2134.01,2011-07-19 15:55:00,2011-12-04 13:54:00,4,2,5,1,125,At Risk,4,False
12561.0,1,238.85,2011-02-10 11:39:00,2011-02-10 11:39:00,302,1,1,5,511,One-Time Buyers,302,True
12562.0,7,3781.7400000000002,2011-05-25 12:44:00,2011-12-01 17:20:00,7,4,5,1,145,Loyal Customers,7,False
12564.0,1,456.9,2011-03-23 14:55:00,2011-03-23 14:55:00,260,1,2,5,512,One-Time Buyers,260,True
12565.0,1,145.92,2011-02-24 10:34:00,2011-02-24 10:34:00,288,1,1,5,511,One-Time Buyers,288,True
12566.0,1,351.65,2011-09-14 14:30:00,2011-09-14 14:30:00,85,1,2,4,412,One-Time Buyers,85,False
12567.0,10,9401.28,2010-12-05 11:57:00,2011-11-17 11:02:00,22,4,5,2,245,Loyal Customers,22,False
12569.0,32,4124.69,2011-04-01 13:47:00,2011-12-07 16:24:00,1,4,5,1,145,Loyal Customers,1,False
12571.0,2,519.61,2011-08-10 12:35:00,2011-10-31 10:19:00,39,1,3,3,313,One-Time Buyers,39,False
12572.0,2,1020.42,2011-10-19 08:20:00,2011-12-01 09:20:00,8,1,4,1,114,At Risk,8,False
12573.0,1,160.54000000000002,2011-04-26 15:52:00,2011-04-26 15:52:00,226,1,1,5,511,One-Time Buyers,226,True
12574.0,1,218.45,2011-01-28 09:20:00,2011-01-28 09:20:00,315,1,1,5,511,One-Time Buyers,315,True
12576.0,5,1315.83,2011-02-08 11:31:00,2011-11-04 10:11:00,35,3,4,3,334,Regular,35,False
12577.0,3,657.8,2010-12-15 16:21:00,2011-11-04 13:24:00,34,2,3,3,323,Regular,34,False
12578.0,2,2794.51,2011-01-13 15:34:00,2011-11-18 13:30:00,20,1,5,2,215,At Risk,20,False
12579.0,1,440.42,2011-09-22 17:15:00,2011-09-22 17:15:00,77,1,2,4,412,One-Time Buyers,77,False
12580.0,1,415.7,2011-04-07 10:24:00,2011-04-07 10:24:00,246,1,2,5,512,One-Time Buyers,246,True
12581.0,1,197.71,2011-10-31 08:56:00,2011-10-31 08:56:00,39,1,1,3,311,One-Time Buyers,39,False
12582.0,2,511.36,2011-02-24 11:42:00,2011-04-15 08:45:00,238,1,3,5,513,One-Time Buyers,238,True
12583.0,15,7281.38,2010-12-01 08:45:00,2011-12-07 08:07:00,2,4,5,1,145,Loyal Customers,2,False
12584.0,9,2338.15,2011-03-04 15:15:00,2011-12-06 09:35:00,3,4,5,1,145,Loyal Customers,3,False
12585.0,2,2040.1,2010-12-23 12:58:00,2011-04-19 13:39:00,233,1,4,5,514,One-Time Buyers,233,True
12586.0,1,196.94000000000003,2011-11-22 16:24:00,2011-11-22 16:24:00,16,1,1,2,211,At Risk,16,False
12587.0,1,144.0,2011-12-02 12:47:00,2011-12-02 12:47:00,7,1,1,1,111,At Risk,7,False
12588.0,1,214.89999999999998,2011-10-31 15:01:00,2011-10-31 15:01:00,38,1,1,3,311,One-Time Buyers,38,False
12589.0,2,646.68,2011-07-18 12:05:00,2011-11-11 10:19:00,28,1,3,2,213,At Risk,28,False
12590.0,2,9864.26,2011-05-12 14:46:00,2011-05-12 14:52:00,210,1,5,5,515,One-Time Buyers,210,True
12591.0,1,452.84999999999997,2011-01-26 14:35:00,2011-01-26 14:35:00,316,1,2,5,512,One-Time Buyers,316,True
12592.0,2,437.6,2011-05-10 13:44:00,2011-09-08 15:04:00,91,1,2,4,412,One-Time Buyers,91,True
12593.0,3,418.09999999999997,2011-05-05 09:29:00,2011-08-23 12:43:00,108,2,2,4,422,Regular,108,True
12594.0,10,3338.2200000000003,2011-01-21 09:52:00,2011-11-02 12:20:00,37,4,5,3,345,Loyal Customers,37,False
12596.0,2,618.27,2011-04-11 13:22:00,2011-10-19 13:02:00,50,1,3,3,313,One-Time Buyers,50,False
12597.0,4,3811.22,2011-03-16 14:00:00,2011-11-20 13:33:00,18,3,5,2,235,At Risk,18,False
12598.0,8,3023.08,2011-02-28 11:58:00,2011-11-30 12:18:00,9,4,5,1,145,Loyal Customers,9,False
12599.0,7,1032.58,2011-02-08 13:28:00,2011-11-10 13:34:00,28,4,4,2,244,Loyal Customers,28,False
12600.0,10,2599.04,2010-12-03 12:57:00,2011-11-11 10:29:00,28,4,5,2,245,Loyal Customers,28,False
12601.0,5,577.0600000000001,2011-01-11 10:38:00,2011-06-03 10:17:00,189,3,3,5,533,Regular,189,True
12602.0,1,153.12,2011-10-12 11:22:00,2011-10-12 11:22:00,58,1,1,3,311,One-Time Buyers,58,False
12603.0,1,739.1999999999999,2011-11-18 10:42:00,2011-11-18 10:42:00,21,1,3,2,213,At Risk,21,False
12604.0,2,254.18,2011-03-23 12:06:00,2011-09-21 14:08:00,78,1,2,4,412,One-Time Buyers,78,False
12607.0,1,1579.51,2011-10-10 16:06:00,2011-10-10 16:06:00,59,1,4,3,314,One-Time Buyers,59,False
12609.0,3,1126.85,2011-01-25 15:13:00,2011-09-22 16:34:00,77,2,4,4,424,Regular,77,False
12610.0,5,2099.54,2011-08-05 13:52:00,2011-11-17 09:34:00,22,3,5,2,235,At Risk,22,False
12611.0,1,1193.32,2011-10-18 13:12:00,2011-10-18 13:12:00,51,1,4,3,314,One-Time Buyers,51,False
12612.0,1,704.0400000000001,2011-09-26 15:35:00,2011-09-26 15:35:00,73,1,3,4,413,One-Time Buyers,73,False
12613.0,5,3344.38,2011-03-22 15:42:00,2011-10-13 14:59:00,56,3,5,3,335,Regular,56,False
12614.0,1,315.6,2011-03-07 10:22:00,2011-03-07 10:22:00,277,1,2,5,512,One-Time Buyers,277,True
12615.0,4,2291.19,2011-06-24 13:35:00,2011-12-07 15:02:00,1,3,5,1,135,At Risk,1,False
12616.0,2,713.3,2011-02-15 14:17:00,2011-09-05 15:17:00,94,1,3,4,413,One-Time Buyers,94,True
12617.0,1,355.53,2011-11-10 14:39:00,2011-11-10 14:39:00,28,1,2,2,212,At Risk,28,False
12618.0,1,177.31,2011-11-18 11:10:00,2011-11-18 11:10:00,21,1,1,2,211,At Risk,21,False
12619.0,9,3641.24,2011-03-31 13:10:00,2011-11-23 14:52:00,15,4,5,2,245,Loyal Customers,15,False
12620.0,3,1339.41,2011-05-19 12:10:00,2011-11-25 10:20:00,14,2,4,2,224,At Risk,14,False
12621.0,20,13689.67,2010-12-09 10:16:00,2011-12-08 11:25:00,1,4,5,1,145,Loyal Customers,1,False
12622.0,1,180.1,2011-04-21 16:39:00,2011-04-21 16:39:00,231,1,1,5,511,One-Time Buyers,231,True
12623.0,1,305.1,2011-03-08 13:50:00,2011-03-08 13:50:00,275,1,2,5,512,One-Time Buyers,275,True
12624.0,2,641.13,2011-06-15 12:34:00,2011-08-25 15:04:00,105,1,3,4,413,One-Time Buyers,105,True
12625.0,2,2683.82,2011-01-24 13:27:00,2011-05-12 09:54:00,211,1,5,5,515,One-Time Buyers,211,True
12626.0,9,6620.48,2011-01-17 11:01:00,2011-11-16 16:06:00,22,4,5,2,245,Loyal Customers,22,False
12627.0,7,4478.53,2011-07-22 13:59:00,2011-11-29 12:07:00,10,4,5,1,145,Loyal Customers,10,False
12628.0,3,786.46,2011-10-06 09:28:00,2011-12-05 13:15:00,3,2,3,1,123,At Risk,3,False
12630.0,2,1270.88,2011-10-27 10:41:00,2011-11-30 10:48:00,9,1,4,1,114,At Risk,9,False
12631.0,1,640.5,2011-10-13 13:53:00,2011-10-13 13:53:00,56,1,3,3,313,One-Time Buyers,56,False
12633.0,4,2163.98,2011-02-25 08:44:00,2011-10-12 11:40:00,58,3,5,3,335,Regular,58,False
12635.0,2,1689.18,2011-07-08 08:43:00,2011-09-11 11:04:00,89,1,4,4,414,One-Time Buyers,89,False
12637.0,8,6021.9,2011-01-20 10:47:00,2011-10-03 13:46:00,66,4,5,3,345,Loyal Customers,66,False
12638.0,1,671.69,2011-11-06 13:11:00,2011-11-06 13:11:00,32,1,3,2,213,At Risk,32,False
12639.0,1,486.1,2011-04-15 12:48:00,2011-04-15 12:48:00,238,1,2,5,512,One-Time Buyers,238,True
12640.0,3,1174.58,2011-09-19 12:01:00,2011-11-16 11:52:00,23,2,4,2,224,At Risk,23,False
12641.0,1,185.9,2011-08-16 13:26:00,2011-08-16 13:26:00,114,1,1,4,411,One-Time Buyers,114,True
12642.0,3,1013.26,2011-08-24 09:23:00,2011-11-14 15:03:00,24,2,4,2,224,At Risk,24,False
12643.0,6,3344.64,2011-01-11 11:48:00,2011-08-03 12:56:00,127,3,5,4,435,Regular,127,True
12644.0,1,477.91,2011-08-02 10:33:00,2011-08-02 10:33:00,129,1,2,4,412,One-Time Buyers,129,True
12645.0,4,1775.18,2011-01-27 13:08:00,2011-11-06 12:38:00,33,3,4,3,334,Regular,33,False
12646.0,2,1346.97,2011-10-21 12:52:00,2011-12-05 10:14:00,4,1,4,1,114,At Risk,4,False
12647.0,12,3722.82,2010-12-05 14:02:00,2011-11-17 12:56:00,21,4,5,2,245,Loyal Customers,21,False
12648.0,1,318.05,2011-07-08 11:55:00,2011-07-08 11:55:00,154,1,2,4,412,One-Time Buyers,154,True
12649.0,3,623.51,2011-05-11 14:37:00,2011-08-24 14:41:00,106,2,3,4,423,Regular,106,True
12650.0,1,314.44,2011-12-06 16:34:00,2011-12-06 16:34:00,2,1,2,1,112,At Risk,2,False
12651.0,1,114.0,2011-01-09 12:46:00,2011-01-09 12:46:00,334,1,1,5,511,One-Time Buyers,334,True
12652.0,1,919.98,2011-01-12 15:00:00,2011-01-12 15:00:00,330,1,3,5,513,One-Time Buyers,330,True
12653.0,2,2209.85,2011-02-16 10:53:00,2011-07-14 10:41:00,148,1,5,4,415,One-Time Buyers,148,True
12654.0,5,601.98,2011-02-17 13:16:00,2011-11-29 10:10:00,10,3,3,1,133,At Risk,10,False
12656.0,5,4051.17,2011-04-20 09:20:00,2011-11-22 13:42:00,16,3,5,2,235,At Risk,16,False
12657.0,4,1643.18,2011-09-22 11:40:00,2011-11-28 15:47:00,10,3,4,1,134,At Risk,10,False
12658.0,1,686.05,2011-11-21 10:22:00,2011-11-21 10:22:00,18,1,3,2,213,At Risk,18,False
12659.0,1,91.68,2011-11-10 11:53:00,2011-11-10 11:53:00,29,1,1,2,211,At Risk,29,False
12660.0,1,245.1,2011-11-28 13:26:00,2011-11-28 13:26:00,10,1,1,1,111,At Risk,10,False
12662.0,11,3849.78,2010-12-01 13:04:00,2011-12-09 11:59:00,0,4,5,1,145,Loyal Customers,0,False
12664.0,9,4881.88,2011-01-21 11:42:00,2011-12-01 17:07:00,7,4,5,1,145,Loyal Customers,7,False
12665.0,1,63.0,2011-01-19 08:34:00,2011-01-19 08:34:00,324,1,1,5,511,One-Time Buyers,324,True
12667.0,1,620.13,2011-10-12 17:00:00,2011-10-12 17:00:00,57,1,3,3,313,One-Time Buyers,57,False
12668.0,4,3807.15,2010-12-19 12:46:00,2011-11-28 10:56:00,11,3,5,1,135,At Risk,11,False
12669.0,3,2744.0299999999997,2011-03-28 10:15:00,2011-07-12 09:54:00,150,2,5,4,425,Regular,150,True
12670.0,5,2996.05,2011-04-21 10:16:00,2011-11-29 15:23:00,9,3,5,1,135,At Risk,9,False
12672.0,1,225.89999999999998,2011-01-14 09:20:00,2011-01-14 09:20:00,329,1,1,5,511,One-Time Buyers,329,True
12673.0,2,610.52,2011-01-17 11:46:00,2011-12-04 13:55:00,4,1,3,1,113,At Risk,4,False
12674.0,4,1970.6,2011-05-16 09:10:00,2011-11-01 12:12:00,38,3,4,3,334,Regular,38,False
12676.0,6,1331.39,2011-02-01 15:41:00,2011-11-15 12:25:00,24,3,4,2,234,At Risk,24,False
12678.0,12,17628.46,2010-12-21 11:00:00,2011-10-28 13:04:00,41,4,5,3,345,Loyal Customers,41,False
12679.0,4,1113.02,2011-03-01 12:26:00,2011-10-12 12:30:00,58,3,4,3,334,Regular,58,False
12680.0,4,862.81,2011-08-18 15:44:00,2011-12-09 12:50:00,0,3,3,1,133,At Risk,0,False
12681.0,22,13787.54,2010-12-07 10:08:00,2011-11-25 11:33:00,14,4,5,2,245,Loyal Customers,14,False
12682.0,31,12288.22,2010-12-03 13:59:00,2011-12-06 10:00:00,3,4,5,1,145,Loyal Customers,3,False
12683.0,15,8476.57,2010-12-09 10:37:00,2011-12-05 16:31:00,3,4,5,1,145,Loyal Customers,3,False
12684.0,7,2283.63,2011-05-10 12:55:00,2011-12-02 09:53:00,7,4,5,1,145,Loyal Customers,7,False
12685.0,6,2863.08,2011-09-07 10:28:00,2011-11-11 13:46:00,27,3,5,2,235,At Risk,27,False
12686.0,1,89.14,2010-12-03 09:51:00,2010-12-03 09:51:00,371,1,1,5,511,One-Time Buyers,371,True
12688.0,1,4873.8099999999995,2011-08-18 08:49:00,2011-08-18 08:49:00,113,1,5,4,415,One-Time Buyers,113,True
12689.0,2,1247.61,2011-08-04 10:04:00,2011-11-14 08:31:00,25,1,4,2,214,At Risk,25,False
12690.0,1,389.01,2011-05-18 09:09:00,2011-05-18 09:09:00,205,1,2,5,512,One-Time Buyers,205,True
12691.0,6,1035.8,2010-12-17 14:46:00,2011-11-11 16:49:00,27,3,4,2,234,At Risk,27,False
12693.0,4,855.91,2011-01-24 12:58:00,2011-08-04 17:51:00,126,3,3,4,433,Regular,126,True
12694.0,2,869.67,2011-06-09 17:48:00,2011-09-30 13:06:00,69,1,3,3,313,One-Time Buyers,69,False
12695.0,4,582.1,2011-05-13 13:15:00,2011-12-02 13:22:00,6,3,3,1,133,At Risk,6,False
12697.0,3,957.59,2011-06-23 15:44:00,2011-11-11 08:47:00,28,2,4,2,224,At Risk,28,False
12700.0,4,4939.99,2011-05-08 16:10:00,2011-12-02 10:47:00,7,3,5,1,135,At Risk,7,False
12701.0,2,797.71,2011-04-11 13:02:00,2011-09-21 10:47:00,79,1,3,4,413,One-Time Buyers,79,False
12702.0,1,219.0,2011-11-20 10:36:00,2011-11-20 10:36:00,19,1,1,2,211,At Risk,19,False
12703.0,1,283.55,2011-09-29 17:52:00,2011-09-29 17:52:00,70,1,2,3,312,One-Time Buyers,70,False
12704.0,8,2340.84,2011-06-23 10:20:00,2011-12-02 13:15:00,6,4,5,1,145,Loyal Customers,6,False
12705.0,9,6868.29,2010-12-17 15:58:00,2011-11-24 13:17:00,14,4,5,2,245,Loyal Customers,14,False
12707.0,1,603.42,2011-02-21 08:38:00,2011-02-21 08:38:00,291,1,3,5,513,One-Time Buyers,291,True
12708.0,10,2712.91,2010-12-06 10:43:00,2011-11-10 09:52:00,29,4,5,2,245,Loyal Customers,29,False
12709.0,15,9736.52,2010-12-08 09:49:00,2011-11-24 15:38:00,14,4,5,2,245,Loyal Customers,14,False
12710.0,3,1149.02,2011-05-22 14:05:00,2011-09-04 12:00:00,96,2,4,4,424,Regular,96,True
12712.0,13,4396.13,2010-12-03 14:30:00,2011-11-11 08:19:00,28,4,5,2,245,Loyal Customers,28,False
12713.0,1,848.55,2011-12-09 12:16:00,2011-12-09 12:16:00,0,1,3,1,113,At Risk,0,False
12714.0,5,4708.86,2011-02-18 10:53:00,2011-11-30 15:43:00,8,3,5,1,135,At Risk,8,False
12715.0,1,353.86,2011-08-25 15:22:00,2011-08-25 15:22:00,105,1,2,4,412,One-Time Buyers,105,True
12716.0,2,1053.49,2011-07-29 13:28:00,2011-12-06 08:55:00,3,1,4,1,114,At Risk,3,False
12717.0,2,1030.98,2011-04-08 10:32:00,2011-07-11 14:47:00,150,1,4,4,414,One-Time Buyers,150,True
12718.0,1,238.25,2011-09-29 16:38:00,2011-09-29 16:38:00,70,1,1,3,311,One-Time Buyers,70,False
12719.0,2,644.95,2011-10-05 14:50:00,2011-12-04 13:45:00,4,1,3,1,113,At Risk,4,False
12720.0,25,5781.73,2010-12-05 15:21:00,2011-12-07 08:03:00,2,4,5,1,145,Loyal Customers,2,False
12721.0,6,2656.13,2010-12-20 11:38:00,2011-11-08 12:13:00,31,3,5,2,235,At Risk,31,False
12722.0,4,997.63,2011-07-12 11:55:00,2011-09-15 14:50:00,84,3,4,4,434,Regular,84,False
12723.0,5,725.07,2011-10-05 15:52:00,2011-12-06 10:19:00,3,3,3,1,133,At Risk,3,False
12724.0,4,1031.41,2011-01-11 15:00:00,2011-12-04 16:02:00,4,3,4,1,134,At Risk,4,False
12725.0,1,427.8,2010-12-03 15:45:00,2010-12-03 15:45:00,370,1,2,5,512,One-Time Buyers,370,True
12726.0,7,2609.1,2010-12-17 12:56:00,2011-11-11 13:35:00,27,4,5,2,245,Loyal Customers,27,False
12727.0,7,3980.7,2011-01-23 15:17:00,2011-11-29 11:46:00,10,4,5,1,145,Loyal Customers,10,False
12728.0,4,836.33,2011-01-11 13:31:00,2011-09-29 15:31:00,70,3,3,3,333,Regular,70,False
12729.0,1,453.01,2011-08-18 11:40:00,2011-08-18 11:40:00,113,1,2,4,412,One-Time Buyers,113,True
12731.0,12,18895.91,2010-12-10 10:56:00,2011-11-16 11:59:00,23,4,5,2,245,Loyal Customers,23,False
12732.0,1,236.26000000000002,2011-06-13 11:33:00,2011-06-13 11:33:00,179,1,1,5,511,One-Time Buyers,179,True
12733.0,1,383.95,2011-04-19 16:19:00,2011-04-19 16:19:00,233,1,2,5,512,One-Time Buyers,233,True
12734.0,1,110.39999999999999,2010-12-22 12:47:00,2010-12-22 12:47:00,352,1,1,5,511,One-Time Buyers,352,True
12735.0,2,779.5699999999999,2011-01-06 14:26:00,2011-01-28 13:37:00,314,1,3,5,513,One-Time Buyers,314,True
12736.0,1,234.0,2011-01-11 07:57:00,2011-01-11 07:57:00,332,1,1,5,511,One-Time Buyers,332,True
12738.0,1,155.35,2010-12-02 18:27:00,2010-12-02 18:27:00,371,1,1,5,511,One-Time Buyers,371,True
12739.0,2,1013.04,2011-09-01 17:45:00,2011-09-22 13:00:00,77,1,4,4,414,One-Time Buyers,77,False
12740.0,1,427.6,2011-10-07 10:44:00,2011-10-07 10:44:00,63,1,2,3,312,One-Time Buyers,63,False
12743.0,2,546.43,2011-07-28 16:06:00,2011-07-28 16:21:00,133,1,3,4,413,One-Time Buyers,133,True
12744.0,7,21279.29,2011-01-25 13:26:00,2011-10-19 11:18:00,51,4,5,3,345,Loyal Customers,51,False
12747.0,11,4196.01,2010-12-05 15:38:00,2011-12-07 14:34:00,1,4,5,1,145,Loyal Customers,1,False
12748.0,210,33719.73,2010-12-01 12:48:00,2011-12-09 12:20:00,0,4,5,1,145,Loyal Customers,0,False
12749.0,5,4090.88,2011-05-10 15:25:00,2011-12-06 09:56:00,3,3,5,1,135,At Risk,3,False
12750.0,1,275.88,2011-08-03 09:13:00,2011-08-03 09:13:00,128,1,2,4,412,One-Time Buyers,128,True
12752.0,1,4366.78,2011-09-19 13:32:00,2011-09-19 13:32:00,80,1,5,4,415,One-Time Buyers,80,False
12753.0,6,21429.39,2010-12-12 11:44:00,2011-11-17 10:52:00,22,3,5,2,235,At Risk,22,False
12754.0,3,3010.74,2011-02-04 10:31:00,2011-04-18 09:00:00,235,2,5,5,525,Regular,235,True
12755.0,2,3811.95,2010-12-09 10:44:00,2011-03-04 12:42:00,280,1,5,5,515,One-Time Buyers,280,True
12756.0,1,112.07999999999998,2011-09-14 09:31:00,2011-09-14 09:31:00,86,1,1,4,411,One-Time Buyers,86,False
12757.0,13,7857.1,2011-05-12 19:01:00,2011-11-24 12:30:00,15,4,5,2,245,Loyal Customers,15,False
12758.0,2,2791.59,2011-03-08 12:05:00,2011-08-15 10:22:00,116,1,5,4,415,One-Time Buyers,116,True
12759.0,3,1531.44,2011-03-09 08:09:00,2011-10-18 14:49:00,51,2,4,3,324,Regular,51,False
12762.0,2,1898.52,2011-11-14 14:23:00,2011-12-02 10:23:00,7,1,4,1,114,At Risk,7,False
12763.0,2,494.08,2010-12-05 15:46:00,2011-07-24 14:12:00,137,1,3,4,413,One-Time Buyers,137,True
12764.0,1,1693.88,2011-01-27 10:19:00,2011-01-27 10:19:00,316,1,4,5,514,One-Time Buyers,316,True
12766.0,7,6989.63,2010-12-08 13:53:00,2011-12-06 08:46:00,3,4,5,1,145,Loyal Customers,3,False
12769.0,1,1143.6,2011-04-15 10:25:00,2011-04-15 10:25:00,238,1,4,5,514,One-Time Buyers,238,True
12770.0,1,1351.45,2011-05-13 09:33:00,2011-05-13 09:33:00,210,1,4,5,514,One-Time Buyers,210,True
12772.0,1,892.47,2011-10-11 09:19:00,2011-10-11 09:19:00,59,1,3,3,313,One-Time Buyers,59,False
12775.0,5,1386.04,2011-02-01 13:45:00,2011-11-22 16:33:00,16,3,4,2,234,At Risk,16,False
12778.0,6,822.23,2011-01-31 14:35:00,2011-11-20 11:30:00,19,3,3,2,233,At Risk,19,False
12779.0,8,3981.36,2010-12-03 13:40:00,2011-11-02 11:43:00,37,4,5,3,345,Loyal Customers,37,False
12781.0,2,826.74,2011-02-28 08:43:00,2011-10-07 10:37:00,63,1,3,3,313,One-Time Buyers,63,False
12782.0,5,2330.92,2010-12-17 11:30:00,2011-12-05 09:16:00,4,3,5,1,135,At Risk,4,False
12783.0,6,2225.91,2011-09-25 15:35:00,2011-12-07 15:56:00,1,3,5,1,135,At Risk,1,False
12784.0,2,574.42,2011-11-24 12:53:00,2011-11-30 15:38:00,8,1,3,1,113,At Risk,8,False
12785.0,1,311.95,2010-12-10 13:48:00,2010-12-10 13:48:00,363,1,2,5,512,One-Time Buyers,363,True
12787.0,3,463.66,2011-05-31 09:36:00,2011-11-30 08:44:00,9,2,2,1,122,At Risk,9,False
12789.0,1,91.85,2011-10-05 13:34:00,2011-10-05 13:34:00,64,1,1,3,311,One-Time Buyers,64,False
12790.0,1,324.92,2011-05-31 14:14:00,2011-05-31 14:14:00,191,1,2,5,512,One-Time Buyers,191,True
12791.0,1,192.60000000000002,2010-12-01 11:27:00,2010-12-01 11:27:00,373,1,1,5,511,One-Time Buyers,373,True
12792.0,1,400.53999999999996,2011-03-28 11:36:00,2011-03-28 11:36:00,256,1,2,5,512,One-Time Buyers,256,True
12793.0,2,545.48,2010-12-03 15:14:00,2011-01-09 12:12:00,334,1,3,5,513,One-Time Buyers,334,True
12794.0,2,860.41,2011-09-02 12:01:00,2011-10-17 14:54:00,52,1,3,3,313,One-Time Buyers,52,False
12795.0,1,430.48,2011-11-21 10:27:00,2011-11-21 10:27:00,18,1,2,2,212,At Risk,18,False
12797.0,1,254.03,2010-12-09 10:55:00,2010-12-09 10:55:00,365,1,2,5,512,One-Time Buyers,365,True
12798.0,3,6977.04,2011-06-22 10:11:00,2011-11-29 15:52:00,9,2,5,1,125,At Risk,9,False
12802.0,1,427.58,2011-06-06 09:36:00,2011-06-06 09:36:00,186,1,2,5,512,One-Time Buyers,186,True
12808.0,3,483.65000000000003,2010-12-06 10:27:00,2011-11-03 10:05:00,36,2,2,3,322,Regular,36,False
12809.0,1,489.31,2011-06-15 10:51:00,2011-06-15 10:51:00,177,1,2,4,412,One-Time Buyers,177,True
12811.0,3,514.85,2011-02-28 15:39:00,2011-03-24 09:42:00,260,2,3,5,523,Regular,260,True
12812.0,1,229.64000000000001,2011-10-26 09:54:00,2011-10-26 09:54:00,44,1,1,3,311,One-Time Buyers,44,False
12814.0,1,125.92,2011-08-30 12:11:00,2011-08-30 12:11:00,101,1,1,4,411,One-Time Buyers,101,True
12815.0,2,1063.46,2011-05-25 13:34:00,2011-07-15 10:21:00,147,1,4,4,414,One-Time Buyers,147,True
12816.0,2,572.2,2011-06-16 13:24:00,2011-09-05 12:41:00,95,1,3,4,413,One-Time Buyers,95,True
12817.0,1,166.04,2011-03-03 16:28:00,2011-03-03 16:28:00,280,1,1,5,511,One-Time Buyers,280,True
12818.0,1,1542.08,2011-03-23 12:06:00,2011-03-23 12:06:00,261,1,4,5,514,One-Time Buyers,261,True
12820.0,4,942.34,2011-01-17 12:34:00,2011-12-06 15:12:00,2,3,4,1,134,At Risk,2,False
12821.0,1,92.72,2011-05-09 15:51:00,2011-05-09 15:51:00,213,1,1,5,511,One-Time Buyers,213,True
12822.0,2,948.88,2011-09-13 13:46:00,2011-09-30 10:04:00,70,1,4,3,314,One-Time Buyers,70,False
12823.0,5,1759.5,2011-02-16 12:15:00,2011-09-26 07:35:00,74,3,4,4,434,Regular,74,False
12824.0,1,397.12,2011-10-11 12:49:00,2011-10-11 12:49:00,59,1,2,3,312,One-Time Buyers,59,False
12826.0,7,1474.72,2010-12-09 15:21:00,2011-12-07 10:25:00,2,4,4,1,144,Loyal Customers,2,False
12827.0,3,430.15000000000003,2011-10-26 15:44:00,2011-12-04 12:17:00,5,2,2,1,122,At Risk,5,False
12828.0,6,1018.71,2011-08-01 16:16:00,2011-12-07 08:45:00,2,3,4,1,134,At Risk,2,False
12829.0,2,293.0,2010-12-14 14:54:00,2011-01-07 11:13:00,336,1,2,5,512,One-Time Buyers,336,True
12830.0,6,6814.64,2011-06-21 10:53:00,2011-11-02 11:54:00,37,3,5,3,335,Regular,37,False
12831.0,1,215.05,2011-03-22 13:02:00,2011-03-22 13:02:00,261,1,1,5,511,One-Time Buyers,261,True
12832.0,2,383.03,2011-09-02 13:48:00,2011-11-07 13:30:00,31,1,2,2,212,At Risk,31,False
12833.0,1,417.38,2011-07-17 13:46:00,2011-07-17 13:46:00,144,1,2,4,412,One-Time Buyers,144,True
12834.0,1,312.38,2011-03-02 09:49:00,2011-03-02 09:49:00,282,1,2,5,512,One-Time Buyers,282,True
12836.0,4,2612.86,2011-02-01 11:19:00,2011-10-11 15:10:00,58,3,5,3,335,Regular,58,False
12837.0,1,134.1,2011-06-19 16:07:00,2011-06-19 16:07:00,172,1,1,4,411,One-Time Buyers,172,True
12838.0,2,683.13,2010-12-01 11:57:00,2011-11-06 12:20:00,33,1,3,3,313,One-Time Buyers,33,False
12839.0,14,5591.42,2010-12-07 15:48:00,2011-12-07 12:33:00,2,4,5,1,145,Loyal Customers,2,False
12840.0,4,2726.77,2011-04-27 12:21:00,2011-07-19 09:29:00,143,3,5,4,435,Regular,143,True
12841.0,25,4022.35,2010-12-03 10:43:00,2011-12-05 11:13:00,4,4,5,1,145,Loyal Customers,4,False
12842.0,2,1118.99,2011-02-04 12:36:00,2011-09-30 15:33:00,69,1,4,3,314,One-Time Buyers,69,False
12843.0,8,1702.26,2011-03-20 14:38:00,2011-10-05 12:09:00,65,4,4,3,344,Loyal Customers,65,False
12844.0,2,325.96000000000004,2011-08-01 13:11:00,2011-11-10 13:31:00,28,1,2,2,212,At Risk,28,False
12845.0,4,354.09,2011-02-22 14:10:00,2011-03-17 13:34:00,266,3,2,5,532,Regular,266,True
12847.0,1,871.54,2011-11-17 13:16:00,2011-11-17 13:16:00,21,1,3,2,213,At Risk,21,False
12849.0,2,1050.8899999999999,2011-03-16 12:26:00,2011-11-08 13:41:00,30,1,4,2,214,At Risk,30,False
12851.0,1,135.18,2011-09-04 12:41:00,2011-09-04 12:41:00,96,1,1,4,411,One-Time Buyers,96,True
12852.0,1,311.55,2011-02-18 08:47:00,2011-02-18 08:47:00,294,1,2,5,512,One-Time Buyers,294,True
12853.0,6,1957.1000000000001,2011-01-28 10:28:00,2011-07-28 11:29:00,134,3,4,4,434,Regular,134,True
12854.0,3,1324.5,2011-01-25 13:35:00,2011-09-22 12:15:00,78,2,4,4,424,Regular,78,False
12855.0,1,38.1,2010-12-02 09:37:00,2010-12-02 09:37:00,372,1,1,5,511,One-Time Buyers,372,True
12856.0,6,2179.93,2011-10-07 12:38:00,2011-12-02 10:52:00,7,3,5,1,135,At Risk,7,False
12857.0,2,1106.4,2011-02-10 12:32:00,2011-05-13 10:20:00,210,1,4,5,514,One-Time Buyers,210,True
12863.0,1,521.2,2011-10-18 14:15:00,2011-10-18 14:15:00,51,1,3,3,313,One-Time Buyers,51,False
12864.0,1,147.12,2011-07-24 13:03:00,2011-07-24 13:03:00,137,1,1,4,411,One-Time Buyers,137,True
12865.0,2,1568.23,2011-08-08 10:11:00,2011-11-13 14:31:00,25,1,4,2,214,At Risk,25,False
12866.0,1,559.12,2011-03-01 14:11:00,2011-03-01 14:11:00,282,1,3,5,513,One-Time Buyers,282,True
12867.0,7,4036.82,2010-12-14 16:39:00,2011-11-13 15:30:00,25,4,5,2,245,Loyal Customers,25,False
12868.0,6,1607.0600000000002,2010-12-01 12:50:00,2011-06-07 10:42:00,185,3,4,5,534,Regular,185,True
12871.0,2,380.64,2011-05-16 13:32:00,2011-09-16 15:07:00,83,1,2,4,412,One-Time Buyers,83,False
12872.0,2,599.97,2010-12-09 14:44:00,2011-01-17 10:52:00,326,1,3,5,513,One-Time Buyers,326,True
12873.0,1,374.0,2011-03-02 14:58:00,2011-03-02 14:58:00,281,1,2,5,512,One-Time Buyers,281,True
12875.0,2,343.2300000000001,2010-12-12 12:03:00,2011-07-19 15:30:00,142,1,2,4,412,One-Time Buyers,142,True
12876.0,2,2218.02,2011-05-27 13:34:00,2011-10-13 12:26:00,57,1,5,3,315,One-Time Buyers,57,False
12877.0,12,1535.77,2010-12-16 12:23:00,2011-12-06 10:30:00,3,4,4,1,144,Loyal Customers,3,False
12878.0,2,854.99,2011-03-18 14:02:00,2011-04-17 13:07:00,235,1,3,5,513,One-Time Buyers,235,True
12879.0,3,573.22,2011-09-09 12:11:00,2011-10-26 12:24:00,44,2,3,3,323,Regular,44,False
12881.0,1,298.0,2011-03-09 11:44:00,2011-03-09 11:44:00,275,1,2,5,512,One-Time Buyers,275,True
12882.0,2,1463.04,2011-11-06 11:22:00,2011-11-30 16:18:00,8,1,4,1,114,At Risk,8,False
12883.0,4,703.47,2011-09-11 15:18:00,2011-11-15 09:32:00,24,3,3,2,233,At Risk,24,False
12884.0,1,309.05,2011-09-12 13:10:00,2011-09-12 13:10:00,87,1,2,4,412,One-Time Buyers,87,False
12885.0,3,1175.22,2011-08-08 11:45:00,2011-10-07 13:40:00,62,2,4,3,324,Regular,62,False
12886.0,2,1378.4,2011-05-04 11:21:00,2011-10-03 10:09:00,67,1,4,3,314,One-Time Buyers,67,False
12888.0,2,354.12,2011-03-29 14:31:00,2011-05-09 16:02:00,213,1,2,5,512,One-Time Buyers,213,True
12890.0,1,380.46999999999997,2011-11-15 17:26:00,2011-11-15 17:26:00,23,1,2,2,212,At Risk,23,False
12891.0,3,331.0,2011-02-20 11:28:00,2011-06-07 12:31:00,185,2,2,5,522,Regular,185,True
12893.0,1,188.14,2011-11-09 12:34:00,2011-11-09 12:34:00,30,1,1,2,211,At Risk,30,False
12895.0,2,372.8,2011-09-14 08:35:00,2011-10-28 13:51:00,41,1,2,3,312,One-Time Buyers,41,False
12897.0,2,216.5,2011-02-11 11:40:00,2011-05-19 12:13:00,204,1,1,5,511,One-Time Buyers,204,True
12901.0,28,17654.54,2011-03-14 10:41:00,2011-12-01 10:07:00,8,4,5,1,145,Loyal Customers,8,False
12902.0,1,138.68,2011-03-20 12:06:00,2011-03-20 12:06:00,264,1,1,5,511,One-Time Buyers,264,True
12904.0,2,509.58,2011-06-20 13:18:00,2011-11-21 14:34:00,17,1,3,2,213,At Risk,17,False
12906.0,5,2919.81,2011-09-22 15:03:00,2011-11-28 09:55:00,11,3,5,1,135,At Risk,11,False
12908.0,2,750.0,2011-01-31 12:37:00,2011-06-16 15:39:00,175,1,3,4,413,One-Time Buyers,175,True
12909.0,5,2178.67,2011-03-31 12:51:00,2011-10-31 12:43:00,39,3,5,3,335,Regular,39,False
12910.0,8,3075.04,2011-04-12 10:01:00,2011-11-16 14:28:00,22,4,5,2,245,Loyal Customers,22,False
12912.0,5,1662.3,2011-10-30 11:35:00,2011-12-07 08:55:00,2,3,4,1,134,At Risk,2,False
12913.0,5,2483.63,2010-12-06 16:36:00,2011-12-05 12:11:00,4,3,5,1,135,At Risk,4,False
12915.0,2,363.65,2010-12-02 12:33:00,2011-07-14 11:34:00,148,1,2,4,412,One-Time Buyers,148,True
12916.0,4,3006.15,2011-01-23 10:43:00,2011-07-24 10:35:00,138,3,5,4,435,Regular,138,True
12917.0,1,594.0,2011-08-03 16:42:00,2011-08-03 16:42:00,127,1,3,4,413,One-Time Buyers,127,True
12919.0,6,1335.19,2011-06-23 09:22:00,2011-12-01 13:47:00,7,3,4,1,134,At Risk,7,False
12920.0,1,164.23,2011-11-22 15:05:00,2011-11-22 15:05:00,16,1,1,2,211,At Risk,16,False
12921.0,37,16587.09,2010-12-01 15:06:00,2011-11-30 16:22:00,8,4,5,1,145,Loyal Customers,8,False
12922.0,1,405.38,2011-07-01 15:35:00,2011-07-01 15:35:00,160,1,2,4,412,One-Time Buyers,160,True
12923.0,1,176.97,2011-10-06 16:20:00,2011-10-06 16:20:00,63,1,1,3,311,One-Time Buyers,63,False
12924.0,4,933.7,2011-01-16 11:49:00,2011-09-12 13:55:00,87,3,3,4,433,Regular,87,False
12925.0,2,694.05,2011-09-26 11:05:00,2011-12-05 11:11:00,4,1,3,1,113,At Risk,4,False
12928.0,5,2062.7000000000003,2010-12-15 15:45:00,2011-11-04 14:24:00,34,3,5,3,335,Regular,34,False
12929.0,1,117.85,2011-02-01 12:08:00,2011-02-01 12:08:00,311,1,1,5,511,One-Time Buyers,311,True
12930.0,2,415.8,2011-06-21 13:25:00,2011-09-22 15:18:00,77,1,2,4,412,One-Time Buyers,77,False
12931.0,15,42055.96,2010-12-17 09:45:00,2011-11-18 12:39:00,21,4,5,2,245,Loyal Customers,21,False
12933.0,3,607.53,2011-03-01 11:30:00,2011-11-15 16:38:00,23,2,3,2,223,At Risk,23,False
12935.0,7,2160.7,2011-01-24 13:58:00,2011-12-07 17:25:00,1,4,5,1,145,Loyal Customers,1,False
12936.0,4,1063.9,2011-09-22 13:51:00,2011-11-22 17:32:00,16,3,4,2,234,At Risk,16,False
12937.0,4,1504.27,2011-03-17 14:19:00,2011-11-24 15:05:00,14,3,4,2,234,At Risk,14,False
12938.0,1,114.14,2011-11-14 11:21:00,2011-11-14 11:21:00,25,1,1,2,211,At Risk,25,False
12939.0,8,11581.8,2011-01-09 11:20:00,2011-10-06 14:33:00,63,4,5,3,345,Loyal Customers,63,False
12940.0,2,913.54,2011-09-13 10:16:00,2011-10-16 12:09:00,54,1,3,3,313,One-Time Buyers,54,False
12942.0,3,683.9,2010-12-09 09:34:00,2011-07-31 14:39:00,130,2,3,4,423,Regular,130,True
12944.0,2,604.51,2010-12-20 10:41:00,2011-11-04 11:04:00,35,1,3,3,313,One-Time Buyers,35,False
12945.0,1,462.95,2011-02-24 14:15:00,2011-02-24 14:15:00,287,1,2,5,512,One-Time Buyers,287,True
12947.0,6,1603.99,2010-12-01 16:21:00,2011-07-19 10:06:00,143,3,4,4,434,Regular,143,True
12948.0,7,2064.95,2011-03-20 10:17:00,2011-11-23 17:10:00,15,4,5,2,245,Loyal Customers,15,False
12949.0,8,4167.22,2011-04-01 13:20:00,2011-11-09 11:25:00,30,4,5,2,245,Loyal Customers,30,False
12950.0,3,1843.0,2011-11-15 13:48:00,2011-12-07 13:17:00,1,2,4,1,124,At Risk,1,False
12951.0,6,1064.07,2011-01-13 10:33:00,2011-12-01 12:14:00,8,3,4,1,134,At Risk,8,False
12952.0,4,1387.79,2011-09-22 16:37:00,2011-12-04 10:35:00,5,3,4,1,134,At Risk,5,False
12953.0,1,329.85,2011-11-30 09:24:00,2011-11-30 09:24:00,9,1,2,1,112,At Risk,9,False
12955.0,11,4757.16,2011-03-17 09:03:00,2011-12-08 16:29:00,0,4,5,1,145,Loyal Customers,0,False
12956.0,1,108.07,2011-02-06 16:08:00,2011-02-06 16:08:00,305,1,1,5,511,One-Time Buyers,305,True
12957.0,8,4017.54,2011-01-04 12:18:00,2011-11-30 09:53:00,9,4,5,1,145,Loyal Customers,9,False
12962.0,2,266.39,2011-08-18 13:38:00,2011-12-02 15:55:00,6,1,2,1,112,At Risk,6,False
12963.0,8,1856.63,2010-12-09 09:14:00,2011-12-01 12:55:00,7,4,4,1,144,Loyal Customers,7,False
12965.0,1,771.91,2011-09-11 15:31:00,2011-09-11 15:31:00,88,1,3,4,413,One-Time Buyers,88,False
12966.0,1,160.18,2011-11-30 12:38:00,2011-11-30 12:38:00,9,1,1,1,111,At Risk,9,False
12967.0,2,1660.9,2010-12-03 09:49:00,2010-12-16 19:10:00,357,1,4,5,514,One-Time Buyers,357,True
12968.0,1,135.95,2011-08-19 15:44:00,2011-08-19 15:44:00,111,1,1,4,411,One-Time Buyers,111,True
12970.0,4,452.24,2011-01-21 14:04:00,2011-12-02 14:30:00,6,3,2,1,132,At Risk,6,False
12971.0,86,11189.91,2010-12-02 16:42:00,2011-12-06 12:20:00,3,4,5,1,145,Loyal Customers,3,False
12974.0,1,144.8,2011-05-26 09:33:00,2011-05-26 09:33:00,197,1,1,5,511,One-Time Buyers,197,True
12976.0,1,738.6,2011-05-12 09:55:00,2011-05-12 09:55:00,211,1,3,5,513,One-Time Buyers,211,True
12977.0,1,39.239999999999995,2011-07-06 16:40:00,2011-07-06 16:40:00,155,1,1,4,411,One-Time Buyers,155,True
12980.0,9,7374.900000000001,2010-12-16 11:36:00,2011-07-05 09:34:00,157,4,5,4,445,Champions,157,True
12981.0,2,372.21999999999997,2011-07-29 14:14:00,2011-11-10 12:00:00,29,1,2,2,212,At Risk,29,False
12982.0,1,390.54,2011-04-11 11:51:00,2011-04-11 11:51:00,242,1,2,5,512,One-Time Buyers,242,True
12984.0,1,97.5,2011-11-21 12:37:00,2011-11-21 12:37:00,18,1,1,2,211,At Risk,18,False
12985.0,2,1239.38,2011-11-11 12:44:00,2011-12-09 10:46:00,0,1,4,1,114,At Risk,0,False
12987.0,2,558.7,2011-05-26 12:00:00,2011-09-27 12:03:00,73,1,3,4,413,One-Time Buyers,73,False
12988.0,1,535.32,2011-02-20 14:31:00,2011-02-20 14:31:00,291,1,3,5,513,One-Time Buyers,291,True
12989.0,15,6924.110000000001,2010-12-10 13:24:00,2011-12-06 15:28:00,2,4,5,1,145,Loyal Customers,2,False
12990.0,3,409.5,2011-02-02 15:39:00,2011-11-08 13:01:00,30,2,2,2,222,At Risk,30,False
12991.0,2,503.76,2011-08-19 14:39:00,2011-11-16 15:34:00,22,1,3,2,213,At Risk,22,False
12993.0,4,414.76,2011-02-14 14:29:00,2011-11-16 15:49:00,22,3,2,2,232,At Risk,22,False
12994.0,3,974.4200000000001,2011-03-16 08:31:00,2011-12-05 15:43:00,3,2,4,1,124,At Risk,3,False
12995.0,1,211.32,2011-09-15 15:44:00,2011-09-15 15:44:00,84,1,1,4,411,One-Time Buyers,84,False
12997.0,4,1226.89,2011-01-26 15:49:00,2011-11-17 15:47:00,21,3,4,2,234,At Risk,21,False
12999.0,3,455.88,2011-04-08 10:26:00,2011-05-27 13:24:00,195,2,2,5,522,Regular,195,True
13000.0,3,534.85,2010-12-10 10:26:00,2011-08-25 10:43:00,106,2,3,4,423,Regular,106,True
13001.0,13,9818.82,2011-01-17 12:45:00,2011-12-05 14:51:00,3,4,5,1,145,Loyal Customers,3,False
13002.0,1,120.94999999999999,2011-01-25 15:18:00,2011-01-25 15:18:00,317,1,1,5,511,One-Time Buyers,317,True
13003.0,3,149.05,2011-05-09 08:23:00,2011-08-26 10:50:00,105,2,1,4,421,Regular,105,True
13004.0,18,5655.91,2010-12-17 08:20:00,2011-11-28 11:27:00,11,4,5,1,145,Loyal Customers,11,False
13005.0,2,513.7,2011-04-07 13:32:00,2011-06-19 10:53:00,173,1,3,4,413,One-Time Buyers,173,True
13006.0,1,81.57,2011-10-14 13:49:00,2011-10-14 13:49:00,55,1,1,3,311,One-Time Buyers,55,False
13008.0,1,229.46999999999997,2011-01-20 14:24:00,2011-01-20 14:24:00,322,1,1,5,511,One-Time Buyers,322,True
13011.0,1,50.550000000000004,2010-12-02 17:22:00,2010-12-02 17:22:00,371,1,1,5,511,One-Time Buyers,371,True
13012.0,8,1661.8400000000001,2011-02-18 09:43:00,2011-11-30 13:05:00,8,4,4,1,144,Loyal Customers,8,False
13013.0,13,4810.9400000000005,2010-12-03 12:28:00,2011-12-08 15:01:00,0,4,5,1,145,Loyal Customers,0,False
13014.0,10,3466.2799999999997,2011-03-03 18:28:00,2011-11-29 12:27:00,10,4,5,1,145,Loyal Customers,10,False
13015.0,5,3346.28,2011-04-04 14:28:00,2011-10-17 13:19:00,52,3,5,3,335,Regular,52,False
13016.0,3,789.89,2011-08-08 15:00:00,2011-09-27 14:08:00,72,2,3,4,423,Regular,72,False
13017.0,1,204.0,2011-12-02 15:53:00,2011-12-02 15:53:00,6,1,1,1,111,At Risk,6,False
13018.0,28,7277.7,2011-02-17 11:05:00,2011-11-23 13:28:00,15,4,5,2,245,Loyal Customers,15,False
13021.0,9,2616.38,2010-12-16 10:12:00,2011-12-05 16:37:00,3,4,5,1,145,Loyal Customers,3,False
13023.0,2,689.9,2011-08-02 09:34:00,2011-10-06 16:27:00,63,1,3,3,313,One-Time Buyers,63,False
13026.0,5,975.36,2011-03-09 11:35:00,2011-12-08 16:58:00,0,3,4,1,134,At Risk,0,False
13027.0,6,6912.0,2010-12-20 12:45:00,2011-08-18 09:39:00,113,3,5,4,435,Regular,113,True
13028.0,2,661.3199999999999,2011-10-25 14:09:00,2011-11-17 11:10:00,22,1,3,2,213,At Risk,22,False
13029.0,3,1247.5,2010-12-21 13:53:00,2011-11-09 09:13:00,30,2,4,2,224,At Risk,30,False
13030.0,2,799.48,2010-12-06 14:31:00,2011-11-28 14:30:00,10,1,3,1,113,At Risk,10,False
13032.0,2,1010.18,2011-09-13 16:40:00,2011-10-18 15:54:00,51,1,4,3,314,One-Time Buyers,51,False
13033.0,1,190.55,2010-12-17 14:23:00,2010-12-17 14:23:00,356,1,1,5,511,One-Time Buyers,356,True
13034.0,2,642.77,2010-12-05 14:52:00,2011-10-16 12:21:00,54,1,3,3,313,One-Time Buyers,54,False
13035.0,2,921.88,2011-03-24 09:21:00,2011-09-27 08:57:00,73,1,3,4,413,One-Time Buyers,73,False
13037.0,3,881.07,2011-03-28 15:42:00,2011-07-24 15:46:00,137,2,3,4,423,Regular,137,True
13038.0,3,908.46,2011-02-22 11:43:00,2011-09-20 14:37:00,79,2,3,4,423,Regular,79,False
13040.0,2,676.99,2011-11-06 13:53:00,2011-12-01 10:38:00,8,1,3,1,113,At Risk,8,False
13043.0,1,516.42,2011-03-11 14:52:00,2011-03-11 14:52:00,272,1,3,5,513,One-Time Buyers,272,True
13044.0,1,560.47,2011-02-21 15:20:00,2011-02-21 15:20:00,290,1,3,5,513,One-Time Buyers,290,True
13045.0,1,305.28000000000003,2011-09-01 15:04:00,2011-09-01 15:04:00,98,1,2,4,412,One-Time Buyers,98,True
13046.0,2,629.31,2011-03-18 15:43:00,2011-11-09 08:36:00,30,1,3,2,213,At Risk,30,False
13047.0,10,3237.54,2010-12-01 08:34:00,2011-11-08 12:06:00,31,4,5,2,245,Loyal Customers,31,False
13048.0,4,1835.91,2011-01-16 14:36:00,2011-11-25 13:23:00,13,3,4,2,234,At Risk,13,False
13049.0,2,656.6800000000001,2011-01-25 16:33:00,2011-10-06 15:31:00,63,1,3,3,313,One-Time Buyers,63,False
13050.0,17,5836.86,2010-12-08 09:30:00,2011-11-25 09:18:00,14,4,5,2,245,Loyal Customers,14,False
13052.0,1,348.15000000000003,2011-05-11 14:12:00,2011-05-11 14:12:00,211,1,2,5,512,One-Time Buyers,211,True
13055.0,3,1214.41,2011-05-10 08:58:00,2011-09-22 14:26:00,77,2,4,4,424,Regular,77,False
13058.0,3,271.40000000000003,2011-07-11 12:01:00,2011-11-15 12:43:00,24,2,2,2,222,At Risk,24,False
13059.0,1,183.4,2011-04-04 10:40:00,2011-04-04 10:40:00,249,1,1,5,511,One-Time Buyers,249,True
13060.0,1,307.53,2011-03-31 11:37:00,2011-03-31 11:37:00,253,1,2,5,512,One-Time Buyers,253,True
13061.0,1,248.61,2011-09-28 16:04:00,2011-09-28 16:04:00,71,1,1,3,311,One-Time Buyers,71,False
13062.0,1,346.98,2011-06-01 15:12:00,2011-06-01 15:12:00,190,1,2,5,512,One-Time Buyers,190,True
13064.0,4,1119.49,2011-01-16 13:41:00,2011-11-27 12:31:00,12,3,4,1,134,At Risk,12,False
13065.0,1,205.86,2010-12-01 16:52:00,2010-12-01 16:52:00,372,1,1,5,511,One-Time Buyers,372,True
13066.0,2,470.8,2011-11-07 17:06:00,2011-11-15 12:57:00,23,1,2,2,212,At Risk,23,False
13067.0,1,115.46000000000001,2011-09-18 13:38:00,2011-09-18 13:38:00,81,1,1,4,411,One-Time Buyers,81,False
13068.0,2,344.0,2011-01-24 08:20:00,2011-11-29 15:00:00,9,1,2,1,112,At Risk,9,False
13069.0,24,4436.12,2010-12-05 11:02:00,2011-12-09 08:39:00,0,4,5,1,145,Loyal Customers,0,False
13070.0,1,228.8,2011-05-31 13:45:00,2011-05-31 13:45:00,191,1,1,5,511,One-Time Buyers,191,True
13072.0,1,177.15,2011-03-18 08:12:00,2011-03-18 08:12:00,266,1,1,5,511,One-Time Buyers,266,True
13075.0,1,919.61,2011-08-02 10:19:00,2011-08-02 10:19:00,129,1,3,4,413,One-Time Buyers,129,True
13077.0,4,729.27,2010-12-08 14:59:00,2011-12-08 19:24:00,0,3,3,1,133,At Risk,0,False
13078.0,26,12627.94,2010-12-08 09:07:00,2011-12-06 15:36:00,2,4,5,1,145,Loyal Customers,2,False
13079.0,5,220.10000000000002,2011-07-22 14:41:00,2011-12-05 16:53:00,3,3,1,1,131,At Risk,3,False
13080.0,1,58.08,2011-06-13 14:59:00,2011-06-13 14:59:00,178,1,1,4,411,One-Time Buyers,178,True
13081.0,11,28337.38,2010-12-03 17:20:00,2011-11-28 10:54:00,11,4,5,1,145,Loyal Customers,11,False
13082.0,9,3613.63,2011-01-05 15:42:00,2011-08-05 16:16:00,125,4,5,4,445,Champions,125,True
13083.0,2,303.75,2011-09-25 10:46:00,2011-12-05 15:01:00,3,1,2,1,112,At Risk,3,False
13085.0,2,416.08000000000004,2011-02-17 13:57:00,2011-07-05 12:11:00,157,1,2,4,412,One-Time Buyers,157,True
13089.0,97,58825.83,2010-12-05 10:27:00,2011-12-07 09:02:00,2,4,5,1,145,Loyal Customers,2,False
13090.0,14,8910.82,2010-12-02 07:48:00,2011-12-01 12:39:00,8,4,5,1,145,Loyal Customers,8,False
13091.0,1,345.82,2011-11-11 15:54:00,2011-11-11 15:54:00,27,1,2,2,212,At Risk,27,False
13092.0,5,477.83,2010-12-15 12:27:00,2011-09-30 11:18:00,70,3,2,3,332,Regular,70,False
13093.0,8,7832.47,2010-12-01 15:00:00,2011-03-09 12:14:00,275,4,5,5,545,Champions,275,True
13094.0,12,1927.3200000000002,2010-12-06 10:34:00,2011-11-18 14:07:00,20,4,4,2,244,Loyal Customers,20,False
13095.0,1,74.39999999999999,2011-09-30 12:03:00,2011-09-30 12:03:00,70,1,1,3,311,One-Time Buyers,70,False
13097.0,10,6010.42,2010-12-14 15:13:00,2011-11-07 10:43:00,32,4,5,2,245,Loyal Customers,32,False
13098.0,28,28882.44,2011-01-26 13:46:00,2011-12-08 14:14:00,0,4,5,1,145,Loyal Customers,0,False
13099.0,1,207.35999999999999,2011-09-01 17:40:00,2011-09-01 17:40:00,98,1,1,4,411,One-Time Buyers,98,True
13101.0,1,101.19,2011-04-19 14:37:00,2011-04-19 14:37:00,233,1,1,5,511,One-Time Buyers,233,True
13102.0,24,6424.09,2010-12-09 13:38:00,2011-12-08 12:52:00,0,4,5,1,145,Loyal Customers,0,False
13103.0,1,243.94,2011-10-31 09:38:00,2011-10-31 09:38:00,39,1,1,3,311,One-Time Buyers,39,False
13104.0,6,1098.48,2010-12-20 11:58:00,2011-12-06 13:10:00,2,3,4,1,134,At Risk,2,False
13106.0,1,76.5,2011-07-29 15:12:00,2011-07-29 15:12:00,132,1,1,4,411,One-Time Buyers,132,True
13107.0,4,1531.6200000000001,2011-01-10 12:28:00,2011-10-26 14:52:00,43,3,4,3,334,Regular,43,False
13108.0,1,350.06,2010-12-02 10:35:00,2010-12-02 10:35:00,372,1,2,5,512,One-Time Buyers,372,True
13109.0,2,786.54,2011-07-05 14:56:00,2011-10-11 10:16:00,59,1,3,3,313,One-Time Buyers,59,False
13110.0,7,1488.67,2011-02-01 15:24:00,2011-11-08 14:30:00,30,4,4,2,244,Loyal Customers,30,False
13113.0,24,12245.960000000001,2010-12-08 13:21:00,2011-12-09 12:49:00,0,4,5,1,145,Loyal Customers,0,False
13115.0,4,2294.78,2011-06-08 16:15:00,2011-11-28 12:38:00,11,3,5,1,135,At Risk,11,False
13116.0,1,501.14,2011-07-24 14:33:00,2011-07-24 14:33:00,137,1,3,4,413,One-Time Buyers,137,True
13117.0,8,984.91,2010-12-02 13:11:00,2011-11-18 12:02:00,21,4,4,2,244,Loyal Customers,21,False
13118.0,5,1197.81,2011-02-24 12:32:00,2011-11-20 12:46:00,19,3,4,2,234,At Risk,19,False
13120.0,1,30.599999999999998,2011-04-15 10:19:00,2011-04-15 10:19:00,238,1,1,5,511,One-Time Buyers,238,True
13121.0,1,283.73,2011-03-15 16:47:00,2011-03-15 16:47:00,268,1,2,5,512,One-Time Buyers,268,True
13122.0,2,922.39,2011-04-13 14:12:00,2011-09-06 15:53:00,93,1,3,4,413,One-Time Buyers,93,True
13124.0,3,3866.33,2010-12-15 15:00:00,2011-09-11 12:45:00,89,2,5,4,425,Regular,89,False
13126.0,8,2099.64,2010-12-08 11:42:00,2011-12-05 10:00:00,4,4,5,1,145,Loyal Customers,4,False
13127.0,1,259.17,2011-09-23 10:26:00,2011-09-23 10:26:00,77,1,2,4,412,One-Time Buyers,77,False
13130.0,1,64.0,2011-09-06 15:30:00,2011-09-06 15:30:00,93,1,1,4,411,One-Time Buyers,93,True
13131.0,3,1073.3,2011-06-05 10:54:00,2011-11-16 13:21:00,22,2,4,2,224,At Risk,22,False
13132.0,1,77.3,2011-03-23 12:44:00,2011-03-23 12:44:00,261,1,1,5,511,One-Time Buyers,261,True
13133.0,2,109.8,2011-02-08 15:48:00,2011-03-11 10:31:00,273,1,1,5,511,One-Time Buyers,273,True
13134.0,4,1793.58,2011-04-13 12:57:00,2011-09-15 10:35:00,85,3,4,4,434,Regular,85,False
13135.0,1,3096.0,2011-05-27 10:52:00,2011-05-27 10:52:00,196,1,5,5,515,One-Time Buyers,196,True
13136.0,5,2607.61,2011-05-11 12:47:00,2011-10-14 13:41:00,55,3,5,3,335,Regular,55,False
13137.0,8,3650.41,2011-02-04 11:54:00,2011-11-29 12:09:00,10,4,5,1,145,Loyal Customers,10,False
13138.0,6,962.39,2010-12-02 15:03:00,2011-11-17 16:51:00,21,3,4,2,234,At Risk,21,False
13139.0,7,5064.94,2011-03-25 11:57:00,2011-11-23 13:54:00,15,4,5,2,245,Loyal Customers,15,False
13140.0,3,423.72,2010-12-08 15:12:00,2011-08-23 15:33:00,107,2,2,4,422,Regular,107,True
13141.0,5,2388.75,2011-01-28 13:04:00,2011-09-16 09:54:00,84,3,5,4,435,Regular,84,False
13142.0,1,307.09,2011-11-20 16:07:00,2011-11-20 16:07:00,18,1,2,2,212,At Risk,18,False
13144.0,1,110.95,2011-01-11 11:15:00,2011-01-11 11:15:00,332,1,1,5,511,One-Time Buyers,332,True
13145.0,4,618.52,2010-12-02 18:06:00,2011-10-31 12:45:00,39,3,3,3,333,Regular,39,False
13146.0,1,228.91,2011-11-13 15:29:00,2011-11-13 15:29:00,25,1,1,2,211,At Risk,25,False
13147.0,4,712.8000000000001,2011-09-01 12:28:00,2011-11-29 13:59:00,9,3,3,1,133,At Risk,9,False
13148.0,12,3707.12,2010-12-10 13:06:00,2011-11-10 15:23:00,28,4,5,2,245,Loyal Customers,28,False
13149.0,4,1676.06,2011-02-23 13:57:00,2011-11-25 13:09:00,13,3,4,2,234,At Risk,13,False
13151.0,1,1257.8700000000001,2011-02-17 12:29:00,2011-02-17 12:29:00,295,1,4,5,514,One-Time Buyers,295,True
13153.0,1,486.22,2011-12-04 12:14:00,2011-12-04 12:14:00,5,1,2,1,112,At Risk,5,False
13155.0,4,971.76,2010-12-06 12:44:00,2011-11-06 15:41:00,32,3,4,2,234,At Risk,32,False
13157.0,4,1741.22,2011-02-14 14:03:00,2011-10-21 13:50:00,48,3,4,3,334,Regular,48,False
13158.0,4,1201.06,2011-01-25 09:58:00,2011-09-06 11:58:00,94,3,4,4,434,Regular,94,True
13159.0,4,1437.85,2011-08-16 11:44:00,2011-12-01 11:20:00,8,3,4,1,134,At Risk,8,False
13160.0,1,91.8,2011-11-17 13:07:00,2011-11-17 13:07:00,21,1,1,2,211,At Risk,21,False
13161.0,1,112.75,2011-01-30 14:03:00,2011-01-30 14:03:00,312,1,1,5,511,One-Time Buyers,312,True
13162.0,4,1688.29,2011-01-09 10:43:00,2011-08-09 15:59:00,121,3,4,4,434,Regular,121,True
13165.0,2,1021.48,2010-12-23 14:06:00,2011-10-24 15:05:00,45,1,4,3,314,One-Time Buyers,45,False
13166.0,1,417.2,2011-03-01 15:16:00,2011-03-01 15:16:00,282,1,2,5,512,One-Time Buyers,282,True
13167.0,4,791.33,2011-07-19 12:13:00,2011-11-21 12:24:00,18,3,3,2,233,At Risk,18,False
13168.0,4,1319.19,2011-01-25 13:55:00,2011-11-03 12:56:00,35,3,4,3,334,Regular,35,False
13169.0,2,712.88,2011-04-01 14:24:00,2011-10-07 12:11:00,63,1,3,3,313,One-Time Buyers,63,False
13170.0,1,116.00999999999999,2011-11-13 12:19:00,2011-11-13 12:19:00,26,1,1,2,211,At Risk,26,False
13171.0,3,468.41,2011-02-13 14:16:00,2011-11-18 10:27:00,21,2,2,2,222,At Risk,21,False
13173.0,2,353.65,2010-12-07 14:30:00,2011-12-05 15:51:00,3,1,2,1,112,At Risk,3,False
13174.0,3,2817.03,2010-12-05 16:24:00,2011-11-23 14:35:00,15,2,5,2,225,At Risk,15,False
13176.0,1,492.84,2011-10-24 15:43:00,2011-10-24 15:43:00,45,1,3,3,313,One-Time Buyers,45,False
13177.0,1,282.45,2011-10-06 09:56:00,2011-10-06 09:56:00,64,1,2,3,312,One-Time Buyers,64,False
13178.0,11,5725.47,2010-12-14 12:22:00,2011-11-13 16:14:00,25,4,5,2,245,Loyal Customers,25,False
13182.0,1,121.18,2011-10-25 13:46:00,2011-10-25 13:46:00,44,1,1,3,311,One-Time Buyers,44,False
13183.0,9,3957.78,2011-01-09 10:50:00,2011-12-02 10:30:00,7,4,5,1,145,Loyal Customers,7,False
13184.0,10,1701.29,2011-02-22 17:25:00,2011-11-25 12:02:00,14,4,4,2,244,Loyal Customers,14,False
13185.0,1,71.4,2011-03-17 11:56:00,2011-03-17 11:56:00,267,1,1,5,511,One-Time Buyers,267,True
13186.0,3,1575.89,2011-08-03 09:09:00,2011-10-31 11:40:00,39,2,4,3,324,Regular,39,False
13187.0,1,236.02,2011-01-06 18:57:00,2011-01-06 18:57:00,336,1,1,5,511,One-Time Buyers,336,True
13188.0,1,114.60000000000001,2011-11-28 15:28:00,2011-11-28 15:28:00,10,1,1,1,111,At Risk,10,False
13189.0,2,260.68,2011-08-16 13:12:00,2011-11-21 10:39:00,18,1,2,2,212,At Risk,18,False
13192.0,2,911.94,2011-05-18 14:57:00,2011-09-05 14:13:00,94,1,3,4,413,One-Time Buyers,94,True
13193.0,1,117.88,2011-10-09 14:30:00,2011-10-09 14:30:00,60,1,1,3,311,One-Time Buyers,60,False
13194.0,1,60.7,2011-07-27 09:01:00,2011-07-27 09:01:00,135,1,1,4,411,One-Time Buyers,135,True
13196.0,4,1797.78,2011-03-22 14:24:00,2011-11-28 13:54:00,10,3,4,1,134,At Risk,10,False
13198.0,6,3401.2400000000002,2010-12-13 09:29:00,2011-11-29 15:17:00,9,3,5,1,135,At Risk,9,False
13199.0,38,9817.12,2010-12-08 10:51:00,2011-12-06 12:30:00,3,4,5,1,145,Loyal Customers,3,False
13200.0,4,870.09,2011-08-05 14:50:00,2011-11-20 15:35:00,18,3,3,2,233,At Risk,18,False
13203.0,4,869.46,2011-04-11 14:40:00,2011-11-30 10:45:00,9,3,3,1,133,At Risk,9,False
13207.0,2,250.26000000000002,2011-07-12 11:35:00,2011-11-24 14:52:00,14,1,2,2,212,At Risk,14,False
13208.0,6,1223.9,2011-02-03 19:32:00,2011-10-12 09:54:00,58,3,4,3,334,Regular,58,False
13209.0,8,5891.61,2010-12-13 10:31:00,2011-11-09 13:54:00,29,4,5,2,245,Loyal Customers,29,False
13210.0,1,353.48,2011-09-07 08:18:00,2011-09-07 08:18:00,93,1,2,4,412,One-Time Buyers,93,True
13211.0,3,1197.42,2010-12-13 16:17:00,2011-11-29 14:43:00,9,2,4,1,124,At Risk,9,False
13212.0,3,788.08,2011-10-09 14:48:00,2011-11-20 12:40:00,19,2,3,2,223,At Risk,19,False
13213.0,5,1520.58,2011-05-24 12:22:00,2011-10-14 11:42:00,56,3,4,3,334,Regular,56,False
13216.0,1,333.74,2011-03-17 12:18:00,2011-03-17 12:18:00,267,1,2,5,512,One-Time Buyers,267,True
13217.0,3,533.98,2011-07-06 12:08:00,2011-08-09 15:32:00,121,2,3,4,423,Regular,121,True
13218.0,1,62.63999999999999,2011-08-04 16:59:00,2011-08-04 16:59:00,126,1,1,4,411,One-Time Buyers,126,True
13220.0,4,819.2900000000001,2011-04-17 10:59:00,2011-09-22 13:38:00,77,3,3,4,433,Regular,77,False
13221.0,2,847.41,2010-12-15 13:24:00,2011-04-13 16:58:00,239,1,3,5,513,One-Time Buyers,239,True
13223.0,2,163.20000000000002,2011-04-21 15:16:00,2011-05-23 13:03:00,199,1,1,5,511,One-Time Buyers,199,True
13224.0,2,2155.95,2011-07-11 14:10:00,2011-10-10 14:55:00,59,1,5,3,315,One-Time Buyers,59,False
13225.0,7,6463.84,2010-12-13 09:49:00,2011-12-06 13:29:00,2,4,5,1,145,Loyal Customers,2,False
13226.0,1,108.21000000000001,2011-03-11 14:35:00,2011-03-11 14:35:00,272,1,1,5,511,One-Time Buyers,272,True
13227.0,1,257.7,2011-05-22 11:47:00,2011-05-22 11:47:00,201,1,2,5,512,One-Time Buyers,201,True
13228.0,1,358.0,2011-09-19 14:28:00,2011-09-19 14:28:00,80,1,2,4,412,One-Time Buyers,80,False
13229.0,1,160.95,2011-04-28 12:07:00,2011-04-28 12:07:00,225,1,1,5,511,One-Time Buyers,225,True
13230.0,14,2806.97,2010-12-09 19:28:00,2011-12-05 16:03:00,3,4,5,1,145,Loyal Customers,3,False
13232.0,7,1357.6,2011-04-10 13:48:00,2011-11-27 10:39:00,12,4,4,1,144,Loyal Customers,12,False
13233.0,2,605.12,2011-01-07 14:49:00,2011-09-26 13:25:00,73,1,3,4,413,One-Time Buyers,73,False
13235.0,1,1031.07,2011-05-11 17:13:00,2011-05-11 17:13:00,211,1,4,5,514,One-Time Buyers,211,True
13236.0,2,744.85,2011-08-25 08:58:00,2011-11-15 12:50:00,24,1,3,2,213,At Risk,24,False
13238.0,4,700.73,2010-12-14 14:37:00,2011-11-22 15:37:00,16,3,3,2,233,At Risk,16,False
13239.0,1,329.56,2011-03-23 10:25:00,2011-03-23 10:25:00,261,1,2,5,512,One-Time Buyers,261,True
13240.0,4,663.65,2010-12-09 12:49:00,2011-09-04 14:08:00,95,3,3,4,433,Regular,95,True
13242.0,3,270.40000000000003,2011-05-10 12:26:00,2011-08-19 12:53:00,111,2,2,4,422,Regular,111,True
13243.0,1,600.07,2011-05-20 13:14:00,2011-05-20 13:14:00,202,1,3,5,513,One-Time Buyers,202,True
13244.0,1,121.74000000000001,2011-09-08 11:46:00,2011-09-08 11:46:00,92,1,1,4,411,One-Time Buyers,92,True
13245.0,1,430.5,2011-10-20 11:40:00,2011-10-20 11:40:00,50,1,2,3,312,One-Time Buyers,50,False
13246.0,6,1987.3,2011-01-13 13:36:00,2011-11-21 16:50:00,17,3,4,2,234,At Risk,17,False
13247.0,4,501.12,2011-09-18 11:31:00,2011-11-22 10:59:00,17,3,3,2,233,At Risk,17,False
13248.0,2,465.68,2011-06-03 13:05:00,2011-08-07 12:40:00,124,1,2,4,412,One-Time Buyers,124,True
13249.0,3,711.41,2011-03-23 15:26:00,2011-09-08 13:26:00,91,2,3,4,423,Regular,91,True
13253.0,2,1030.4,2011-01-04 15:43:00,2011-07-06 10:09:00,156,1,4,4,414,One-Time Buyers,156,True
13255.0,2,399.51,2010-12-01 11:58:00,2011-11-30 13:14:00,8,1,2,1,112,At Risk,8,False
13256.0,1,0.0,2011-11-25 15:57:00,2011-11-25 15:57:00,13,1,1,2,211,At Risk,13,False
13258.0,3,698.58,2011-05-18 13:11:00,2011-11-28 09:31:00,11,2,3,1,123,At Risk,11,False
13259.0,1,292.32,2011-10-09 10:48:00,2011-10-09 10:48:00,61,1,2,3,312,One-Time Buyers,61,False
13260.0,1,557.62,2011-10-09 13:21:00,2011-10-09 13:21:00,60,1,3,3,313,One-Time Buyers,60,False
13261.0,2,944.1,2011-02-27 10:41:00,2011-03-16 12:22:00,268,1,4,5,514,One-Time Buyers,268,True
13262.0,1,200.29,2011-03-21 15:06:00,2011-03-21 15:06:00,262,1,1,5,511,One-Time Buyers,262,True
13263.0,35,7454.07,2011-01-18 16:31:00,2011-12-08 13:59:00,0,4,5,1,145,Loyal Customers,0,False
13265.0,5,2107.66,2011-03-11 09:54:00,2011-10-17 15:02:00,52,3,5,3,335,Regular,52,False
13266.0,12,3834.2599999999998,2011-03-28 10:14:00,2011-11-28 14:39:00,10,4,5,1,145,Loyal Customers,10,False
13267.0,19,4521.49,2010-12-08 09:20:00,2011-12-07 11:12:00,2,4,5,1,145,Loyal Customers,2,False
13268.0,11,3214.69,2011-03-17 13:20:00,2011-11-22 11:51:00,17,4,5,2,245,Loyal Customers,17,False
13269.0,15,5346.2300000000005,2010-12-05 11:51:00,2011-12-08 14:53:00,0,4,5,1,145,Loyal Customers,0,False
13270.0,1,590.0,2010-12-08 14:53:00,2010-12-08 14:53:00,365,1,3,5,513,One-Time Buyers,365,True
13271.0,1,217.38,2011-11-02 14:31:00,2011-11-02 14:31:00,36,1,1,3,311,One-Time Buyers,36,False
13272.0,2,276.56,2011-09-11 12:06:00,2011-11-08 14:00:00,30,1,2,2,212,At Risk,30,False
13273.0,1,138.98,2011-08-18 14:02:00,2011-08-18 14:02:00,112,1,1,4,411,One-Time Buyers,112,True
13276.0,2,590.9300000000001,2011-09-01 10:03:00,2011-10-07 12:44:00,63,1,3,3,313,One-Time Buyers,63,False
13277.0,4,258.4,2011-07-29 10:06:00,2011-11-24 09:21:00,15,3,2,2,232,At Risk,15,False
13278.0,1,542.73,2011-10-30 11:49:00,2011-10-30 11:49:00,40,1,3,3,313,One-Time Buyers,40,False
13279.0,1,137.75,2011-09-22 17:24:00,2011-09-22 17:24:00,77,1,1,4,411,One-Time Buyers,77,False
13280.0,3,814.86,2011-01-06 17:10:00,2011-08-09 13:14:00,121,2,3,4,423,Regular,121,True
13282.0,3,1132.14,2011-05-03 12:03:00,2011-11-21 15:33:00,17,2,4,2,224,At Risk,17,False
13283.0,2,93.66,2011-06-07 12:39:00,2011-10-11 09:50:00,59,1,1,3,311,One-Time Buyers,59,False
13284.0,1,201.19,2011-01-13 09:23:00,2011-01-13 09:23:00,330,1,1,5,511,One-Time Buyers,330,True
13285.0,4,2709.12,2011-02-22 17:13:00,2011-11-16 13:19:00,22,3,5,2,235,At Risk,22,False
13291.0,1,361.11,2011-07-07 10:36:00,2011-07-07 10:36:00,155,1,2,4,412,One-Time Buyers,155,True
13292.0,2,578.9399999999999,2011-02-28 15:00:00,2011-11-01 10:04:00,38,1,3,3,313,One-Time Buyers,38,False
13294.0,2,873.74,2011-04-04 12:37:00,2011-06-03 08:54:00,189,1,3,5,513,One-Time Buyers,189,True
13295.0,1,201.20000000000002,2010-12-15 11:21:00,2010-12-15 11:21:00,359,1,1,5,511,One-Time Buyers,359,True
13296.0,1,87.4,2011-07-25 13:46:00,2011-07-25 13:46:00,136,1,1,4,411,One-Time Buyers,136,True
13297.0,4,2089.85,2011-10-03 15:08:00,2011-12-02 09:32:00,7,3,5,1,135,At Risk,7,False
13298.0,1,360.0,2011-12-08 13:11:00,2011-12-08 13:11:00,0,1,2,1,112,At Risk,0,False
13299.0,1,142.5,2011-03-16 12:55:00,2011-03-16 12:55:00,267,1,1,5,511,One-Time Buyers,267,True
13300.0,1,371.89,2011-06-23 13:09:00,2011-06-23 13:09:00,168,1,2,4,412,One-Time Buyers,168,True
13301.0,4,618.09,2011-02-20 13:13:00,2011-08-28 11:25:00,103,3,3,4,433,Regular,103,True
13302.0,1,63.75,2011-07-07 17:56:00,2011-07-07 17:56:00,154,1,1,4,411,One-Time Buyers,154,True
13304.0,1,300.42,2010-12-23 14:35:00,2010-12-23 14:35:00,350,1,2,5,512,One-Time Buyers,350,True
13305.0,10,2000.86,2010-12-02 12:10:00,2011-12-05 15:15:00,3,4,4,1,144,Loyal Customers,3,False
13307.0,1,15.0,2011-08-11 17:14:00,2011-08-11 17:14:00,119,1,1,4,411,One-Time Buyers,119,True
13308.0,3,1385.51,2011-05-20 13:13:00,2011-11-17 09:31:00,22,2,4,2,224,At Risk,22,False
13309.0,5,1456.79,2011-02-04 12:29:00,2011-12-02 16:34:00,6,3,4,1,134,At Risk,6,False
13310.0,3,1132.03,2011-01-19 14:50:00,2011-11-11 17:23:00,27,2,4,2,224,At Risk,27,False
13311.0,2,598.57,2011-07-12 14:26:00,2011-12-05 12:55:00,3,1,3,1,113,At Risk,3,False
13313.0,5,1555.32,2011-01-04 10:00:00,2011-11-17 16:48:00,21,3,4,2,234,At Risk,21,False
13314.0,3,775.94,2011-09-27 10:20:00,2011-12-08 12:29:00,1,2,3,1,123,At Risk,1,False
13316.0,4,5977.7300000000005,2011-03-30 13:01:00,2011-11-02 13:40:00,36,3,5,3,335,Regular,36,False
13317.0,6,2273.68,2010-12-16 09:22:00,2011-10-04 13:35:00,65,3,5,3,335,Regular,65,False
13318.0,3,640.76,2011-11-02 13:26:00,2011-12-08 18:51:00,0,2,3,1,123,At Risk,0,False
13319.0,26,10845.550000000001,2010-12-09 10:04:00,2011-12-04 13:34:00,4,4,5,1,145,Loyal Customers,4,False
13320.0,4,1548.7,2011-05-10 10:29:00,2011-09-22 18:07:00,77,3,4,4,434,Regular,77,False
13321.0,2,567.36,2011-09-14 15:18:00,2011-09-28 15:24:00,71,1,3,3,313,One-Time Buyers,71,False
13322.0,1,199.48000000000002,2011-11-22 14:21:00,2011-11-22 14:21:00,16,1,1,2,211,At Risk,16,False
13323.0,5,787.85,2011-09-16 13:23:00,2011-12-06 17:12:00,2,3,3,1,133,At Risk,2,False
13324.0,10,7121.95,2010-12-14 09:50:00,2011-11-03 16:28:00,35,4,5,3,345,Loyal Customers,35,False
13325.0,1,675.3,2011-09-19 10:36:00,2011-09-19 10:36:00,81,1,3,4,413,One-Time Buyers,81,False
13327.0,8,3627.77,2010-12-09 15:32:00,2011-11-01 10:21:00,38,4,5,3,345,Loyal Customers,38,False
13328.0,1,1308.48,2011-01-27 15:22:00,2011-01-27 15:22:00,315,1,4,5,514,One-Time Buyers,315,True
13329.0,2,789.0,2010-12-08 10:11:00,2011-11-08 10:29:00,31,1,3,2,213,At Risk,31,False
13330.0,3,1140.93,2011-01-28 10:08:00,2011-09-08 12:27:00,92,2,4,4,424,Regular,92,True
13332.0,1,350.9,2011-11-25 13:30:00,2011-11-25 13:30:00,13,1,2,2,212,At Risk,13,False
13334.0,3,3536.82,2011-02-07 11:42:00,2011-09-18 15:21:00,81,2,5,4,425,Regular,81,False
13336.0,1,795.12,2011-09-23 14:05:00,2011-09-23 14:05:00,76,1,3,4,413,One-Time Buyers,76,False
13338.0,1,487.02,2011-07-05 09:06:00,2011-07-05 09:06:00,157,1,2,4,412,One-Time Buyers,157,True
13339.0,1,860.12,2011-05-23 08:31:00,2011-05-23 08:31:00,200,1,3,5,513,One-Time Buyers,200,True
13340.0,7,10736.48,2011-03-08 11:39:00,2011-10-25 13:15:00,44,4,5,3,345,Loyal Customers,44,False
13341.0,1,775.85,2011-03-24 09:50:00,2011-03-24 09:50:00,260,1,3,5,513,One-Time Buyers,260,True
13343.0,1,353.43,2011-06-15 12:24:00,2011-06-15 12:24:00,177,1,2,4,412,One-Time Buyers,177,True
13344.0,3,2543.72,2011-03-07 10:28:00,2011-10-03 09:45:00,67,2,5,3,325,Regular,67,False
13345.0,1,389.5,2011-02-25 09:01:00,2011-02-25 09:01:00,287,1,2,5,512,One-Time Buyers,287,True
13347.0,1,341.36,2011-09-30 13:28:00,2011-09-30 13:28:00,69,1,2,3,312,One-Time Buyers,69,False
13348.0,1,233.76,2011-10-06 17:28:00,2011-10-06 17:28:00,63,1,1,3,311,One-Time Buyers,63,False
13349.0,1,247.32,2011-11-29 08:07:00,2011-11-29 08:07:00,10,1,1,1,111,At Risk,10,False
13350.0,2,979.12,2011-09-21 13:33:00,2011-11-23 16:33:00,15,1,4,2,214,At Risk,15,False
13351.0,1,373.94,2011-10-04 12:55:00,2011-10-04 12:55:00,65,1,2,3,312,One-Time Buyers,65,False
13352.0,1,397.97999999999996,2011-10-10 13:55:00,2011-10-10 13:55:00,59,1,2,3,312,One-Time Buyers,59,False
13354.0,1,743.53,2011-09-29 13:17:00,2011-09-29 13:17:00,70,1,3,3,313,One-Time Buyers,70,False
13355.0,1,674.7,2011-08-09 14:48:00,2011-08-09 14:48:00,121,1,3,4,413,One-Time Buyers,121,True
13356.0,1,768.24,2011-09-20 14:33:00,2011-09-20 14:33:00,79,1,3,4,413,One-Time Buyers,79,False
13357.0,1,609.95,2011-03-27 13:56:00,2011-03-27 13:56:00,256,1,3,5,513,One-Time Buyers,256,True
13358.0,1,439.03,2011-03-16 11:52:00,2011-03-16 11:52:00,268,1,2,5,512,One-Time Buyers,268,True
13359.0,1,439.56,2011-10-07 09:30:00,2011-10-07 09:30:00,63,1,2,3,312,One-Time Buyers,63,False
13362.0,4,3090.7400000000002,2011-02-25 11:33:00,2011-11-30 14:41:00,8,3,5,1,135,At Risk,8,False
13363.0,2,992.5,2011-10-27 10:46:00,2011-11-22 12:40:00,17,1,4,2,214,At Risk,17,False
13364.0,1,134.95999999999998,2011-09-29 18:13:00,2011-09-29 18:13:00,70,1,1,3,311,One-Time Buyers,70,False
13365.0,2,2225.37,2011-05-06 12:00:00,2011-11-06 12:36:00,33,1,5,3,315,One-Time Buyers,33,False
13366.0,1,56.160000000000004,2011-10-20 13:37:00,2011-10-20 13:37:00,49,1,1,3,311,One-Time Buyers,49,False
13368.0,2,623.4,2011-01-06 12:32:00,2011-03-28 09:59:00,256,1,3,5,513,One-Time Buyers,256,True
13369.0,1,308.28000000000003,2010-12-09 11:30:00,2010-12-09 11:30:00,365,1,2,5,512,One-Time Buyers,365,True
13370.0,1,754.87,2010-12-03 10:26:00,2010-12-03 10:26:00,371,1,3,5,513,One-Time Buyers,371,True
13372.0,1,378.64,2011-09-11 12:46:00,2011-09-11 12:46:00,89,1,2,4,412,One-Time Buyers,89,False
13373.0,3,3312.25,2011-03-08 14:35:00,2011-10-10 10:51:00,60,2,5,3,325,Regular,60,False
13375.0,1,778.65,2011-09-12 10:19:00,2011-09-12 10:19:00,88,1,3,4,413,One-Time Buyers,88,False
13376.0,3,1019.76,2011-04-19 13:03:00,2011-09-01 16:16:00,98,2,4,4,424,Regular,98,True
13379.0,3,572.56,2011-07-26 12:26:00,2011-11-13 13:45:00,25,2,3,2,223,At Risk,25,False
13381.0,6,3639.31,2011-02-14 10:10:00,2011-11-08 11:58:00,31,3,5,2,235,At Risk,31,False
13382.0,1,222.99,2011-03-04 10:03:00,2011-03-04 10:03:00,280,1,1,5,511,One-Time Buyers,280,True
13384.0,7,4151.93,2011-06-14 12:47:00,2011-11-09 11:04:00,30,4,5,2,245,Loyal Customers,30,False
13385.0,1,534.57,2011-01-14 09:52:00,2011-01-14 09:52:00,329,1,3,5,513,One-Time Buyers,329,True
13388.0,2,677.1,2011-07-31 12:52:00,2011-07-31 12:52:00,130,1,3,4,413,One-Time Buyers,130,True
13389.0,3,797.96,2011-04-21 12:12:00,2011-11-28 14:01:00,10,2,3,1,123,At Risk,10,False
13390.0,1,544.08,2011-09-26 08:38:00,2011-09-26 08:38:00,74,1,3,4,413,One-Time Buyers,74,False
13391.0,1,59.8,2011-05-20 10:50:00,2011-05-20 10:50:00,203,1,1,5,511,One-Time Buyers,203,True
13394.0,8,2520.02,2011-02-03 10:39:00,2011-12-08 11:36:00,1,4,5,1,145,Loyal Customers,1,False
13395.0,1,307.72,2011-06-07 15:04:00,2011-06-07 15:04:00,184,1,2,5,512,One-Time Buyers,184,True
13396.0,2,1360.99,2011-01-24 13:37:00,2011-11-10 16:59:00,28,1,4,2,214,At Risk,28,False
13397.0,5,1544.13,2011-01-04 13:50:00,2011-09-28 10:56:00,72,3,4,4,434,Regular,72,False
13398.0,1,457.34,2011-05-31 13:17:00,2011-05-31 13:17:00,191,1,2,5,512,One-Time Buyers,191,True
13402.0,2,621.23,2010-12-02 17:12:00,2011-08-04 15:51:00,126,1,3,4,413,One-Time Buyers,126,True
13403.0,1,75.0,2011-11-22 08:28:00,2011-11-22 08:28:00,17,1,1,2,211,At Risk,17,False
13404.0,2,252.49,2011-05-11 11:57:00,2011-12-08 15:37:00,0,1,2,1,112,At Risk,0,False
13405.0,3,572.451,2011-01-26 09:27:00,2011-09-26 17:01:00,73,2,3,4,423,Regular,73,False
13408.0,62,28117.04,2010-12-01 10:39:00,2011-12-08 09:05:00,1,4,5,1,145,Loyal Customers,1,False
13410.0,5,1003.06,2011-02-21 14:38:00,2011-11-15 15:33:00,23,3,4,2,234,At Risk,23,False
13411.0,1,213.55,2011-08-24 13:57:00,2011-08-24 13:57:00,106,1,1,4,411,One-Time Buyers,106,True
13414.0,3,1390.5,2011-02-16 12:13:00,2011-07-29 11:45:00,133,2,4,4,424,Regular,133,True
13416.0,2,712.5,2011-09-19 14:43:00,2011-10-27 08:56:00,43,1,3,3,313,One-Time Buyers,43,False
13417.0,2,640.83,2011-05-18 16:26:00,2011-12-05 08:49:00,4,1,3,1,113,At Risk,4,False
13418.0,18,6127.43,2010-12-02 10:45:00,2011-11-28 10:23:00,11,4,5,1,145,Loyal Customers,11,False
13419.0,1,221.06,2011-10-07 12:49:00,2011-10-07 12:49:00,63,1,1,3,311,One-Time Buyers,63,False
13420.0,2,159.85,2011-06-22 11:35:00,2011-07-13 08:48:00,149,1,1,4,411,One-Time Buyers,149,True
13421.0,2,1851.08,2011-02-22 15:46:00,2011-10-30 14:21:00,39,1,4,3,314,One-Time Buyers,39,False
13422.0,1,2626.3,2011-10-06 13:42:00,2011-10-06 13:42:00,63,1,5,3,315,One-Time Buyers,63,False
13425.0,3,1624.21,2011-02-18 08:34:00,2011-08-23 17:13:00,107,2,4,4,424,Regular,107,True
13426.0,10,3641.32,2010-12-15 12:43:00,2011-12-09 08:59:00,0,4,5,1,145,Loyal Customers,0,False
13427.0,3,582.6,2011-05-08 15:58:00,2011-11-20 13:02:00,18,2,3,2,223,At Risk,18,False
13428.0,1,218.47,2011-11-29 14:20:00,2011-11-29 14:20:00,9,1,1,1,111,At Risk,9,False
13429.0,4,1006.8,2011-09-25 15:59:00,2011-11-29 09:10:00,10,3,4,1,134,At Risk,10,False
13430.0,2,679.45,2011-09-14 14:26:00,2011-11-21 08:19:00,18,1,3,2,213,At Risk,18,False
13431.0,2,1269.1,2011-09-12 11:25:00,2011-10-03 13:49:00,66,1,4,3,314,One-Time Buyers,66,False
13434.0,2,534.24,2011-09-04 10:35:00,2011-09-26 14:30:00,73,1,3,4,413,One-Time Buyers,73,False
13435.0,7,3809.8900000000003,2011-06-03 17:07:00,2011-12-04 14:45:00,4,4,5,1,145,Loyal Customers,4,False
13436.0,1,196.89,2011-12-08 10:33:00,2011-12-08 10:33:00,1,1,1,1,111,At Risk,1,False
13437.0,7,3408.06,2011-06-02 14:30:00,2011-11-25 14:00:00,13,4,5,2,245,Loyal Customers,13,False
13439.0,1,283.71,2011-03-29 14:20:00,2011-03-29 14:20:00,254,1,2,5,512,One-Time Buyers,254,True
13441.0,1,296.64,2011-09-09 09:38:00,2011-09-09 09:38:00,91,1,2,4,412,One-Time Buyers,91,True
13447.0,3,1129.14,2011-11-04 10:10:00,2011-11-16 13:38:00,22,2,4,2,224,At Risk,22,False
13448.0,6,3539.37,2010-12-01 10:52:00,2011-11-23 12:33:00,16,3,5,2,235,At Risk,16,False
13449.0,1,291.88,2011-11-16 08:28:00,2011-11-16 08:28:00,23,1,2,2,212,At Risk,23,False
13450.0,6,2043.7199999999998,2011-05-05 19:48:00,2011-11-13 11:54:00,26,3,4,2,234,At Risk,26,False
13451.0,5,2976.15,2011-01-09 15:35:00,2011-11-13 15:58:00,25,3,5,2,235,At Risk,25,False
13452.0,2,590.0,2011-03-14 11:38:00,2011-03-25 14:19:00,258,1,3,5,513,One-Time Buyers,258,True
13453.0,2,356.97999999999996,2011-02-23 09:44:00,2011-06-27 09:34:00,165,1,2,4,412,One-Time Buyers,165,True
13455.0,2,1058.34,2010-12-08 13:11:00,2011-11-15 11:21:00,24,1,4,2,214,At Risk,24,False
13456.0,6,1766.72,2011-05-16 15:34:00,2011-11-22 09:18:00,17,3,4,2,234,At Risk,17,False
13458.0,14,9646.57,2010-12-15 12:05:00,2011-12-02 15:29:00,6,4,5,1,145,Loyal Customers,6,False
13460.0,2,183.44,2011-10-21 09:50:00,2011-11-10 17:17:00,28,1,1,2,211,At Risk,28,False
13461.0,3,1445.0,2011-06-29 10:23:00,2011-11-01 09:01:00,38,2,4,3,324,Regular,38,False
13462.0,1,151.5,2011-04-01 11:20:00,2011-04-01 11:20:00,252,1,1,5,511,One-Time Buyers,252,True
13464.0,1,674.68,2011-10-12 15:01:00,2011-10-12 15:01:00,57,1,3,3,313,One-Time Buyers,57,False
13466.0,1,307.9,2011-06-08 16:39:00,2011-06-08 16:39:00,183,1,2,5,512,One-Time Buyers,183,True
13467.0,2,1083.71,2011-11-03 16:56:00,2011-11-29 10:01:00,10,1,4,1,114,At Risk,10,False
13468.0,37,5704.97,2010-12-01 15:08:00,2011-12-08 10:39:00,1,4,5,1,145,Loyal Customers,1,False
13470.0,2,165.0,2011-08-16 17:06:00,2011-09-01 14:57:00,98,1,1,4,411,One-Time Buyers,98,True
13471.0,4,2531.58,2011-10-23 13:10:00,2011-12-08 15:44:00,0,3,5,1,135,At Risk,0,False
13473.0,2,422.64,2011-01-11 08:45:00,2011-10-10 11:20:00,60,1,2,3,312,One-Time Buyers,60,False
13474.0,1,229.59,2011-04-17 13:53:00,2011-04-17 13:53:00,235,1,1,5,511,One-Time Buyers,235,True
13475.0,4,1431.78,2011-02-14 12:36:00,2011-06-01 13:52:00,190,3,4,5,534,Regular,190,True
13476.0,2,1238.47,2011-03-03 14:43:00,2011-06-14 12:00:00,178,1,4,4,414,One-Time Buyers,178,True
13477.0,6,1454.58,2011-02-21 12:29:00,2011-11-02 12:04:00,37,3,4,3,334,Regular,37,False
13479.0,2,300.95,2011-04-19 11:27:00,2011-05-23 10:45:00,200,1,2,5,512,One-Time Buyers,200,True
13481.0,5,1804.56,2011-03-28 09:07:00,2011-10-25 09:07:00,45,3,4,3,334,Regular,45,False
13482.0,1,184.64,2011-04-21 17:03:00,2011-04-21 17:03:00,231,1,1,5,511,One-Time Buyers,231,True
13483.0,1,140.34,2011-10-05 11:53:00,2011-10-05 11:53:00,65,1,1,3,311,One-Time Buyers,65,False
13484.0,1,313.8,2011-04-12 16:30:00,2011-04-12 16:30:00,240,1,2,5,512,One-Time Buyers,240,True
13485.0,1,454.24,2011-04-20 13:58:00,2011-04-20 13:58:00,232,1,2,5,512,One-Time Buyers,232,True
13486.0,3,1122.41,2011-07-07 17:19:00,2011-09-22 13:13:00,77,2,4,4,424,Regular,77,False
13487.0,3,575.4,2010-12-21 14:54:00,2011-10-13 12:07:00,57,2,3,3,323,Regular,57,False
13488.0,13,8968.31,2010-12-07 13:01:00,2011-11-22 14:41:00,16,4,5,2,245,Loyal Customers,16,False
13489.0,4,449.52,2011-02-18 10:42:00,2011-08-26 13:16:00,104,3,2,4,432,Regular,104,True
13491.0,10,1215.82,2010-12-02 14:30:00,2011-10-19 08:32:00,51,4,4,3,344,Loyal Customers,51,False
13492.0,3,1269.84,2011-05-09 10:06:00,2011-07-26 14:25:00,135,2,4,4,424,Regular,135,True
13493.0,2,618.63,2011-02-25 16:42:00,2011-03-09 15:35:00,274,1,3,5,513,One-Time Buyers,274,True
13494.0,1,316.26000000000005,2011-02-01 11:58:00,2011-02-01 11:58:00,311,1,2,5,512,One-Time Buyers,311,True
13495.0,5,2044.8700000000001,2010-12-06 15:14:00,2011-12-02 11:21:00,7,3,4,1,134,At Risk,7,False
13496.0,2,653.33,2010-12-15 10:17:00,2011-11-29 10:58:00,10,1,3,1,113,At Risk,10,False
13497.0,2,348.05,2010-12-06 11:37:00,2011-03-02 09:04:00,282,1,2,5,512,One-Time Buyers,282,True
13499.0,5,1159.11,2011-03-15 08:52:00,2011-11-22 11:21:00,17,3,4,2,234,At Risk,17,False
13500.0,3,1166.77,2011-08-09 12:20:00,2011-11-16 15:35:00,22,2,4,2,224,At Risk,22,False
13501.0,1,1340.32,2011-02-24 18:59:00,2011-02-24 18:59:00,287,1,4,5,514,One-Time Buyers,287,True
13502.0,3,292.0,2011-01-20 09:03:00,2011-11-23 10:39:00,16,2,2,2,222,At Risk,16,False
13503.0,1,216.85,2011-09-29 13:23:00,2011-09-29 13:23:00,70,1,1,3,311,One-Time Buyers,70,False
13504.0,1,295.93,2011-10-06 13:20:00,2011-10-06 13:20:00,63,1,2,3,312,One-Time Buyers,63,False
13505.0,4,4393.63,2011-04-21 12:07:00,2011-09-28 11:56:00,72,3,5,4,435,Regular,72,False
13506.0,2,458.52,2010-12-05 12:15:00,2011-01-27 13:53:00,315,1,2,5,512,One-Time Buyers,315,True
13507.0,4,2479.16,2011-07-17 11:50:00,2011-12-06 13:13:00,2,3,5,1,135,At Risk,2,False
13508.0,1,110.97,2011-04-10 11:58:00,2011-04-10 11:58:00,243,1,1,5,511,One-Time Buyers,243,True
13509.0,7,979.72,2011-02-28 13:27:00,2011-12-01 10:10:00,8,4,4,1,144,Loyal Customers,8,False
13510.0,4,1791.56,2011-06-09 09:32:00,2011-12-08 13:46:00,0,3,4,1,134,At Risk,0,False
13512.0,1,251.21,2011-03-24 10:03:00,2011-03-24 10:03:00,260,1,2,5,512,One-Time Buyers,260,True
13513.0,1,205.1,2011-08-05 11:50:00,2011-08-05 11:50:00,126,1,1,4,411,One-Time Buyers,126,True
13514.0,1,152.20000000000002,2011-09-27 09:39:00,2011-09-27 09:39:00,73,1,1,4,411,One-Time Buyers,73,False
13515.0,4,891.12,2011-04-06 10:33:00,2011-09-28 11:26:00,72,3,3,4,433,Regular,72,False
13516.0,3,1389.41,2011-04-15 11:06:00,2011-11-18 13:15:00,20,2,4,2,224,At Risk,20,False
13517.0,3,2128.42,2011-06-13 08:44:00,2011-10-11 11:43:00,59,2,5,3,325,Regular,59,False
13518.0,1,659.4399999999999,2011-09-15 10:29:00,2011-09-15 10:29:00,85,1,3,4,413,One-Time Buyers,85,False
13519.0,1,122.75,2011-09-22 18:24:00,2011-09-22 18:24:00,77,1,1,4,411,One-Time Buyers,77,False
13520.0,6,3624.35,2010-12-03 10:36:00,2011-10-12 10:20:00,58,3,5,3,335,Regular,58,False
13521.0,3,1093.65,2011-11-29 15:09:00,2011-12-08 13:50:00,0,2,4,1,124,At Risk,0,False
13522.0,1,125.80000000000001,2011-11-09 15:11:00,2011-11-09 15:11:00,29,1,1,2,211,At Risk,29,False
13523.0,5,3964.88,2010-12-08 14:22:00,2011-11-06 15:11:00,32,3,5,2,235,At Risk,32,False
13524.0,5,680.1800000000001,2011-05-04 12:26:00,2011-10-30 12:34:00,40,3,3,3,333,Regular,40,False
13525.0,2,628.78,2011-04-05 15:36:00,2011-11-25 12:01:00,14,1,3,2,213,At Risk,14,False
13527.0,7,2287.51,2011-01-17 11:17:00,2011-11-06 12:04:00,33,4,5,3,345,Loyal Customers,33,False
13529.0,2,307.76,2011-05-19 11:50:00,2011-09-22 09:15:00,78,1,2,4,412,One-Time Buyers,78,False
13531.0,2,483.8,2010-12-08 15:03:00,2011-05-18 16:56:00,204,1,2,5,512,One-Time Buyers,204,True
13532.0,1,210.31,2011-11-06 12:25:00,2011-11-06 12:25:00,33,1,1,3,311,One-Time Buyers,33,False
13533.0,3,270.79,2011-03-17 12:47:00,2011-06-10 11:54:00,182,2,2,5,522,Regular,182,True
13534.0,25,5870.08,2010-12-16 15:23:00,2011-12-07 14:52:00,1,4,5,1,145,Loyal Customers,1,False
13536.0,7,3448.29,2011-09-25 13:30:00,2011-12-08 16:38:00,0,4,5,1,145,Loyal Customers,0,False
13538.0,7,1280.85,2011-01-28 10:40:00,2011-10-27 16:34:00,42,4,4,3,344,Loyal Customers,42,False
13539.0,3,631.34,2011-02-03 15:23:00,2011-09-15 10:18:00,85,2,3,4,423,Regular,85,False
13544.0,2,291.41,2011-04-13 12:09:00,2011-10-31 11:57:00,39,1,2,3,312,One-Time Buyers,39,False
13546.0,3,626.99,2011-05-23 12:14:00,2011-11-27 14:50:00,11,2,3,1,123,At Risk,11,False
13548.0,2,682.41,2011-04-10 11:35:00,2011-09-04 14:50:00,95,1,3,4,413,One-Time Buyers,95,True
13549.0,7,918.2,2011-04-11 13:42:00,2011-11-14 09:20:00,25,4,3,2,243,Loyal Customers,25,False
13551.0,1,91.80000000000001,2011-01-24 14:46:00,2011-01-24 14:46:00,318,1,1,5,511,One-Time Buyers,318,True
13552.0,12,3740.07,2011-01-28 10:10:00,2011-10-04 15:19:00,65,4,5,3,345,Loyal Customers,65,False
13555.0,4,4149.28,2011-05-22 11:06:00,2011-09-27 12:36:00,73,3,5,4,435,Regular,73,False
13557.0,2,584.06,2011-03-04 12:14:00,2011-11-11 15:24:00,27,1,3,2,213,At Risk,27,False
13558.0,4,605.06,2011-10-02 13:01:00,2011-12-04 11:24:00,5,3,3,1,133,At Risk,5,False
13560.0,1,174.37,2011-12-02 13:11:00,2011-12-02 13:11:00,6,1,1,1,111,At Risk,6,False
13561.0,1,141.85999999999999,2011-05-08 12:39:00,2011-05-08 12:39:00,215,1,1,5,511,One-Time Buyers,215,True
13562.0,3,1799.33,2011-04-08 12:42:00,2011-09-19 10:51:00,81,2,4,4,424,Regular,81,False
13563.0,2,777.53,2011-07-22 17:21:00,2011-09-16 14:45:00,83,1,3,4,413,One-Time Buyers,83,False
13564.0,3,1749.02,2010-12-06 17:26:00,2011-07-18 14:33:00,143,2,4,4,424,Regular,143,True
13565.0,2,240.22,2011-01-09 14:28:00,2011-11-20 14:33:00,18,1,1,2,211,At Risk,18,False
13566.0,2,874.71,2011-09-18 12:40:00,2011-10-30 11:59:00,40,1,3,3,313,One-Time Buyers,40,False
13568.0,1,192.85,2011-06-19 14:42:00,2011-06-19 14:42:00,172,1,1,4,411,One-Time Buyers,172,True
13569.0,2,373.75,2010-12-07 12:29:00,2011-11-22 13:07:00,16,1,2,2,212,At Risk,16,False
13570.0,1,239.49,2011-04-10 13:36:00,2011-04-10 13:36:00,242,1,1,5,511,One-Time Buyers,242,True
13571.0,12,2092.32,2011-03-31 12:43:00,2011-11-27 10:47:00,12,4,5,1,145,Loyal Customers,12,False
13572.0,1,1384.25,2011-05-18 11:59:00,2011-05-18 11:59:00,205,1,4,5,514,One-Time Buyers,205,True
13573.0,2,294.4,2011-03-31 14:47:00,2011-10-20 14:33:00,49,1,2,3,312,One-Time Buyers,49,False
13575.0,5,732.0699999999999,2011-06-16 14:24:00,2011-11-16 13:14:00,22,3,3,2,233,At Risk,22,False
13576.0,18,6717.34,2010-12-01 17:24:00,2011-11-29 15:34:00,9,4,5,1,145,Loyal Customers,9,False
13577.0,4,1687.6000000000001,2011-04-12 10:33:00,2011-11-14 15:19:00,24,3,4,2,234,At Risk,24,False
13579.0,2,467.04,2010-12-05 16:10:00,2011-11-25 08:41:00,14,1,2,2,212,At Risk,14,False
13581.0,1,118.0,2011-02-03 14:41:00,2011-02-03 14:41:00,308,1,1,5,511,One-Time Buyers,308,True
13583.0,1,781.03,2011-07-07 10:40:00,2011-07-07 10:40:00,155,1,3,4,413,One-Time Buyers,155,True
13584.0,1,142.4,2011-02-06 12:49:00,2011-02-06 12:49:00,306,1,1,5,511,One-Time Buyers,306,True
13587.0,1,712.4,2011-10-07 12:31:00,2011-10-07 12:31:00,63,1,3,3,313,One-Time Buyers,63,False
13588.0,9,2478.95,2011-03-29 15:53:00,2011-11-24 10:42:00,15,4,5,2,245,Loyal Customers,15,False
13589.0,2,379.65,2011-06-13 12:44:00,2011-11-25 12:10:00,14,1,2,2,212,At Risk,14,False
13590.0,6,1981.92,2011-02-09 13:25:00,2011-11-28 12:54:00,10,3,4,1,134,At Risk,10,False
13591.0,3,1117.13,2011-03-18 12:18:00,2011-10-06 12:26:00,64,2,4,3,324,Regular,64,False
13592.0,4,247.95999999999998,2011-03-20 14:01:00,2011-11-04 09:49:00,35,3,1,3,331,Regular,35,False
13593.0,5,2037.0800000000002,2011-01-07 16:32:00,2011-08-23 13:35:00,107,3,4,4,434,Regular,107,True
13594.0,1,396.97,2011-10-18 10:19:00,2011-10-18 10:19:00,52,1,2,3,312,One-Time Buyers,52,False
13596.0,2,697.04,2011-11-27 11:57:00,2011-12-04 12:01:00,5,1,3,1,113,At Risk,5,False
13598.0,1,180.17000000000002,2011-10-23 14:28:00,2011-10-23 14:28:00,46,1,1,3,311,One-Time Buyers,46,False
13599.0,21,5153.67,2010-12-08 10:11:00,2011-12-08 16:10:00,0,4,5,1,145,Loyal Customers,0,False
13600.0,1,219.52,2011-01-31 15:27:00,2011-01-31 15:27:00,311,1,1,5,511,One-Time Buyers,311,True
13601.0,2,693.32,2011-05-12 16:52:00,2011-10-25 17:31:00,44,1,3,3,313,One-Time Buyers,44,False
13602.0,1,428.89,2011-10-06 11:47:00,2011-10-06 11:47:00,64,1,2,3,312,One-Time Buyers,64,False
13603.0,1,164.34,2011-11-13 15:57:00,2011-11-13 15:57:00,25,1,1,2,211,At Risk,25,False
13606.0,3,280.53999999999996,2011-02-01 11:42:00,2011-11-10 17:46:00,28,2,2,2,222,At Risk,28,False
13607.0,1,678.01,2011-10-30 16:17:00,2011-10-30 16:17:00,39,1,3,3,313,One-Time Buyers,39,False
13610.0,7,1131.88,2011-02-27 14:44:00,2011-11-27 15:38:00,11,4,4,1,144,Loyal Customers,11,False
13611.0,3,1171.8,2010-12-15 10:31:00,2011-09-11 14:51:00,88,2,4,4,424,Regular,88,False
13614.0,4,1610.46,2011-01-13 12:37:00,2011-11-15 14:47:00,23,3,4,2,234,At Risk,23,False
13615.0,1,417.69,2011-01-25 08:21:00,2011-01-25 08:21:00,318,1,2,5,512,One-Time Buyers,318,True
13617.0,3,544.18,2011-06-12 12:55:00,2011-10-30 13:50:00,39,2,3,3,323,Regular,39,False
13618.0,1,177.34,2011-06-19 11:09:00,2011-06-19 11:09:00,173,1,1,4,411,One-Time Buyers,173,True
13621.0,1,213.85,2011-08-15 08:26:00,2011-08-15 08:26:00,116,1,1,4,411,One-Time Buyers,116,True
13623.0,5,747.78,2011-02-15 13:08:00,2011-11-09 12:00:00,30,3,3,2,233,At Risk,30,False
13626.0,1,257.23,2011-04-01 10:05:00,2011-04-01 10:05:00,252,1,2,5,512,One-Time Buyers,252,True
13627.0,5,1638.47,2010-12-17 09:52:00,2011-10-11 14:20:00,58,3,4,3,334,Regular,58,False
13629.0,11,7792.36,2011-01-05 12:09:00,2011-11-16 13:21:00,22,4,5,2,245,Loyal Customers,22,False
13630.0,7,2031.78,2011-02-27 12:49:00,2011-12-04 15:16:00,4,4,4,1,144,Loyal Customers,4,False
13631.0,11,3070.42,2011-03-17 17:13:00,2011-09-01 09:57:00,99,4,5,4,445,Champions,99,True
13632.0,5,2121.27,2011-04-10 15:07:00,2011-11-15 10:51:00,24,3,5,2,235,At Risk,24,False
13634.0,5,1575.16,2011-01-16 15:30:00,2011-11-06 13:40:00,32,3,4,2,234,At Risk,32,False
13635.0,1,1071.03,2011-10-03 10:55:00,2011-10-03 10:55:00,67,1,4,3,314,One-Time Buyers,67,False
13636.0,5,949.12,2011-02-27 14:29:00,2011-11-03 10:30:00,36,3,4,3,334,Regular,36,False
13637.0,3,810.5,2011-04-27 13:06:00,2011-10-18 13:32:00,51,2,3,3,323,Regular,51,False
13638.0,1,122.64,2011-11-24 10:38:00,2011-11-24 10:38:00,15,1,1,2,211,At Risk,15,False
13639.0,1,1033.34,2011-09-26 13:36:00,2011-09-26 13:36:00,73,1,4,4,414,One-Time Buyers,73,False
13642.0,1,354.8,2011-05-08 12:34:00,2011-05-08 12:34:00,215,1,2,5,512,One-Time Buyers,215,True
13643.0,3,519.44,2011-06-07 11:40:00,2011-11-08 15:37:00,30,2,3,2,223,At Risk,30,False
13644.0,4,2624.26,2011-08-26 11:53:00,2011-11-23 14:07:00,15,3,5,2,235,At Risk,15,False
13645.0,1,252.1,2011-08-11 16:11:00,2011-08-11 16:11:00,119,1,2,4,412,One-Time Buyers,119,True
13647.0,4,1678.1200000000001,2011-04-19 09:49:00,2011-11-30 12:00:00,9,3,4,1,134,At Risk,9,False
13649.0,2,346.6,2010-12-08 14:46:00,2011-03-28 11:51:00,256,1,2,5,512,One-Time Buyers,256,True
13650.0,6,1836.34,2011-03-17 12:37:00,2011-11-23 12:22:00,16,3,4,2,234,At Risk,16,False
13651.0,2,94.2,2011-10-31 12:11:00,2011-11-04 14:59:00,34,1,1,3,311,One-Time Buyers,34,False
13652.0,3,1095.08,2010-12-06 09:21:00,2011-10-25 08:51:00,45,2,4,3,324,Regular,45,False
13654.0,6,2707.33,2011-03-11 12:54:00,2011-10-27 16:24:00,42,3,5,3,335,Regular,42,False
13655.0,2,932.97,2011-04-12 09:53:00,2011-08-17 14:25:00,113,1,3,4,413,One-Time Buyers,113,True
13656.0,2,379.65,2011-01-06 15:42:00,2011-06-28 10:31:00,164,1,2,4,412,One-Time Buyers,164,True
13657.0,2,382.14,2011-05-22 12:35:00,2011-11-29 12:32:00,10,1,2,1,112,At Risk,10,False
13658.0,5,2639.17,2011-05-19 17:15:00,2011-11-30 10:13:00,9,3,5,1,135,At Risk,9,False
13659.0,2,1573.2,2011-01-23 12:08:00,2011-05-18 12:37:00,205,1,4,5,514,One-Time Buyers,205,True
13662.0,3,897.76,2011-03-25 13:23:00,2011-09-15 12:04:00,85,2,3,4,423,Regular,85,False
13663.0,1,189.47,2011-06-13 15:44:00,2011-06-13 15:44:00,178,1,1,4,411,One-Time Buyers,178,True
13666.0,3,84.65,2011-02-25 13:05:00,2011-10-10 15:39:00,59,2,1,3,321,Regular,59,False
13667.0,1,305.02,2011-07-13 15:42:00,2011-07-13 15:42:00,148,1,2,4,412,One-Time Buyers,148,True
13668.0,21,6363.59,2010-12-12 12:35:00,2011-12-07 12:11:00,2,4,5,1,145,Loyal Customers,2,False
13669.0,2,218.55,2011-07-13 11:44:00,2011-10-20 09:32:00,50,1,1,3,311,One-Time Buyers,50,False
13670.0,1,349.7,2011-09-25 15:25:00,2011-09-25 15:25:00,74,1,2,4,412,One-Time Buyers,74,False
13672.0,2,186.39000000000001,2011-01-11 13:54:00,2011-02-11 13:53:00,300,1,1,5,511,One-Time Buyers,300,True
13673.0,2,396.92,2011-11-07 15:40:00,2011-11-21 12:11:00,18,1,2,2,212,At Risk,18,False
13675.0,2,486.82000000000005,2011-02-28 12:14:00,2011-07-11 12:57:00,150,1,2,4,412,One-Time Buyers,150,True
13678.0,1,232.6,2011-07-11 10:14:00,2011-07-11 10:14:00,151,1,1,4,411,One-Time Buyers,151,True
13680.0,4,3722.42,2011-01-04 14:12:00,2011-12-08 13:47:00,0,3,5,1,135,At Risk,0,False
13681.0,4,827.83,2011-07-07 15:21:00,2011-11-22 11:13:00,17,3,3,2,233,At Risk,17,False
13682.0,1,59.5,2011-06-05 14:06:00,2011-06-05 14:06:00,186,1,1,5,511,One-Time Buyers,186,True
13684.0,1,67.23,2011-02-27 10:13:00,2011-02-27 10:13:00,285,1,1,5,511,One-Time Buyers,285,True
13685.0,7,3119.44,2011-10-10 12:59:00,2011-12-07 11:41:00,2,4,5,1,145,Loyal Customers,2,False
13686.0,1,72.0,2011-06-10 09:10:00,2011-06-10 09:10:00,182,1,1,5,511,One-Time Buyers,182,True
13689.0,1,910.0,2011-10-07 13:21:00,2011-10-07 13:21:00,62,1,3,3,313,One-Time Buyers,62,False
13690.0,1,172.25,2011-10-11 15:03:00,2011-10-11 15:03:00,58,1,1,3,311,One-Time Buyers,58,False
13692.0,3,1488.32,2011-04-17 12:57:00,2011-11-15 11:17:00,24,2,4,2,224,At Risk,24,False
13694.0,50,65039.62,2010-12-01 12:12:00,2011-12-06 09:32:00,3,4,5,1,145,Loyal Customers,3,False
13695.0,15,2504.13,2011-03-25 11:31:00,2011-11-08 14:26:00,30,4,5,2,245,Loyal Customers,30,False
13697.0,1,151.29999999999998,2011-11-01 09:14:00,2011-11-01 09:14:00,38,1,1,3,311,One-Time Buyers,38,False
13699.0,1,308.58000000000004,2011-07-07 16:51:00,2011-07-07 16:51:00,154,1,2,4,412,One-Time Buyers,154,True
13700.0,10,2265.12,2011-01-16 13:18:00,2011-11-13 13:00:00,25,4,5,2,245,Loyal Customers,25,False
13703.0,1,99.5,2011-01-25 13:10:00,2011-01-25 13:10:00,317,1,1,5,511,One-Time Buyers,317,True
13704.0,9,2308.06,2011-09-12 14:40:00,2011-12-04 15:13:00,4,4,5,1,145,Loyal Customers,4,False
13705.0,3,711.86,2010-12-01 10:29:00,2011-12-02 12:32:00,7,2,3,1,123,At Risk,7,False
13706.0,1,330.79,2011-02-10 09:21:00,2011-02-10 09:21:00,302,1,2,5,512,One-Time Buyers,302,True
13707.0,2,806.41,2011-01-28 13:27:00,2011-03-17 18:03:00,266,1,3,5,513,One-Time Buyers,266,True
13708.0,1,296.88,2011-03-13 13:46:00,2011-03-13 13:46:00,270,1,2,5,512,One-Time Buyers,270,True
13709.0,13,6328.05,2011-01-28 14:57:00,2011-12-06 10:28:00,3,4,5,1,145,Loyal Customers,3,False
13710.0,1,180.48,2011-11-08 08:16:00,2011-11-08 08:16:00,31,1,1,2,211,At Risk,31,False
13711.0,2,252.06,2011-05-05 10:29:00,2011-05-05 10:31:00,218,1,2,5,512,One-Time Buyers,218,True
13712.0,1,228.84,2011-04-07 12:33:00,2011-04-07 12:33:00,246,1,1,5,511,One-Time Buyers,246,True
13715.0,5,1079.34,2010-12-02 08:52:00,2011-03-03 19:21:00,280,3,4,5,534,Regular,280,True
13716.0,1,138.28,2011-03-15 13:49:00,2011-03-15 13:49:00,268,1,1,5,511,One-Time Buyers,268,True
13717.0,6,1445.01,2011-02-14 13:21:00,2011-11-07 14:13:00,31,3,4,2,234,At Risk,31,False
13718.0,2,306.55,2011-02-17 11:58:00,2011-04-07 13:24:00,245,1,2,5,512,One-Time Buyers,245,True
13719.0,5,1041.68,2011-04-19 13:56:00,2011-11-24 15:26:00,14,3,4,2,234,At Risk,14,False
13720.0,4,799.9,2011-03-30 09:17:00,2011-08-15 12:46:00,116,3,3,4,433,Regular,116,True
13721.0,1,524.14,2011-11-03 14:05:00,2011-11-03 14:05:00,35,1,3,3,313,One-Time Buyers,35,False
13722.0,3,2375.41,2011-03-02 11:43:00,2011-07-31 12:44:00,131,2,5,4,425,Regular,131,True
13723.0,1,199.85000000000002,2011-05-06 17:04:00,2011-05-06 17:04:00,216,1,1,5,511,One-Time Buyers,216,True
13725.0,8,1980.56,2011-02-04 12:18:00,2011-10-21 10:03:00,49,4,4,3,344,Loyal Customers,49,False
13726.0,2,1079.6599999999999,2011-08-31 11:06:00,2011-11-01 10:49:00,38,1,4,3,314,One-Time Buyers,38,False
13727.0,2,333.48,2011-11-06 12:16:00,2011-11-11 09:46:00,28,1,2,2,212,At Risk,28,False
13728.0,6,1016.14,2011-02-02 12:09:00,2011-11-03 10:49:00,36,3,4,3,334,Regular,36,False
13730.0,2,752.6,2011-07-01 12:47:00,2011-07-27 08:35:00,135,1,3,4,413,One-Time Buyers,135,True
13731.0,2,610.59,2011-04-07 10:10:00,2011-05-04 14:33:00,218,1,3,5,513,One-Time Buyers,218,True
13732.0,1,491.86,2011-11-11 15:49:00,2011-11-11 15:49:00,27,1,3,2,213,At Risk,27,False
13735.0,4,2885.2400000000002,2011-04-19 13:49:00,2011-11-15 11:14:00,24,3,5,2,235,At Risk,24,False
13736.0,2,731.9,2011-03-24 13:04:00,2011-12-04 15:19:00,4,1,3,1,113,At Risk,4,False
13737.0,1,339.59999999999997,2011-05-23 16:32:00,2011-05-23 16:32:00,199,1,2,5,512,One-Time Buyers,199,True
13739.0,1,216.9,2011-11-21 13:35:00,2011-11-21 13:35:00,17,1,1,2,211,At Risk,17,False
13740.0,1,350.75,2011-04-13 10:32:00,2011-04-13 10:32:00,240,1,2,5,512,One-Time Buyers,240,True
13741.0,3,668.4300000000001,2011-05-06 13:43:00,2011-09-29 09:19:00,71,2,3,3,323,Regular,71,False
13742.0,12,3131.02,2011-01-23 14:59:00,2011-11-23 11:07:00,16,4,5,2,245,Loyal Customers,16,False
13743.0,7,1341.6,2011-03-25 14:46:00,2011-12-07 10:09:00,2,4,4,1,144,Loyal Customers,2,False
13744.0,2,1156.36,2011-02-20 14:08:00,2011-09-05 15:19:00,94,1,4,4,414,One-Time Buyers,94,True
13745.0,1,300.04,2011-06-30 16:43:00,2011-06-30 16:43:00,161,1,2,4,412,One-Time Buyers,161,True
13747.0,1,79.6,2010-12-01 10:37:00,2010-12-01 10:37:00,373,1,1,5,511,One-Time Buyers,373,True
13748.0,5,948.25,2010-12-01 09:00:00,2011-09-05 09:45:00,95,3,4,4,434,Regular,95,True
13750.0,5,1647.26,2011-01-07 11:49:00,2011-10-17 12:16:00,53,3,4,3,334,Regular,53,False
13751.0,1,296.25,2011-02-24 15:56:00,2011-02-24 15:56:00,287,1,2,5,512,One-Time Buyers,287,True
13752.0,6,1186.28,2011-04-07 12:04:00,2011-08-07 14:16:00,123,3,4,4,434,Regular,123,True
13753.0,1,741.26,2011-02-25 12:48:00,2011-02-25 12:48:00,287,1,3,5,513,One-Time Buyers,287,True
13754.0,2,282.59999999999997,2011-01-26 14:58:00,2011-07-11 11:51:00,151,1,2,4,412,One-Time Buyers,151,True
13755.0,9,2161.35,2011-10-07 15:45:00,2011-12-06 12:26:00,3,4,5,1,145,Loyal Customers,3,False
13756.0,14,5189.52,2010-12-07 11:41:00,2011-12-07 16:44:00,1,4,5,1,145,Loyal Customers,1,False
13758.0,7,3190.55,2010-12-01 12:08:00,2011-11-28 11:11:00,11,4,5,1,145,Loyal Customers,11,False
13759.0,2,659.4100000000001,2011-09-29 15:40:00,2011-11-06 14:47:00,32,1,3,2,213,At Risk,32,False
13760.0,2,286.79,2011-03-28 12:52:00,2011-10-16 16:13:00,53,1,2,3,312,One-Time Buyers,53,False
13761.0,2,1070.65,2011-06-13 08:43:00,2011-10-20 14:01:00,49,1,4,3,314,One-Time Buyers,49,False
13762.0,1,306.72,2011-05-05 09:15:00,2011-05-05 09:15:00,218,1,2,5,512,One-Time Buyers,218,True
13763.0,1,1714.96,2011-10-07 15:13:00,2011-10-07 15:13:00,62,1,4,3,314,One-Time Buyers,62,False
13764.0,3,1521.76,2011-01-06 14:53:00,2011-09-30 12:03:00,70,2,4,3,324,Regular,70,False
13767.0,37,17220.36,2010-12-01 10:47:00,2011-12-07 15:00:00,1,4,5,1,145,Loyal Customers,1,False
13769.0,10,2796.51,2010-12-07 13:28:00,2011-12-07 15:08:00,1,4,5,1,145,Loyal Customers,1,False
13771.0,4,2634.45,2011-04-06 15:47:00,2011-10-06 14:18:00,63,3,5,3,335,Regular,63,False
13772.0,3,1132.13,2011-04-14 12:31:00,2011-11-06 11:43:00,33,2,4,3,324,Regular,33,False
13774.0,1,345.0,2011-09-19 12:06:00,2011-09-19 12:06:00,81,1,2,4,412,One-Time Buyers,81,False
13777.0,33,25977.16,2010-12-01 16:01:00,2011-12-09 12:25:00,0,4,5,1,145,Loyal Customers,0,False
13778.0,1,178.7,2011-08-28 15:25:00,2011-08-28 15:25:00,102,1,1,4,411,One-Time Buyers,102,True
13780.0,2,360.01,2011-06-22 11:43:00,2011-12-02 13:49:00,6,1,2,1,112,At Risk,6,False
13781.0,1,127.84,2011-04-03 12:08:00,2011-04-03 12:08:00,250,1,1,5,511,One-Time Buyers,250,True
13782.0,6,912.0,2011-01-16 11:08:00,2011-11-27 11:54:00,12,3,3,1,133,At Risk,12,False
13784.0,11,2462.79,2011-01-11 14:38:00,2011-11-30 09:33:00,9,4,5,1,145,Loyal Customers,9,False
13786.0,1,230.39999999999998,2010-12-07 13:53:00,2010-12-07 13:53:00,366,1,1,5,511,One-Time Buyers,366,True
13787.0,2,309.04,2010-12-10 14:45:00,2011-09-25 12:06:00,75,1,2,4,412,One-Time Buyers,75,False
13790.0,1,348.8,2011-12-05 15:48:00,2011-12-05 15:48:00,3,1,2,1,112,At Risk,3,False
13791.0,2,1516.0,2011-06-24 16:38:00,2011-08-04 11:44:00,127,1,4,4,414,One-Time Buyers,127,True
13792.0,2,195.55,2011-02-25 14:03:00,2011-10-04 14:31:00,65,1,1,3,311,One-Time Buyers,65,False
13798.0,57,37153.85,2010-12-02 17:24:00,2011-12-08 15:51:00,0,4,5,1,145,Loyal Customers,0,False
13799.0,2,688.86,2011-02-18 14:18:00,2011-08-15 12:07:00,116,1,3,4,413,One-Time Buyers,116,True
13800.0,1,558.32,2011-02-03 12:27:00,2011-02-03 12:27:00,309,1,3,5,513,One-Time Buyers,309,True
13801.0,1,324.8,2011-10-04 10:15:00,2011-10-04 10:15:00,66,1,2,3,312,One-Time Buyers,66,False
13802.0,3,4599.42,2011-02-01 12:03:00,2011-07-24 10:54:00,138,2,5,4,425,Regular,138,True
13803.0,1,277.07,2011-03-29 12:57:00,2011-03-29 12:57:00,254,1,2,5,512,One-Time Buyers,254,True
13804.0,7,2635.79,2011-02-23 09:09:00,2011-11-09 12:32:00,30,4,5,2,245,Loyal Customers,30,False
13805.0,2,924.6,2011-08-02 15:29:00,2011-10-18 14:50:00,51,1,3,3,313,One-Time Buyers,51,False
13806.0,1,256.38,2011-10-07 11:43:00,2011-10-07 11:43:00,63,1,2,3,312,One-Time Buyers,63,False
13807.0,1,112.6,2010-12-07 15:48:00,2010-12-07 15:48:00,366,1,1,5,511,One-Time Buyers,366,True
13808.0,5,1747.66,2011-09-04 12:07:00,2011-12-04 12:18:00,5,3,4,1,134,At Risk,5,False
13809.0,1,155.05,2011-02-07 13:15:00,2011-02-07 13:15:00,304,1,1,5,511,One-Time Buyers,304,True
13810.0,3,1499.01,2011-10-14 12:57:00,2011-11-11 08:33:00,28,2,4,2,224,At Risk,28,False
13811.0,3,814.5,2011-04-14 18:40:00,2011-06-09 09:54:00,183,2,3,5,523,Regular,183,True
13812.0,3,539.0,2011-08-26 12:54:00,2011-10-28 14:27:00,41,2,3,3,323,Regular,41,False
13813.0,4,1366.8600000000001,2011-07-28 10:33:00,2011-10-31 10:38:00,39,3,4,3,334,Regular,39,False
13814.0,2,1579.12,2011-07-25 13:54:00,2011-09-08 13:48:00,91,1,4,4,414,One-Time Buyers,91,True
13815.0,4,4027.36,2011-01-25 12:16:00,2011-11-17 14:19:00,21,3,5,2,235,At Risk,21,False
13816.0,2,571.6700000000001,2011-10-06 14:37:00,2011-11-16 08:38:00,23,1,3,2,213,At Risk,23,False
13817.0,2,382.98,2010-12-23 11:46:00,2011-11-10 17:49:00,28,1,2,2,212,At Risk,28,False
13819.0,3,1140.35,2011-01-24 10:38:00,2011-02-11 10:38:00,301,2,4,5,524,Regular,301,True
13821.0,2,385.64,2011-03-23 11:30:00,2011-07-18 09:49:00,144,1,2,4,412,One-Time Buyers,144,True
13822.0,2,632.0,2011-10-30 15:55:00,2011-12-04 12:13:00,5,1,3,1,113,At Risk,5,False
13823.0,2,957.66,2011-09-09 10:42:00,2011-11-21 10:22:00,18,1,4,2,214,At Risk,18,False
13824.0,5,1698.94,2011-02-02 13:07:00,2011-11-07 12:41:00,32,3,4,2,234,At Risk,32,False
13826.0,1,189.5,2011-06-16 13:48:00,2011-06-16 13:48:00,175,1,1,4,411,One-Time Buyers,175,True
13827.0,3,412.05,2011-07-19 15:38:00,2011-10-13 12:38:00,57,2,2,3,322,Regular,57,False
13828.0,1,209.49,2011-11-17 16:02:00,2011-11-17 16:02:00,21,1,1,2,211,At Risk,21,False
13831.0,6,2202.99,2010-12-05 12:13:00,2011-11-23 15:41:00,15,3,5,2,235,At Risk,15,False
13832.0,1,52.199999999999996,2011-11-20 15:36:00,2011-11-20 15:36:00,18,1,1,2,211,At Risk,18,False
13833.0,1,384.8,2011-07-03 13:27:00,2011-07-03 13:27:00,158,1,2,4,412,One-Time Buyers,158,True
13835.0,4,834.57,2011-05-08 15:22:00,2011-11-14 15:37:00,24,3,3,2,233,At Risk,24,False
13837.0,2,271.24,2011-01-26 12:15:00,2011-05-12 12:10:00,211,1,2,5,512,One-Time Buyers,211,True
13838.0,4,691.73,2010-12-05 10:45:00,2011-12-04 11:00:00,5,3,3,1,133,At Risk,5,False
13841.0,1,85.0,2011-04-01 12:10:00,2011-04-01 12:10:00,252,1,1,5,511,One-Time Buyers,252,True
13842.0,9,3385.62,2010-12-08 10:39:00,2011-10-12 10:51:00,58,4,5,3,345,Loyal Customers,58,False
13844.0,1,361.62,2011-11-28 13:21:00,2011-11-28 13:21:00,10,1,2,1,112,At Risk,10,False
13845.0,1,312.98,2011-10-06 08:25:00,2011-10-06 08:25:00,64,1,2,3,312,One-Time Buyers,64,False
13846.0,3,865.0600000000001,2010-12-14 16:07:00,2011-11-15 12:07:00,24,2,3,2,223,At Risk,24,False
13848.0,3,1255.0,2010-12-08 15:10:00,2011-09-08 12:58:00,91,2,4,4,424,Regular,91,True
13849.0,2,1537.95,2011-06-22 10:11:00,2011-10-19 10:59:00,51,1,4,3,314,One-Time Buyers,51,False
13850.0,1,1595.48,2011-08-02 14:04:00,2011-08-02 14:04:00,128,1,4,4,414,One-Time Buyers,128,True
13851.0,3,2651.46,2011-02-24 17:18:00,2011-09-05 12:36:00,95,2,5,4,425,Regular,95,True
13853.0,1,1090.14,2011-10-13 14:18:00,2011-10-13 14:18:00,56,1,4,3,314,One-Time Buyers,56,False
13854.0,25,8109.5199999999995,2010-12-09 10:48:00,2011-12-01 09:06:00,8,4,5,1,145,Loyal Customers,8,False
13856.0,3,388.5,2011-05-20 13:13:00,2011-06-24 10:03:00,168,2,2,4,422,Regular,168,True
13858.0,1,216.17,2011-10-13 16:17:00,2011-10-13 16:17:00,56,1,1,3,311,One-Time Buyers,56,False
13859.0,1,201.16,2011-01-17 16:14:00,2011-01-17 16:14:00,325,1,1,5,511,One-Time Buyers,325,True
13860.0,5,1245.9,2011-09-14 09:27:00,2011-12-08 12:57:00,0,3,4,1,134,At Risk,0,False
13862.0,8,2209.36,2011-01-11 15:13:00,2011-11-21 16:24:00,17,4,5,2,245,Loyal Customers,17,False
13863.0,1,305.78,2011-04-06 10:20:00,2011-04-06 10:20:00,247,1,2,5,512,One-Time Buyers,247,True
13865.0,4,501.56,2011-02-23 12:04:00,2011-10-12 13:31:00,57,3,3,3,333,Regular,57,False
13866.0,1,145.67000000000002,2011-09-26 14:54:00,2011-09-26 14:54:00,73,1,1,4,411,One-Time Buyers,73,False
13867.0,3,1015.29,2011-05-05 17:28:00,2011-11-08 15:48:00,30,2,4,2,224,At Risk,30,False
13868.0,2,3192.54,2011-11-01 12:45:00,2011-12-02 16:32:00,6,1,5,1,115,At Risk,6,False
13869.0,4,3104.95,2010-12-17 15:14:00,2011-08-08 13:53:00,122,3,5,4,435,Regular,122,True
13870.0,8,2770.94,2011-02-25 09:09:00,2011-12-07 13:23:00,1,4,5,1,145,Loyal Customers,1,False
13871.0,13,6403.25,2011-02-04 09:30:00,2011-11-17 10:49:00,22,4,5,2,245,Loyal Customers,22,False
13873.0,3,389.6,2011-02-03 09:37:00,2011-08-12 10:08:00,119,2,2,4,422,Regular,119,True
13874.0,1,540.45,2010-12-16 18:20:00,2010-12-16 18:20:00,357,1,3,5,513,One-Time Buyers,357,True
13875.0,5,1786.79,2011-02-11 15:39:00,2011-10-17 09:36:00,53,3,4,3,334,Regular,53,False
13876.0,1,122.7,2011-10-07 10:22:00,2011-10-07 10:22:00,63,1,1,3,311,One-Time Buyers,63,False
13877.0,1,117.24,2011-09-14 15:49:00,2011-09-14 15:49:00,85,1,1,4,411,One-Time Buyers,85,False
13878.0,1,1281.53,2011-10-16 12:19:00,2011-10-16 12:19:00,54,1,4,3,314,One-Time Buyers,54,False
13880.0,13,3219.77,2010-12-07 14:00:00,2011-11-18 13:44:00,20,4,5,2,245,Loyal Customers,20,False
13881.0,20,17159.52,2011-02-01 10:14:00,2011-12-06 12:50:00,3,4,5,1,145,Loyal Customers,3,False
13882.0,5,1191.13,2011-10-06 15:28:00,2011-12-07 11:16:00,2,3,4,1,134,At Risk,2,False
13883.0,5,2674.48,2011-03-31 17:17:00,2011-11-29 10:45:00,10,3,5,1,135,At Risk,10,False
13884.0,5,787.6,2011-03-01 13:40:00,2011-12-02 16:30:00,6,3,3,1,133,At Risk,6,False
13885.0,2,506.8,2011-05-23 08:52:00,2011-06-03 15:07:00,188,1,3,5,513,One-Time Buyers,188,True
13886.0,1,243.56,2011-09-29 13:17:00,2011-09-29 13:17:00,70,1,1,3,311,One-Time Buyers,70,False
13887.0,1,349.55,2011-05-19 17:22:00,2011-05-19 17:22:00,203,1,2,5,512,One-Time Buyers,203,True
13888.0,2,605.63,2011-05-05 14:41:00,2011-08-12 10:13:00,119,1,3,4,413,One-Time Buyers,119,True
13889.0,1,416.90000000000003,2011-09-08 09:13:00,2011-09-08 09:13:00,92,1,2,4,412,One-Time Buyers,92,True
13890.0,10,1883.8100000000002,2010-12-16 09:31:00,2011-12-08 15:36:00,0,4,4,1,144,Loyal Customers,0,False
13892.0,4,632.97,2011-04-07 12:04:00,2011-11-13 11:50:00,26,3,3,2,233,At Risk,26,False
13893.0,1,821.1,2011-02-15 11:30:00,2011-02-15 11:30:00,297,1,3,5,513,One-Time Buyers,297,True
13894.0,3,564.62,2011-02-02 12:54:00,2011-11-16 09:44:00,23,2,3,2,223,At Risk,23,False
13895.0,4,2593.07,2011-06-28 10:17:00,2011-11-11 16:57:00,27,3,5,2,235,At Risk,27,False
13897.0,1,311.16,2011-10-20 14:30:00,2011-10-20 14:30:00,49,1,2,3,312,One-Time Buyers,49,False
13898.0,1,155.93,2011-01-18 10:28:00,2011-01-18 10:28:00,325,1,1,5,511,One-Time Buyers,325,True
13899.0,2,388.52,2011-03-10 09:30:00,2011-11-23 13:40:00,15,1,2,2,212,At Risk,15,False
13900.0,3,740.95,2011-03-22 10:13:00,2011-06-09 19:26:00,182,2,3,5,523,Regular,182,True
13901.0,5,2867.2,2011-01-25 09:01:00,2011-09-28 14:48:00,71,3,5,3,335,Regular,71,False
13904.0,2,332.64,2011-02-18 11:18:00,2011-11-02 13:41:00,36,1,2,3,312,One-Time Buyers,36,False
13908.0,4,2369.55,2011-03-08 12:04:00,2011-09-21 11:49:00,79,3,5,4,435,Regular,79,False
13911.0,9,2580.91,2011-02-04 14:46:00,2011-10-13 15:43:00,56,4,5,3,345,Loyal Customers,56,False
13914.0,2,626.45,2011-11-03 16:28:00,2011-11-28 10:35:00,11,1,3,1,113,At Risk,11,False
13917.0,2,272.04,2011-06-01 12:46:00,2011-10-21 09:56:00,49,1,2,3,312,One-Time Buyers,49,False
13918.0,2,1212.8400000000001,2011-03-31 18:05:00,2011-10-21 12:25:00,49,1,4,3,314,One-Time Buyers,49,False
13919.0,2,384.81,2011-08-10 10:15:00,2011-10-11 14:24:00,58,1,2,3,312,One-Time Buyers,58,False
13922.0,1,172.25,2010-12-23 10:38:00,2010-12-23 10:38:00,351,1,1,5,511,One-Time Buyers,351,True
13923.0,1,351.13,2011-10-17 12:33:00,2011-10-17 12:33:00,53,1,2,3,312,One-Time Buyers,53,False
13924.0,6,1838.8500000000001,2011-09-28 15:07:00,2011-12-08 09:39:00,1,3,4,1,134,At Risk,1,False
13925.0,4,678.25,2011-07-28 12:09:00,2011-09-08 12:47:00,92,3,3,4,433,Regular,92,True
13926.0,1,223.85000000000002,2011-11-16 13:16:00,2011-11-16 13:16:00,22,1,1,2,211,At Risk,22,False
13927.0,1,348.99,2011-09-26 12:00:00,2011-09-26 12:00:00,74,1,2,4,412,One-Time Buyers,74,False
13928.0,4,464.57,2011-07-29 15:59:00,2011-11-29 10:33:00,10,3,2,1,132,At Risk,10,False
13929.0,2,842.65,2011-01-17 15:11:00,2011-06-23 15:26:00,168,1,3,4,413,One-Time Buyers,168,True
13930.0,2,337.34,2011-07-26 11:00:00,2011-10-13 09:45:00,57,1,2,3,312,One-Time Buyers,57,False
13931.0,2,1237.53,2011-03-04 08:43:00,2011-09-05 10:12:00,95,1,4,4,414,One-Time Buyers,95,True
13932.0,1,307.4,2011-02-18 12:02:00,2011-02-18 12:02:00,294,1,2,5,512,One-Time Buyers,294,True
13933.0,2,608.7900000000001,2011-07-14 13:35:00,2011-08-22 14:03:00,108,1,3,4,413,One-Time Buyers,108,True
13934.0,1,922.1,2011-03-21 08:39:00,2011-03-21 08:39:00,263,1,3,5,513,One-Time Buyers,263,True
13936.0,1,376.58,2011-06-13 08:47:00,2011-06-13 08:47:00,179,1,2,5,512,One-Time Buyers,179,True
13937.0,1,158.85,2011-06-23 16:35:00,2011-06-23 16:35:00,168,1,1,4,411,One-Time Buyers,168,True
13938.0,1,71.66,2011-11-04 14:37:00,2011-11-04 14:37:00,34,1,1,3,311,One-Time Buyers,34,False
13939.0,3,568.55,2011-02-01 11:30:00,2011-11-16 13:33:00,22,2,3,2,223,At Risk,22,False
13940.0,4,839.14,2011-07-18 16:05:00,2011-11-22 15:15:00,16,3,3,2,233,At Risk,16,False
13941.0,5,5112.96,2010-12-02 10:17:00,2011-11-18 09:43:00,21,3,5,2,235,At Risk,21,False
13946.0,3,561.5699999999999,2011-03-17 10:02:00,2011-09-21 13:33:00,78,2,3,4,423,Regular,78,False
13947.0,1,90.6,2011-10-05 14:42:00,2011-10-05 14:42:00,64,1,1,3,311,One-Time Buyers,64,False
13948.0,1,102.0,2010-12-14 10:18:00,2010-12-14 10:18:00,360,1,1,5,511,One-Time Buyers,360,True
13949.0,6,2427.32,2011-09-06 11:55:00,2011-12-07 09:35:00,2,3,5,1,135,At Risk,2,False
13950.0,4,745.06,2011-04-07 11:29:00,2011-11-28 14:44:00,10,3,3,1,133,At Risk,10,False
13951.0,3,674.45,2011-02-18 15:21:00,2011-06-16 16:43:00,175,2,3,4,423,Regular,175,True
13952.0,2,3251.071,2011-04-15 09:27:00,2011-05-06 09:00:00,217,1,5,5,515,One-Time Buyers,217,True
13953.0,7,3515.68,2010-12-22 10:29:00,2011-12-02 16:04:00,6,4,5,1,145,Loyal Customers,6,False
13954.0,2,439.92,2011-09-30 10:52:00,2011-12-08 12:50:00,1,1,2,1,112,At Risk,1,False
13955.0,2,322.96,2011-02-07 12:24:00,2011-07-08 17:19:00,153,1,2,4,412,One-Time Buyers,153,True
13956.0,5,1026.42,2011-03-13 12:51:00,2011-12-04 13:20:00,4,3,4,1,134,At Risk,4,False
13959.0,3,598.2,2010-12-12 13:56:00,2011-09-21 15:06:00,78,2,3,4,423,Regular,78,False
13960.0,2,230.22,2011-09-29 12:39:00,2011-11-18 15:27:00,20,1,1,2,211,At Risk,20,False
13962.0,2,169.55,2011-04-08 11:21:00,2011-11-18 08:47:00,21,1,1,2,211,At Risk,21,False
13963.0,4,664.54,2010-12-07 09:21:00,2011-02-04 14:43:00,307,3,3,5,533,Regular,307,True
13967.0,1,80.7,2011-07-17 12:02:00,2011-07-17 12:02:00,145,1,1,4,411,One-Time Buyers,145,True
13969.0,18,9053.94,2010-12-09 19:32:00,2011-12-02 15:11:00,6,4,5,1,145,Loyal Customers,6,False
13971.0,8,2758.26,2011-02-27 12:27:00,2011-11-21 12:06:00,18,4,5,2,245,Loyal Customers,18,False
13972.0,2,190.25,2011-05-22 11:34:00,2011-09-30 11:54:00,70,1,1,3,311,One-Time Buyers,70,False
13973.0,1,264.7,2011-02-25 15:21:00,2011-02-25 15:21:00,286,1,2,5,512,One-Time Buyers,286,True
13974.0,1,413.59000000000003,2011-10-21 14:41:00,2011-10-21 14:41:00,48,1,2,3,312,One-Time Buyers,48,False
13975.0,6,2526.28,2011-03-08 12:19:00,2011-11-08 13:19:00,30,3,5,2,235,At Risk,30,False
13976.0,1,357.98,2011-05-17 09:13:00,2011-05-17 09:13:00,206,1,2,5,512,One-Time Buyers,206,True
13978.0,2,196.79000000000002,2011-10-25 15:04:00,2011-11-25 11:36:00,14,1,1,2,211,At Risk,14,False
13979.0,1,869.87,2011-09-27 13:32:00,2011-09-27 13:32:00,72,1,3,4,413,One-Time Buyers,72,False
13980.0,1,200.14,2011-10-10 13:34:00,2011-10-10 13:34:00,59,1,1,3,311,One-Time Buyers,59,False
13982.0,4,1871.81,2010-12-09 13:57:00,2011-10-31 16:24:00,38,3,4,3,334,Regular,38,False
13983.0,12,2603.43,2010-12-08 10:38:00,2011-11-10 11:06:00,29,4,5,2,245,Loyal Customers,29,False
13984.0,5,920.51,2010-12-08 15:58:00,2011-11-13 12:38:00,26,3,3,2,233,At Risk,26,False
13985.0,15,7060.13,2011-03-20 13:48:00,2011-12-05 17:06:00,3,4,5,1,145,Loyal Customers,3,False
13986.0,1,320.46,2011-11-22 15:00:00,2011-11-22 15:00:00,16,1,2,2,212,At Risk,16,False
13988.0,6,4147.96,2011-03-30 11:48:00,2011-11-20 10:15:00,19,3,5,2,235,At Risk,19,False
13989.0,2,1266.08,2011-04-14 15:39:00,2011-10-05 09:47:00,65,1,4,3,314,One-Time Buyers,65,False
13990.0,1,311.3,2011-05-10 15:19:00,2011-05-10 15:19:00,212,1,2,5,512,One-Time Buyers,212,True
13991.0,6,855.97,2011-07-19 12:58:00,2011-11-27 16:18:00,11,3,3,1,133,At Risk,11,False
13992.0,1,76.8,2011-11-09 15:23:00,2011-11-09 15:23:00,29,1,1,2,211,At Risk,29,False
13993.0,9,3466.36,2011-01-13 10:43:00,2011-10-28 09:06:00,42,4,5,3,345,Loyal Customers,42,False
13994.0,6,2313.14,2011-07-14 18:28:00,2011-12-06 11:05:00,3,3,5,1,135,At Risk,3,False
13995.0,5,1393.69,2011-04-08 08:20:00,2011-11-24 14:22:00,14,3,4,2,234,At Risk,14,False
13999.0,12,3901.81,2010-12-13 11:23:00,2011-11-29 13:40:00,9,4,5,1,145,Loyal Customers,9,False
14000.0,1,635.66,2011-05-12 16:50:00,2011-05-12 16:50:00,210,1,3,5,513,One-Time Buyers,210,True
14001.0,3,2043.0800000000002,2010-12-01 12:58:00,2011-10-25 10:31:00,45,2,4,3,324,Regular,45,False
14002.0,2,529.73,2011-07-06 14:59:00,2011-07-28 15:55:00,133,1,3,4,413,One-Time Buyers,133,True
14004.0,7,4582.64,2011-02-24 09:28:00,2011-10-27 14:40:00,42,4,5,3,345,Loyal Customers,42,False
14005.0,5,2874.72,2011-05-08 10:33:00,2011-11-30 12:41:00,9,3,5,1,135,At Risk,9,False
14006.0,3,962.19,2011-01-31 15:11:00,2011-08-16 09:39:00,115,2,4,4,424,Regular,115,True
14009.0,2,695.61,2011-05-18 13:00:00,2011-05-25 15:47:00,197,1,3,5,513,One-Time Buyers,197,True
14012.0,1,328.8,2011-03-07 12:26:00,2011-03-07 12:26:00,277,1,2,5,512,One-Time Buyers,277,True
14013.0,3,473.02,2011-03-09 08:59:00,2011-08-21 15:01:00,109,2,2,4,422,Regular,109,True
14014.0,1,505.18,2011-09-23 13:18:00,2011-09-23 13:18:00,76,1,3,4,413,One-Time Buyers,76,False
14015.0,1,917.34,2011-10-18 10:02:00,2011-10-18 10:02:00,52,1,3,3,313,One-Time Buyers,52,False
14016.0,4,4341.21,2010-12-17 14:21:00,2011-07-01 11:29:00,161,3,5,4,435,Regular,161,True
14019.0,3,1421.61,2011-07-24 15:39:00,2011-10-24 10:13:00,46,2,4,3,324,Regular,46,False
14020.0,2,642.8,2011-09-12 15:32:00,2011-11-23 09:22:00,16,1,3,2,213,At Risk,16,False
14021.0,3,631.9,2011-03-28 15:10:00,2011-07-07 15:46:00,154,2,3,4,423,Regular,154,True
14022.0,1,440.0,2011-04-28 14:39:00,2011-04-28 14:39:00,224,1,2,5,512,One-Time Buyers,224,True
14023.0,2,584.07,2011-04-03 15:50:00,2011-12-02 13:58:00,6,1,3,1,113,At Risk,6,False
14024.0,2,327.7,2011-08-07 13:31:00,2011-08-10 11:30:00,121,1,2,4,412,One-Time Buyers,121,True
14027.0,1,104.82,2011-10-10 09:01:00,2011-10-10 09:01:00,60,1,1,3,311,One-Time Buyers,60,False
14029.0,2,467.66,2011-07-18 16:57:00,2011-10-07 14:46:00,62,1,2,3,312,One-Time Buyers,62,False
14030.0,8,2360.09,2010-12-08 16:11:00,2011-11-21 16:48:00,17,4,5,2,245,Loyal Customers,17,False
14031.0,19,17286.86,2010-12-02 16:34:00,2011-12-02 17:13:00,6,4,5,1,145,Loyal Customers,6,False
14032.0,11,2975.59,2010-12-08 10:53:00,2011-12-07 15:23:00,1,4,5,1,145,Loyal Customers,1,False
14034.0,3,651.8199999999999,2011-07-05 13:06:00,2011-11-17 14:02:00,21,2,3,2,223,At Risk,21,False
14035.0,5,1428.02,2011-02-15 12:48:00,2011-11-11 10:03:00,28,3,4,2,234,At Risk,28,False
14036.0,1,626.65,2011-02-28 09:26:00,2011-02-28 09:26:00,284,1,3,5,513,One-Time Buyers,284,True
14037.0,2,147.20000000000002,2010-12-10 11:39:00,2011-06-16 13:57:00,175,1,1,4,411,One-Time Buyers,175,True
14038.0,3,1560.38,2011-05-16 14:05:00,2011-09-22 13:37:00,77,2,4,4,424,Regular,77,False
14039.0,1,152.2,2011-11-06 13:48:00,2011-11-06 13:48:00,32,1,1,2,211,At Risk,32,False
14040.0,12,3614.92,2011-01-12 14:57:00,2011-10-30 12:42:00,40,4,5,3,345,Loyal Customers,40,False
14041.0,1,141.41,2011-03-18 13:25:00,2011-03-18 13:25:00,265,1,1,5,511,One-Time Buyers,265,True
14044.0,4,652.82,2011-02-03 11:39:00,2011-11-13 12:05:00,26,3,3,2,233,At Risk,26,False
14045.0,4,1659.75,2010-12-01 11:32:00,2011-08-22 15:27:00,108,3,4,4,434,Regular,108,True
14046.0,1,154.99,2011-02-28 14:48:00,2011-02-28 14:48:00,283,1,1,5,511,One-Time Buyers,283,True
14047.0,5,1308.6100000000001,2010-12-02 10:09:00,2011-12-01 11:43:00,8,3,4,1,134,At Risk,8,False
14048.0,1,409.93,2011-02-07 14:53:00,2011-02-07 14:53:00,304,1,2,5,512,One-Time Buyers,304,True
14049.0,4,5681.72,2011-01-26 11:27:00,2011-11-23 12:20:00,16,3,5,2,235,At Risk,16,False
14050.0,2,746.36,2011-08-25 13:46:00,2011-11-08 10:00:00,31,1,3,2,213,At Risk,31,False
14051.0,23,15610.390000000001,2010-12-08 12:49:00,2011-12-09 10:20:00,0,4,5,1,145,Loyal Customers,0,False
14052.0,1,225.36,2011-11-20 12:30:00,2011-11-20 12:30:00,19,1,1,2,211,At Risk,19,False
14053.0,2,260.25,2011-07-03 12:21:00,2011-08-07 14:27:00,123,1,2,4,412,One-Time Buyers,123,True
14054.0,1,92.46,2011-10-05 15:49:00,2011-10-05 15:49:00,64,1,1,3,311,One-Time Buyers,64,False
14055.0,1,725.6400000000001,2011-08-25 15:04:00,2011-08-25 15:04:00,105,1,3,4,413,One-Time Buyers,105,True
14056.0,23,8214.65,2011-02-28 15:19:00,2011-12-08 13:36:00,0,4,5,1,145,Loyal Customers,0,False
14057.0,17,6217.96,2010-12-14 12:11:00,2011-11-16 10:32:00,23,4,5,2,245,Loyal Customers,23,False
14059.0,1,183.6,2011-03-18 10:06:00,2011-03-18 10:06:00,266,1,1,5,511,One-Time Buyers,266,True
14060.0,19,6140.42,2010-12-02 12:11:00,2011-12-05 12:29:00,4,4,5,1,145,Loyal Customers,4,False
14062.0,12,10464.85,2010-12-10 15:56:00,2011-11-30 10:04:00,9,4,5,1,145,Loyal Customers,9,False
14064.0,5,1353.74,2011-03-10 12:59:00,2011-11-10 13:14:00,28,3,4,2,234,At Risk,28,False
14066.0,1,152.55,2011-03-18 12:21:00,2011-03-18 12:21:00,266,1,1,5,511,One-Time Buyers,266,True
14067.0,2,374.7,2011-09-04 12:00:00,2011-10-07 10:21:00,63,1,2,3,312,One-Time Buyers,63,False
14068.0,1,265.85,2011-01-23 16:02:00,2011-01-23 16:02:00,319,1,2,5,512,One-Time Buyers,319,True
14071.0,8,1438.82,2011-03-20 11:33:00,2011-12-06 12:27:00,3,4,4,1,144,Loyal Customers,3,False
14073.0,1,151.04,2011-11-07 15:49:00,2011-11-07 15:49:00,31,1,1,2,211,At Risk,31,False
14075.0,3,942.26,2011-03-23 16:35:00,2011-12-05 08:38:00,4,2,4,1,124,At Risk,4,False
14076.0,1,122.47,2011-08-02 15:19:00,2011-08-02 15:19:00,128,1,1,4,411,One-Time Buyers,128,True
14077.0,5,499.41999999999996,2011-03-10 15:52:00,2011-10-30 12:35:00,40,3,3,3,333,Regular,40,False
14078.0,6,1049.37,2010-12-01 12:54:00,2011-08-30 12:16:00,101,3,4,4,434,Regular,101,True
14079.0,1,375.1,2011-08-07 12:10:00,2011-08-07 12:10:00,124,1,2,4,412,One-Time Buyers,124,True
14080.0,1,45.599999999999994,2011-11-07 11:09:00,2011-11-07 11:09:00,32,1,1,2,211,At Risk,32,False
14081.0,2,934.52,2010-12-05 15:47:00,2011-02-10 16:17:00,301,1,3,5,513,One-Time Buyers,301,True
14082.0,1,182.25,2010-12-10 11:02:00,2010-12-10 11:02:00,364,1,1,5,511,One-Time Buyers,364,True
14083.0,9,1018.43,2010-12-03 12:24:00,2011-12-05 13:14:00,3,4,4,1,144,Loyal Customers,3,False
14085.0,18,4448.54,2010-12-06 12:39:00,2011-12-07 13:46:00,1,4,5,1,145,Loyal Customers,1,False
14087.0,1,194.42,2011-12-07 12:41:00,2011-12-07 12:41:00,2,1,1,1,111,At Risk,2,False
14088.0,13,50491.81,2011-01-21 13:07:00,2011-11-29 16:16:00,9,4,5,1,145,Loyal Customers,9,False
14089.0,1,161.0,2011-10-14 10:38:00,2011-10-14 10:38:00,56,1,1,3,311,One-Time Buyers,56,False
14090.0,1,76.32000000000001,2011-01-19 10:51:00,2011-01-19 10:51:00,324,1,1,5,511,One-Time Buyers,324,True
14092.0,14,4076.91,2010-12-16 15:47:00,2011-12-02 12:13:00,7,4,5,1,145,Loyal Customers,7,False
14093.0,1,442.85,2011-11-27 16:27:00,2011-11-27 16:27:00,11,1,2,1,112,At Risk,11,False
14096.0,17,65164.79,2011-08-30 10:49:00,2011-12-05 17:17:00,3,4,5,1,145,Loyal Customers,3,False
14098.0,1,147.35,2011-11-03 10:13:00,2011-11-03 10:13:00,36,1,1,3,311,One-Time Buyers,36,False
14099.0,11,3104.17,2010-12-20 11:14:00,2011-11-23 13:53:00,15,4,5,2,245,Loyal Customers,15,False
14100.0,1,194.9,2011-07-25 11:01:00,2011-07-25 11:01:00,137,1,1,4,411,One-Time Buyers,137,True
14101.0,6,5976.79,2011-01-17 13:09:00,2011-09-27 12:28:00,73,3,5,4,435,Regular,73,False
14102.0,5,1360.28,2011-10-26 12:46:00,2011-12-04 15:38:00,4,3,4,1,134,At Risk,4,False
14104.0,2,216.20999999999998,2011-06-27 12:49:00,2011-07-08 12:50:00,154,1,1,4,411,One-Time Buyers,154,True
14105.0,1,1266.23,2011-04-14 17:58:00,2011-04-14 17:58:00,238,1,4,5,514,One-Time Buyers,238,True
14107.0,7,2703.23,2010-12-10 13:29:00,2011-10-19 12:12:00,51,4,5,3,345,Loyal Customers,51,False
14108.0,2,597.91,2011-08-30 11:32:00,2011-11-09 10:41:00,30,1,3,2,213,At Risk,30,False
14109.0,1,144.2,2011-09-28 10:18:00,2011-09-28 10:18:00,72,1,1,4,411,One-Time Buyers,72,False
14110.0,12,5683.15,2011-03-18 09:59:00,2011-12-06 12:26:00,3,4,5,1,145,Loyal Customers,3,False
14111.0,4,692.85,2011-04-12 11:36:00,2011-11-25 13:44:00,13,3,3,2,233,At Risk,13,False
14112.0,7,2915.15,2011-03-09 11:28:00,2011-11-17 12:30:00,22,4,5,2,245,Loyal Customers,22,False
14113.0,4,1840.42,2010-12-20 12:14:00,2011-12-06 12:18:00,3,3,4,1,134,At Risk,3,False
14114.0,2,386.53,2011-01-13 11:05:00,2011-03-11 09:42:00,273,1,2,5,512,One-Time Buyers,273,True
14116.0,5,1382.74,2011-08-10 12:44:00,2011-11-20 10:29:00,19,3,4,2,234,At Risk,19,False
14117.0,1,90.0,2011-07-19 09:49:00,2011-07-19 09:49:00,143,1,1,4,411,One-Time Buyers,143,True
14121.0,4,2780.15,2011-10-11 10:39:00,2011-12-06 12:19:00,3,3,5,1,135,At Risk,3,False
14124.0,1,419.58000000000004,2011-09-16 13:32:00,2011-09-16 13:32:00,83,1,2,4,412,One-Time Buyers,83,False
14125.0,3,2740.43,2011-09-22 15:40:00,2011-11-29 12:47:00,10,2,5,1,125,At Risk,10,False
14126.0,3,706.1300000000001,2011-11-29 12:21:00,2011-12-02 11:45:00,7,2,3,1,123,At Risk,7,False
14127.0,3,709.71,2011-02-02 12:26:00,2011-08-09 10:49:00,122,2,3,4,423,Regular,122,True
14128.0,2,637.5,2011-03-29 10:49:00,2011-10-10 12:00:00,60,1,3,3,313,One-Time Buyers,60,False
14129.0,5,1123.8600000000001,2011-03-24 08:44:00,2011-12-08 11:02:00,1,3,4,1,134,At Risk,1,False
14130.0,1,483.86,2011-01-24 16:05:00,2011-01-24 16:05:00,318,1,2,5,512,One-Time Buyers,318,True
14132.0,11,3586.0299999999997,2011-06-09 12:04:00,2011-12-07 13:35:00,1,4,5,1,145,Loyal Customers,1,False
14133.0,3,605.64,2011-01-28 11:27:00,2011-08-02 11:34:00,129,2,3,4,423,Regular,129,True
14135.0,15,4690.31,2010-12-02 10:27:00,2011-12-08 11:38:00,1,4,5,1,145,Loyal Customers,1,False
14138.0,2,982.3800000000001,2011-10-07 09:38:00,2011-12-08 12:44:00,1,1,4,1,114,At Risk,1,False
14139.0,1,415.82,2011-10-24 13:34:00,2011-10-24 13:34:00,45,1,2,3,312,One-Time Buyers,45,False
14140.0,2,935.05,2011-11-08 11:20:00,2011-12-06 09:05:00,3,1,3,1,113,At Risk,3,False
14141.0,4,915.13,2011-08-26 14:40:00,2011-12-07 09:53:00,2,3,3,1,133,At Risk,2,False
14142.0,1,311.81,2010-12-01 16:33:00,2010-12-01 16:33:00,372,1,2,5,512,One-Time Buyers,372,True
14143.0,1,115.8,2011-07-29 09:48:00,2011-07-29 09:48:00,133,1,1,4,411,One-Time Buyers,133,True
14145.0,4,3742.2,2011-05-06 13:01:00,2011-10-24 12:10:00,46,3,5,3,335,Regular,46,False
14146.0,5,4191.0,2010-12-17 15:52:00,2011-12-01 10:18:00,8,3,5,1,135,At Risk,8,False
14147.0,2,483.4,2011-02-27 11:42:00,2011-09-22 18:10:00,77,1,2,4,412,One-Time Buyers,77,False
14148.0,1,157.2,2011-04-20 12:02:00,2011-04-20 12:02:00,233,1,1,5,511,One-Time Buyers,233,True
14149.0,1,446.62,2011-05-03 09:44:00,2011-05-03 09:44:00,220,1,2,5,512,One-Time Buyers,220,True
14150.0,2,658.64,2010-12-15 10:04:00,2011-11-04 10:05:00,35,1,3,3,313,One-Time Buyers,35,False
14152.0,2,621.29,2011-04-19 15:46:00,2011-09-25 12:54:00,74,1,3,4,413,One-Time Buyers,74,False
14154.0,2,1345.62,2011-04-14 15:58:00,2011-04-14 16:26:00,238,1,4,5,514,One-Time Buyers,238,True
14155.0,1,118.75,2011-03-18 14:13:00,2011-03-18 14:13:00,265,1,1,5,511,One-Time Buyers,265,True
14156.0,55,117379.63,2010-12-03 11:48:00,2011-11-30 10:54:00,9,4,5,1,145,Loyal Customers,9,False
14157.0,2,432.88,2011-02-27 13:04:00,2011-11-20 11:32:00,19,1,2,2,212,At Risk,19,False
14158.0,1,507.66,2011-10-30 15:08:00,2011-10-30 15:08:00,39,1,3,3,313,One-Time Buyers,39,False
14159.0,11,4693.01,2010-12-12 11:17:00,2011-11-20 12:36:00,19,4,5,2,245,Loyal Customers,19,False
14161.0,3,1110.52,2010-12-05 13:18:00,2011-05-08 11:41:00,215,2,4,5,524,Regular,215,True
14162.0,2,289.36,2011-02-20 12:32:00,2011-06-19 11:36:00,173,1,2,4,412,One-Time Buyers,173,True
14163.0,4,2445.91,2011-04-14 17:33:00,2011-09-13 15:18:00,86,3,5,4,435,Regular,86,False
14164.0,2,1631.77,2011-09-20 12:18:00,2011-09-30 12:24:00,70,1,4,3,314,One-Time Buyers,70,False
14165.0,1,122.53999999999999,2011-03-09 12:39:00,2011-03-09 12:39:00,275,1,1,5,511,One-Time Buyers,275,True
14167.0,4,574.84,2011-01-12 15:44:00,2011-10-31 14:29:00,38,3,3,3,333,Regular,38,False
14171.0,1,363.79,2011-09-02 16:43:00,2011-09-02 16:43:00,97,1,2,4,412,One-Time Buyers,97,True
14173.0,4,450.84,2011-05-04 14:03:00,2011-11-29 11:54:00,10,3,2,1,132,At Risk,10,False
14174.0,1,134.46,2011-11-06 13:17:00,2011-11-06 13:17:00,32,1,1,2,211,At Risk,32,False
14175.0,3,3222.3,2011-01-14 12:22:00,2011-10-11 11:55:00,59,2,5,3,325,Regular,59,False
14176.0,4,576.9000000000001,2010-12-07 11:45:00,2011-02-15 13:12:00,296,3,3,5,533,Regular,296,True
14177.0,4,559.41,2011-06-13 11:10:00,2011-09-14 15:11:00,85,3,3,4,433,Regular,85,False
14178.0,7,1620.93,2011-06-10 12:51:00,2011-12-01 12:01:00,8,4,4,1,144,Loyal Customers,8,False
14179.0,2,719.78,2011-10-18 14:00:00,2011-10-30 12:07:00,40,1,3,3,313,One-Time Buyers,40,False
14180.0,25,4748.52,2010-12-02 13:08:00,2011-11-29 10:56:00,10,4,5,1,145,Loyal Customers,10,False
14184.0,1,452.89,2011-10-04 12:43:00,2011-10-04 12:43:00,66,1,2,3,312,One-Time Buyers,66,False
14185.0,1,197.65,2011-01-12 13:52:00,2011-01-12 13:52:00,330,1,1,5,511,One-Time Buyers,330,True
14188.0,6,2054.36,2011-02-02 13:46:00,2011-11-09 12:45:00,30,3,4,2,234,At Risk,30,False
14189.0,15,4654.08,2010-12-06 11:42:00,2011-12-07 15:55:00,1,4,5,1,145,Loyal Customers,1,False
14191.0,13,4684.76,2011-05-03 10:30:00,2011-12-08 09:23:00,1,4,5,1,145,Loyal Customers,1,False
14193.0,2,853.39,2011-03-15 11:38:00,2011-10-03 09:34:00,67,1,3,3,313,One-Time Buyers,67,False
14194.0,21,11349.52,2011-02-04 14:51:00,2011-12-05 10:38:00,4,4,5,1,145,Loyal Customers,4,False
14195.0,2,1012.0,2011-04-01 16:50:00,2011-05-22 10:29:00,201,1,4,5,514,One-Time Buyers,201,True
14196.0,1,335.52,2011-08-25 10:25:00,2011-08-25 10:25:00,106,1,2,4,412,One-Time Buyers,106,True
14198.0,4,701.4,2011-04-14 14:54:00,2011-11-21 16:35:00,17,3,3,2,233,At Risk,17,False
14199.0,1,185.39999999999998,2011-05-05 13:44:00,2011-05-05 13:44:00,217,1,1,5,511,One-Time Buyers,217,True
14201.0,7,747.44,2010-12-15 13:25:00,2011-10-10 13:27:00,59,4,3,3,343,Loyal Customers,59,False
14204.0,1,161.03,2011-12-07 13:38:00,2011-12-07 13:38:00,1,1,1,1,111,At Risk,1,False
14205.0,2,466.7,2011-03-20 15:07:00,2011-11-23 10:55:00,16,1,2,2,212,At Risk,16,False
14206.0,1,328.15999999999997,2011-04-14 16:38:00,2011-04-14 16:38:00,238,1,2,5,512,One-Time Buyers,238,True
14208.0,1,151.74,2011-09-06 12:48:00,2011-09-06 12:48:00,94,1,1,4,411,One-Time Buyers,94,True
14209.0,6,2073.43,2011-01-11 12:56:00,2011-11-29 10:18:00,10,3,5,1,135,At Risk,10,False
14210.0,6,1905.8400000000001,2010-12-03 12:43:00,2011-08-26 12:36:00,105,3,4,4,434,Regular,105,True
14211.0,9,2241.1,2011-02-17 15:50:00,2011-10-17 13:23:00,52,4,5,3,345,Loyal Customers,52,False
14212.0,1,1070.48,2011-09-11 12:45:00,2011-09-11 12:45:00,89,1,4,4,414,One-Time Buyers,89,False
14214.0,5,1004.38,2011-03-07 12:26:00,2011-11-09 10:31:00,30,3,4,2,234,At Risk,30,False
14215.0,6,1789.72,2010-12-06 15:34:00,2011-11-28 12:19:00,11,3,4,1,134,At Risk,11,False
14216.0,4,1839.3,2011-11-02 10:51:00,2011-12-06 14:56:00,2,3,4,1,134,At Risk,2,False
14217.0,17,2004.98,2010-12-08 13:28:00,2011-12-08 11:53:00,1,4,4,1,144,Loyal Customers,1,False
14218.0,1,169.48000000000002,2011-10-28 10:00:00,2011-10-28 10:00:00,42,1,1,3,311,One-Time Buyers,42,False
14219.0,1,89.94,2011-12-05 16:23:00,2011-12-05 16:23:00,3,1,1,1,111,At Risk,3,False
14220.0,2,632.4,2010-12-16 18:18:00,2011-04-06 13:23:00,246,1,3,5,513,One-Time Buyers,246,True
14221.0,9,3432.8,2011-01-04 15:33:00,2011-10-28 13:42:00,41,4,5,3,345,Loyal Customers,41,False
14222.0,1,683.17,2011-06-15 16:42:00,2011-06-15 16:42:00,176,1,3,4,413,One-Time Buyers,176,True
14223.0,3,991.13,2011-03-20 16:02:00,2011-09-08 13:38:00,91,2,4,4,424,Regular,91,True
14224.0,4,1050.12,2011-01-23 13:58:00,2011-08-21 13:24:00,109,3,4,4,434,Regular,109,True
14226.0,5,2232.19,2011-03-15 15:36:00,2011-11-11 11:34:00,28,3,5,2,235,At Risk,28,False
14227.0,10,3350.96,2011-02-28 12:27:00,2011-11-13 15:48:00,25,4,5,2,245,Loyal Customers,25,False
14229.0,3,1547.2,2011-01-10 12:03:00,2011-10-19 10:04:00,51,2,4,3,324,Regular,51,False
14231.0,3,925.71,2011-02-24 11:55:00,2011-06-09 11:05:00,183,2,3,5,523,Regular,183,True
14232.0,5,2048.07,2011-03-20 12:44:00,2011-10-28 11:09:00,42,3,4,3,334,Regular,42,False
14233.0,4,1462.72,2011-01-26 12:43:00,2011-10-21 15:54:00,48,3,4,3,334,Regular,48,False
14234.0,4,775.46,2011-10-13 13:58:00,2011-11-17 17:53:00,21,3,3,2,233,At Risk,21,False
14235.0,5,3144.86,2011-03-24 13:23:00,2011-09-25 14:37:00,74,3,5,4,435,Regular,74,False
14236.0,2,490.86,2010-12-02 18:49:00,2011-09-20 09:13:00,80,1,3,4,413,One-Time Buyers,80,False
14237.0,1,161.0,2010-12-01 13:20:00,2010-12-01 13:20:00,372,1,1,5,511,One-Time Buyers,372,True
14238.0,1,146.85,2011-01-17 14:40:00,2011-01-17 14:40:00,325,1,1,5,511,One-Time Buyers,325,True
14239.0,11,2380.85,2011-01-27 14:45:00,2011-10-27 14:40:00,42,4,5,3,345,Loyal Customers,42,False
14240.0,2,890.34,2011-04-28 11:40:00,2011-11-09 13:45:00,29,1,3,2,213,At Risk,29,False
14241.0,1,213.70000000000002,2011-06-09 11:46:00,2011-06-09 11:46:00,183,1,1,5,511,One-Time Buyers,183,True
14242.0,2,280.55,2011-01-18 08:53:00,2011-04-19 11:46:00,234,1,2,5,512,One-Time Buyers,234,True
14243.0,10,2588.77,2010-12-09 08:34:00,2011-12-01 11:12:00,8,4,5,1,145,Loyal Customers,8,False
14245.0,2,1693.45,2011-03-21 10:41:00,2011-05-04 08:40:00,219,1,4,5,514,One-Time Buyers,219,True
14246.0,3,1474.06,2011-04-08 08:25:00,2011-08-21 11:50:00,110,2,4,4,424,Regular,110,True
14247.0,1,136.76999999999998,2011-03-06 15:21:00,2011-03-06 15:21:00,277,1,1,5,511,One-Time Buyers,277,True
14248.0,1,302.58,2011-01-25 14:45:00,2011-01-25 14:45:00,317,1,2,5,512,One-Time Buyers,317,True
14250.0,3,1904.05,2011-09-11 13:44:00,2011-12-02 14:30:00,6,2,4,1,124,At Risk,6,False
14251.0,5,2879.7000000000003,2011-10-13 12:46:00,2011-12-08 08:32:00,1,3,5,1,135,At Risk,1,False
14256.0,2,969.0600000000001,2010-12-10 11:44:00,2011-03-24 13:17:00,259,1,4,5,514,One-Time Buyers,259,True
14257.0,5,3099.7200000000003,2011-01-25 10:49:00,2011-10-06 16:54:00,63,3,5,3,335,Regular,63,False
14258.0,9,12669.98,2011-01-06 12:18:00,2011-11-30 15:27:00,8,4,5,1,145,Loyal Customers,8,False
14259.0,1,120.0,2011-07-21 10:44:00,2011-07-21 10:44:00,141,1,1,4,411,One-Time Buyers,141,True
14261.0,2,1163.45,2011-09-22 10:47:00,2011-10-20 10:04:00,50,1,4,3,314,One-Time Buyers,50,False
14262.0,8,2618.23,2011-04-13 12:23:00,2011-12-01 14:17:00,7,4,5,1,145,Loyal Customers,7,False
14264.0,2,333.97,2011-04-08 12:20:00,2011-07-08 10:20:00,154,1,2,4,412,One-Time Buyers,154,True
14265.0,2,530.18,2011-07-14 09:10:00,2011-08-22 13:32:00,108,1,3,4,413,One-Time Buyers,108,True
14267.0,3,1516.24,2011-03-24 11:38:00,2011-06-30 10:09:00,162,2,4,4,424,Regular,162,True
14270.0,1,492.65000000000003,2011-01-12 09:33:00,2011-01-12 09:33:00,331,1,3,5,513,One-Time Buyers,331,True
14271.0,1,112.32,2011-04-28 12:47:00,2011-04-28 12:47:00,225,1,1,5,511,One-Time Buyers,225,True
14272.0,2,437.96,2011-03-30 13:57:00,2011-09-27 10:08:00,73,1,2,4,412,One-Time Buyers,73,False
14273.0,4,559.97,2011-04-11 13:24:00,2011-10-19 13:20:00,50,3,3,3,333,Regular,50,False
14276.0,3,1119.74,2011-02-23 09:38:00,2011-09-02 09:45:00,98,2,4,4,424,Regular,98,True
14277.0,3,4216.2,2011-05-11 13:20:00,2011-11-24 15:01:00,14,2,5,2,225,At Risk,14,False
14280.0,1,134.04,2011-05-27 10:37:00,2011-05-27 10:37:00,196,1,1,5,511,One-Time Buyers,196,True
14282.0,15,3729.34,2010-12-07 12:21:00,2011-12-06 17:04:00,2,4,5,1,145,Loyal Customers,2,False
14284.0,2,595.25,2011-09-14 13:04:00,2011-11-09 08:11:00,30,1,3,2,213,At Risk,30,False
14285.0,4,1910.01,2011-06-16 12:36:00,2011-11-18 14:50:00,20,3,4,2,234,At Risk,20,False
14286.0,3,4628.75,2011-04-11 08:16:00,2011-11-16 10:34:00,23,2,5,2,225,At Risk,23,False
14287.0,3,176.63,2011-05-25 11:41:00,2011-12-01 13:25:00,7,2,1,1,121,At Risk,7,False
14288.0,1,426.6,2011-05-10 13:22:00,2011-05-10 13:22:00,212,1,2,5,512,One-Time Buyers,212,True
14289.0,6,911.26,2011-02-23 12:33:00,2011-12-01 11:44:00,8,3,3,1,133,At Risk,8,False
14290.0,5,2314.65,2010-12-13 10:24:00,2011-11-28 14:02:00,10,3,5,1,135,At Risk,10,False
14291.0,11,3883.25,2011-03-09 15:20:00,2011-12-08 10:26:00,1,4,5,1,145,Loyal Customers,1,False
14292.0,9,4871.93,2011-03-02 08:26:00,2011-12-02 11:50:00,7,4,5,1,145,Loyal Customers,7,False
14293.0,4,1046.56,2010-12-06 10:18:00,2011-12-06 15:17:00,2,3,4,1,134,At Risk,2,False
14295.0,1,166.20000000000002,2011-10-30 15:50:00,2011-10-30 15:50:00,39,1,1,3,311,One-Time Buyers,39,False
14297.0,4,1305.33,2011-03-10 08:31:00,2011-11-22 09:06:00,17,3,4,2,234,At Risk,17,False
14298.0,44,51527.3,2010-12-14 12:59:00,2011-12-01 13:12:00,7,4,5,1,145,Loyal Customers,7,False
14299.0,9,3965.62,2010-12-09 10:30:00,2011-12-01 16:05:00,7,4,5,1,145,Loyal Customers,7,False
14300.0,1,43.2,2011-11-21 08:57:00,2011-11-21 08:57:00,18,1,1,2,211,At Risk,18,False
14301.0,1,640.14,2011-08-14 15:33:00,2011-08-14 15:33:00,116,1,3,4,413,One-Time Buyers,116,True
14304.0,1,383.45,2011-05-01 11:50:00,2011-05-01 11:50:00,222,1,2,5,512,One-Time Buyers,222,True
14305.0,3,1858.96,2011-07-27 14:14:00,2011-09-29 15:29:00,70,2,4,3,324,Regular,70,False
14306.0,2,2093.32,2011-09-15 10:31:00,2011-10-19 13:23:00,50,1,5,3,315,One-Time Buyers,50,False
14307.0,6,2995.72,2010-12-01 11:41:00,2011-09-12 09:38:00,88,3,5,4,435,Regular,88,False
14309.0,9,2352.53,2010-12-16 13:05:00,2011-12-01 13:33:00,7,4,5,1,145,Loyal Customers,7,False
14311.0,1,310.26,2011-04-11 10:14:00,2011-04-11 10:14:00,242,1,2,5,512,One-Time Buyers,242,True
14312.0,6,1611.59,2011-01-06 16:35:00,2011-10-24 09:46:00,46,3,4,3,334,Regular,46,False
14314.0,1,120.0,2011-08-25 10:39:00,2011-08-25 10:39:00,106,1,1,4,411,One-Time Buyers,106,True
14315.0,6,2481.13,2011-03-18 12:59:00,2011-10-26 12:06:00,44,3,5,3,335,Regular,44,False
14317.0,1,508.58000000000004,2011-10-06 10:44:00,2011-10-06 10:44:00,64,1,3,3,313,One-Time Buyers,64,False
14320.0,2,477.79,2011-01-11 09:12:00,2011-05-17 09:24:00,206,1,2,5,512,One-Time Buyers,206,True
14321.0,5,1530.75,2011-01-10 11:35:00,2011-11-29 09:47:00,10,3,4,1,134,At Risk,10,False
14323.0,2,605.0600000000001,2011-04-15 11:44:00,2011-08-17 11:37:00,114,1,3,4,413,One-Time Buyers,114,True
14326.0,1,183.85,2011-04-11 15:04:00,2011-04-11 15:04:00,241,1,1,5,511,One-Time Buyers,241,True
14327.0,1,311.65,2011-06-29 13:58:00,2011-06-29 13:58:00,162,1,2,4,412,One-Time Buyers,162,True
14329.0,7,5014.84,2011-01-14 13:42:00,2011-11-22 15:50:00,16,4,5,2,245,Loyal Customers,16,False
14331.0,2,462.65999999999997,2011-07-27 15:14:00,2011-08-07 13:17:00,123,1,2,4,412,One-Time Buyers,123,True
14332.0,3,866.31,2011-07-15 10:33:00,2011-11-17 11:54:00,22,2,3,2,223,At Risk,22,False
14333.0,1,415.2,2011-10-03 10:38:00,2011-10-03 10:38:00,67,1,2,3,312,One-Time Buyers,67,False
14334.0,8,2552.21,2010-12-16 17:37:00,2011-11-23 10:01:00,16,4,5,2,245,Loyal Customers,16,False
14335.0,2,468.26,2011-09-04 13:07:00,2011-11-23 13:41:00,15,1,2,2,212,At Risk,15,False
14336.0,4,1614.91,2011-03-08 16:48:00,2011-11-23 11:40:00,16,3,4,2,234,At Risk,16,False
14338.0,2,588.22,2011-05-27 13:30:00,2011-07-01 14:08:00,160,1,3,4,413,One-Time Buyers,160,True
14339.0,1,309.52,2011-04-11 11:06:00,2011-04-11 11:06:00,242,1,2,5,512,One-Time Buyers,242,True
14340.0,1,134.7,2011-05-05 09:44:00,2011-05-05 09:44:00,218,1,1,5,511,One-Time Buyers,218,True
14341.0,8,2182.28,2011-01-25 13:55:00,2011-10-25 15:48:00,44,4,5,3,345,Loyal Customers,44,False
14342.0,4,668.5600000000001,2011-05-13 13:50:00,2011-11-18 13:21:00,20,3,3,2,233,At Risk,20,False
14344.0,8,889.9300000000001,2010-12-06 11:58:00,2011-08-04 13:51:00,126,4,3,4,443,Champions,126,True
14345.0,1,108.97999999999999,2011-11-01 09:51:00,2011-11-01 09:51:00,38,1,1,3,311,One-Time Buyers,38,False
14346.0,2,1021.58,2011-02-15 13:52:00,2011-08-11 09:47:00,120,1,4,4,414,One-Time Buyers,120,True
14348.0,1,409.57,2011-03-24 16:23:00,2011-03-24 16:23:00,259,1,2,5,512,One-Time Buyers,259,True
14349.0,1,133.5,2011-11-29 15:39:00,2011-11-29 15:39:00,9,1,1,1,111,At Risk,9,False
14350.0,1,282.93,2011-03-10 14:14:00,2011-03-10 14:14:00,273,1,2,5,512,One-Time Buyers,273,True
14351.0,1,51.0,2011-06-28 11:56:00,2011-06-28 11:56:00,164,1,1,4,411,One-Time Buyers,164,True
14352.0,4,1078.96,2011-03-11 14:58:00,2011-07-05 15:41:00,156,3,4,4,434,Regular,156,True
14353.0,1,90.6,2011-05-08 16:06:00,2011-05-08 16:06:00,214,1,1,5,511,One-Time Buyers,214,True
14354.0,2,163.62,2011-11-09 15:36:00,2011-12-04 11:32:00,5,1,1,1,111,At Risk,5,False
14355.0,1,174.4,2010-12-09 12:16:00,2010-12-09 12:16:00,365,1,1,5,511,One-Time Buyers,365,True
14356.0,2,701.23,2011-09-19 14:43:00,2011-09-21 09:18:00,79,1,3,4,413,One-Time Buyers,79,False
14357.0,1,225.77,2011-10-27 16:23:00,2011-10-27 16:23:00,42,1,1,3,311,One-Time Buyers,42,False
14359.0,3,912.18,2011-09-13 09:03:00,2011-11-20 13:17:00,18,2,3,2,223,At Risk,18,False
14360.0,4,2128.23,2011-09-06 11:58:00,2011-11-08 09:12:00,31,3,5,2,235,At Risk,31,False
14362.0,1,161.2,2011-11-17 15:08:00,2011-11-17 15:08:00,21,1,1,2,211,At Risk,21,False
14364.0,8,3717.35,2011-05-12 12:56:00,2011-08-23 11:01:00,108,4,5,4,445,Champions,108,True
14367.0,16,9261.52,2011-03-08 14:12:00,2011-12-01 13:19:00,7,4,5,1,145,Loyal Customers,7,False
14368.0,1,155.0,2011-01-24 09:52:00,2011-01-24 09:52:00,319,1,1,5,511,One-Time Buyers,319,True
14371.0,1,100.5,2011-02-17 16:35:00,2011-02-17 16:35:00,294,1,1,5,511,One-Time Buyers,294,True
14373.0,1,76.55,2010-12-16 15:40:00,2010-12-16 15:40:00,357,1,1,5,511,One-Time Buyers,357,True
14375.0,1,257.68,2011-06-07 13:44:00,2011-06-07 13:44:00,184,1,2,5,512,One-Time Buyers,184,True
14377.0,2,617.05,2011-03-22 13:38:00,2011-06-01 13:32:00,190,1,3,5,513,One-Time Buyers,190,True
14379.0,2,348.1,2011-02-17 15:03:00,2011-10-26 16:43:00,43,1,2,3,312,One-Time Buyers,43,False
14381.0,1,202.68,2011-10-18 17:10:00,2011-10-18 17:10:00,51,1,1,3,311,One-Time Buyers,51,False
14382.0,1,626.0699999999999,2011-11-13 16:18:00,2011-11-13 16:18:00,25,1,3,2,213,At Risk,25,False
14383.0,3,1247.69,2011-06-29 10:18:00,2011-11-01 15:53:00,37,2,4,3,324,Regular,37,False
14385.0,3,202.11,2011-11-16 11:55:00,2011-11-30 15:36:00,8,2,1,1,121,At Risk,8,False
14386.0,1,142.4,2011-02-16 09:45:00,2011-02-16 09:45:00,296,1,1,5,511,One-Time Buyers,296,True
14387.0,3,1770.56,2011-08-22 14:13:00,2011-11-07 12:29:00,32,2,4,2,224,At Risk,32,False
14388.0,8,3212.84,2010-12-02 11:02:00,2011-11-29 13:32:00,9,4,5,1,145,Loyal Customers,9,False
14389.0,2,1043.46,2011-06-02 12:04:00,2011-10-05 15:17:00,64,1,4,3,314,One-Time Buyers,64,False
14390.0,9,4652.82,2010-12-02 11:57:00,2011-11-29 13:49:00,9,4,5,1,145,Loyal Customers,9,False
14393.0,1,67.95,2011-05-05 18:16:00,2011-05-05 18:16:00,217,1,1,5,511,One-Time Buyers,217,True
14395.0,9,3507.71,2010-12-02 18:15:00,2011-12-07 14:34:00,1,4,5,1,145,Loyal Customers,1,False
14396.0,2,487.99,2010-12-03 15:19:00,2011-10-05 16:09:00,64,1,2,3,312,One-Time Buyers,64,False
14397.0,19,2612.96,2011-05-10 12:25:00,2011-12-07 09:22:00,2,4,5,1,145,Loyal Customers,2,False
14400.0,1,574.7,2011-07-13 15:50:00,2011-07-13 15:50:00,148,1,3,4,413,One-Time Buyers,148,True
14401.0,13,4051.48,2010-12-15 09:07:00,2011-12-05 13:30:00,3,4,5,1,145,Loyal Customers,3,False
14403.0,4,1475.81,2011-04-06 14:23:00,2011-08-01 12:57:00,129,3,4,4,434,Regular,129,True
14404.0,6,1474.32,2010-12-05 16:00:00,2011-11-06 12:30:00,33,3,4,3,334,Regular,33,False
14406.0,1,156.75,2011-08-12 16:54:00,2011-08-12 16:54:00,118,1,1,4,411,One-Time Buyers,118,True
14407.0,6,2157.73,2011-03-08 11:59:00,2011-08-24 14:02:00,106,3,5,4,435,Regular,106,True
14408.0,7,2606.53,2011-03-20 14:41:00,2011-11-29 11:41:00,10,4,5,1,145,Loyal Customers,10,False
14409.0,6,2059.4500000000003,2010-12-06 15:03:00,2011-09-29 18:18:00,70,3,5,3,335,Regular,70,False
14410.0,9,1105.07,2011-02-07 09:36:00,2011-09-08 15:08:00,91,4,4,4,444,Champions,91,True
14411.0,1,1063.0,2011-02-02 10:56:00,2011-02-02 10:56:00,310,1,4,5,514,One-Time Buyers,310,True
14412.0,2,770.03,2011-09-28 08:48:00,2011-10-28 10:45:00,42,1,3,3,313,One-Time Buyers,42,False
14413.0,1,122.7,2010-12-12 13:37:00,2010-12-12 13:37:00,361,1,1,5,511,One-Time Buyers,361,True
14414.0,7,1496.98,2010-12-16 11:11:00,2011-09-09 12:09:00,91,4,4,4,444,Champions,91,True
14415.0,13,5900.28,2010-12-14 13:31:00,2011-12-08 14:38:00,0,4,5,1,145,Loyal Customers,0,False
14416.0,2,490.22,2011-10-28 15:10:00,2011-11-17 15:22:00,21,1,3,2,213,At Risk,21,False
14418.0,3,1937.25,2011-08-23 17:18:00,2011-12-06 11:39:00,3,2,4,1,124,At Risk,3,False
14419.0,6,1058.06,2010-12-10 10:56:00,2011-11-29 11:22:00,10,3,4,1,134,At Risk,10,False
14420.0,1,387.52,2011-09-01 18:07:00,2011-09-01 18:07:00,98,1,2,4,412,One-Time Buyers,98,True
14421.0,2,813.11,2011-05-12 10:49:00,2011-10-13 13:24:00,56,1,3,3,313,One-Time Buyers,56,False
14422.0,6,4263.64,2011-03-17 17:26:00,2011-12-09 11:26:00,0,3,5,1,135,At Risk,0,False
14423.0,1,265.2,2011-05-05 15:12:00,2011-05-05 15:12:00,217,1,2,5,512,One-Time Buyers,217,True
14424.0,1,322.08,2011-11-22 11:48:00,2011-11-22 11:48:00,17,1,2,2,212,At Risk,17,False
14426.0,10,4481.67,2011-01-31 09:51:00,2011-11-16 12:25:00,23,4,5,2,245,Loyal Customers,23,False
14427.0,2,363.34000000000003,2011-10-07 09:10:00,2011-10-20 14:23:00,49,1,2,3,312,One-Time Buyers,49,False
14428.0,5,1244.83,2011-01-18 16:39:00,2011-12-02 13:17:00,6,3,4,1,134,At Risk,6,False
14431.0,1,470.36,2011-02-10 10:40:00,2011-02-10 10:40:00,302,1,2,5,512,One-Time Buyers,302,True
14432.0,6,2255.51,2011-09-11 14:09:00,2011-11-30 08:04:00,9,3,5,1,135,At Risk,9,False
14434.0,6,1372.8,2011-09-28 15:31:00,2011-11-18 08:56:00,21,3,4,2,234,At Risk,21,False
14436.0,1,89.06,2011-09-02 10:13:00,2011-09-02 10:13:00,98,1,1,4,411,One-Time Buyers,98,True
14437.0,1,63.0,2010-12-09 09:27:00,2010-12-09 09:27:00,365,1,1,5,511,One-Time Buyers,365,True
14438.0,1,131.9,2011-02-06 14:56:00,2011-02-06 14:56:00,305,1,1,5,511,One-Time Buyers,305,True
14439.0,1,2661.24,2011-01-24 11:39:00,2011-01-24 11:39:00,319,1,5,5,515,One-Time Buyers,319,True
14440.0,5,2357.6800000000003,2010-12-09 12:49:00,2011-12-01 15:42:00,7,3,5,1,135,At Risk,7,False
14441.0,4,1712.89,2011-03-29 12:01:00,2011-12-09 09:07:00,0,3,4,1,134,At Risk,0,False
14442.0,2,1589.82,2011-01-27 09:33:00,2011-05-19 11:36:00,204,1,4,5,514,One-Time Buyers,204,True
14443.0,4,1420.2,2010-12-06 11:03:00,2011-10-17 10:10:00,53,3,4,3,334,Regular,53,False
14446.0,4,1039.58,2011-04-07 12:10:00,2011-12-09 11:34:00,0,3,4,1,134,At Risk,0,False
14447.0,5,1163.23,2011-03-04 10:49:00,2011-11-21 08:28:00,18,3,4,2,234,At Risk,18,False
14448.0,2,375.35,2010-12-10 17:26:00,2011-11-30 13:50:00,8,1,2,1,112,At Risk,8,False
14449.0,4,907.1,2010-12-02 14:09:00,2011-11-21 12:06:00,18,3,3,2,233,At Risk,18,False
14450.0,3,483.25,2011-01-23 11:53:00,2011-06-12 10:46:00,180,2,2,5,522,Regular,180,True
14451.0,2,662.59,2011-05-29 12:35:00,2011-10-10 13:38:00,59,1,3,3,313,One-Time Buyers,59,False
14452.0,2,264.44,2011-09-07 11:32:00,2011-11-29 12:06:00,10,1,2,1,112,At Risk,10,False
14453.0,1,119.93,2011-06-02 14:15:00,2011-06-02 14:15:00,189,1,1,5,511,One-Time Buyers,189,True
14456.0,9,3062.4,2011-07-20 13:06:00,2011-12-04 13:59:00,4,4,5,1,145,Loyal Customers,4,False
14457.0,1,113.64,2011-02-02 09:39:00,2011-02-02 09:39:00,310,1,1,5,511,One-Time Buyers,310,True
14459.0,1,1837.92,2011-07-07 13:35:00,2011-07-07 13:35:00,154,1,4,4,414,One-Time Buyers,154,True
14460.0,3,434.34,2011-02-02 11:55:00,2011-08-21 14:19:00,109,2,2,4,422,Regular,109,True
14461.0,3,2103.06,2011-03-23 12:15:00,2011-07-14 17:11:00,147,2,5,4,425,Regular,147,True
14462.0,11,2004.02,2011-01-04 12:45:00,2011-10-04 15:55:00,65,4,4,3,344,Loyal Customers,65,False
14463.0,3,529.62,2011-05-18 14:42:00,2011-09-02 15:20:00,97,2,3,4,423,Regular,97,True
14465.0,3,1058.6200000000001,2011-02-10 12:13:00,2011-04-07 12:38:00,246,2,4,5,524,Regular,246,True
14466.0,7,2272.4,2010-12-02 13:36:00,2011-11-10 14:07:00,28,4,5,2,245,Loyal Customers,28,False
14467.0,4,598.76,2011-01-31 12:35:00,2011-11-22 12:48:00,17,3,3,2,233,At Risk,17,False
14470.0,2,461.19,2011-02-25 11:56:00,2011-11-28 10:31:00,11,1,2,1,112,At Risk,11,False
14472.0,8,1936.84,2010-12-19 14:03:00,2011-08-28 11:01:00,103,4,4,4,444,Champions,103,True
14473.0,2,234.34000000000003,2011-03-02 13:56:00,2011-09-26 15:10:00,73,1,1,4,411,One-Time Buyers,73,False
14474.0,1,547.66,2011-10-24 13:26:00,2011-10-24 13:26:00,45,1,3,3,313,One-Time Buyers,45,False
14475.0,3,925.85,2011-02-08 10:12:00,2011-09-29 10:46:00,71,2,3,3,323,Regular,71,False
14476.0,1,215.7,2011-03-27 15:39:00,2011-03-27 15:39:00,256,1,1,5,511,One-Time Buyers,256,True
14477.0,4,1309.6,2011-02-15 15:44:00,2011-11-20 11:11:00,19,3,4,2,234,At Risk,19,False
14479.0,2,316.25,2010-12-09 12:59:00,2011-03-31 09:07:00,253,1,2,5,512,One-Time Buyers,253,True
14480.0,1,279.05,2011-11-28 16:35:00,2011-11-28 16:35:00,10,1,2,1,112,At Risk,10,False
14481.0,2,636.51,2011-02-25 13:53:00,2011-06-28 10:38:00,164,1,3,4,413,One-Time Buyers,164,True
14482.0,6,2068.15,2011-04-14 16:41:00,2011-11-21 13:14:00,17,3,5,2,235,At Risk,17,False
14483.0,1,137.1,2011-03-03 10:26:00,2011-03-03 10:26:00,281,1,1,5,511,One-Time Buyers,281,True
14484.0,1,321.92,2011-10-20 14:11:00,2011-10-20 14:11:00,49,1,2,3,312,One-Time Buyers,49,False
14485.0,1,165.75,2011-11-01 12:25:00,2011-11-01 12:25:00,38,1,1,3,311,One-Time Buyers,38,False
14487.0,6,1196.33,2010-12-06 13:22:00,2011-11-13 12:17:00,26,3,4,2,234,At Risk,26,False
14488.0,1,1064.28,2011-10-03 09:30:00,2011-10-03 09:30:00,67,1,4,3,314,One-Time Buyers,67,False
14489.0,1,463.38,2011-05-16 14:51:00,2011-05-16 14:51:00,206,1,2,5,512,One-Time Buyers,206,True
14491.0,2,340.93,2010-12-02 12:10:00,2011-06-17 15:22:00,174,1,2,4,412,One-Time Buyers,174,True
14493.0,5,2383.2400000000002,2011-07-07 16:59:00,2011-12-02 16:14:00,6,3,5,1,135,At Risk,6,False
14494.0,1,139.56,2011-11-14 09:21:00,2011-11-14 09:21:00,25,1,1,2,211,At Risk,25,False
14495.0,2,123.8,2011-08-10 14:13:00,2011-10-20 12:28:00,50,1,1,3,311,One-Time Buyers,50,False
14496.0,2,538.8100000000001,2010-12-01 15:35:00,2011-02-01 09:01:00,311,1,3,5,513,One-Time Buyers,311,True
14497.0,1,475.37,2011-02-03 17:01:00,2011-02-03 17:01:00,308,1,2,5,512,One-Time Buyers,308,True
14498.0,5,1957.32,2010-12-13 11:29:00,2011-10-28 12:09:00,42,3,4,3,334,Regular,42,False
14499.0,3,815.32,2011-03-06 11:55:00,2011-11-13 13:01:00,25,2,3,2,223,At Risk,25,False
14500.0,3,356.85,2011-06-03 10:08:00,2011-09-12 16:45:00,87,2,2,4,422,Regular,87,False
14501.0,2,251.21,2011-01-24 10:43:00,2011-06-09 12:02:00,183,1,2,5,512,One-Time Buyers,183,True
14502.0,11,2470.67,2011-01-30 15:52:00,2011-11-20 11:50:00,19,4,5,2,245,Loyal Customers,19,False
14503.0,6,3543.26,2011-06-14 10:00:00,2011-12-06 13:30:00,2,3,5,1,135,At Risk,2,False
14504.0,4,673.26,2011-03-06 14:38:00,2011-10-23 16:00:00,46,3,3,3,333,Regular,46,False
14505.0,8,5905.64,2010-12-12 16:14:00,2011-11-22 15:45:00,16,4,5,2,245,Loyal Customers,16,False
14506.0,5,2012.17,2010-12-05 14:25:00,2011-11-22 13:02:00,16,3,4,2,234,At Risk,16,False
14507.0,6,1383.18,2011-03-08 17:23:00,2011-11-16 12:21:00,23,3,4,2,234,At Risk,23,False
14508.0,2,276.42,2011-09-11 11:29:00,2011-11-17 19:48:00,21,1,2,2,212,At Risk,21,False
14511.0,5,1314.81,2011-07-29 12:13:00,2011-11-28 17:05:00,10,3,4,1,134,At Risk,10,False
14512.0,2,275.28,2011-04-21 19:05:00,2011-06-05 12:39:00,187,1,2,5,512,One-Time Buyers,187,True
14513.0,3,455.59000000000003,2011-02-24 09:36:00,2011-08-31 11:25:00,100,2,2,4,422,Regular,100,True
14514.0,3,1055.35,2011-01-12 15:22:00,2011-10-09 16:05:00,60,2,4,3,324,Regular,60,False
14515.0,6,2102.09,2011-05-05 12:13:00,2011-11-22 11:37:00,17,3,5,2,235,At Risk,17,False
14517.0,2,330.45,2011-07-21 11:42:00,2011-11-06 14:20:00,32,1,2,2,212,At Risk,32,False
14518.0,1,174.37,2011-10-06 14:43:00,2011-10-06 14:43:00,63,1,1,3,311,One-Time Buyers,63,False
14520.0,2,270.6,2011-02-22 09:15:00,2011-12-08 09:46:00,1,1,2,1,112,At Risk,1,False
14522.0,4,974.54,2011-05-25 16:01:00,2011-11-15 13:24:00,23,3,4,2,234,At Risk,23,False
14523.0,1,241.09,2011-08-23 13:13:00,2011-08-23 13:13:00,107,1,1,4,411,One-Time Buyers,107,True
14524.0,9,1867.68,2010-12-14 11:01:00,2011-11-08 12:29:00,31,4,4,2,244,Loyal Customers,31,False
14525.0,9,4332.2,2010-12-13 17:40:00,2011-11-20 11:37:00,19,4,5,2,245,Loyal Customers,19,False
14527.0,55,8508.82,2010-12-05 13:17:00,2011-12-07 12:19:00,2,4,5,1,145,Loyal Customers,2,False
14528.0,1,364.21999999999997,2011-11-02 17:09:00,2011-11-02 17:09:00,36,1,2,3,312,One-Time Buyers,36,False
14529.0,3,620.04,2011-08-21 14:10:00,2011-10-10 15:27:00,59,2,3,3,323,Regular,59,False
14530.0,6,2925.91,2011-02-16 10:47:00,2011-11-14 10:38:00,25,3,5,2,235,At Risk,25,False
14532.0,4,932.85,2010-12-22 13:48:00,2011-04-17 13:05:00,235,3,3,5,533,Regular,235,True
14533.0,7,1949.72,2010-12-22 11:07:00,2011-11-15 12:05:00,24,4,4,2,244,Loyal Customers,24,False
14534.0,18,4447.05,2011-01-25 12:33:00,2011-12-07 12:19:00,2,4,5,1,145,Loyal Customers,2,False
14535.0,3,2864.19,2011-04-05 12:50:00,2011-10-10 15:39:00,59,2,5,3,325,Regular,59,False
14536.0,1,171.8,2011-03-25 12:21:00,2011-03-25 12:21:00,259,1,1,5,511,One-Time Buyers,259,True
14537.0,1,355.56,2011-10-13 10:54:00,2011-10-13 10:54:00,57,1,2,3,312,One-Time Buyers,57,False
14538.0,2,388.25,2011-03-28 14:57:00,2011-10-06 10:31:00,64,1,2,3,312,One-Time Buyers,64,False
14539.0,2,537.48,2011-10-26 12:03:00,2011-11-24 09:50:00,15,1,3,2,213,At Risk,15,False
14540.0,3,996.26,2011-02-03 15:02:00,2011-11-30 10:15:00,9,2,4,1,124,At Risk,9,False
14541.0,8,1461.65,2011-01-24 14:16:00,2011-10-12 10:08:00,58,4,4,3,344,Loyal Customers,58,False
14542.0,1,103.25,2011-06-07 08:19:00,2011-06-07 08:19:00,185,1,1,5,511,One-Time Buyers,185,True
14543.0,16,3630.33,2010-12-10 11:51:00,2011-11-11 12:45:00,28,4,5,2,245,Loyal Customers,28,False
14544.0,2,2024.45,2010-12-13 12:50:00,2011-11-15 15:06:00,23,1,4,2,214,At Risk,23,False
14546.0,5,2578.09,2011-04-05 12:37:00,2011-12-04 13:00:00,4,3,5,1,135,At Risk,4,False
14547.0,8,4007.54,2011-10-16 14:35:00,2011-12-06 11:06:00,3,4,5,1,145,Loyal Customers,3,False
14548.0,2,652.8,2011-01-26 08:38:00,2011-07-12 12:19:00,150,1,3,4,413,One-Time Buyers,150,True
14549.0,1,289.24,2011-02-01 13:47:00,2011-02-01 13:47:00,310,1,2,5,512,One-Time Buyers,310,True
14550.0,2,765.62,2011-10-26 12:14:00,2011-11-29 12:12:00,10,1,3,1,113,At Risk,10,False
14551.0,2,186.23,2011-05-19 18:21:00,2011-11-21 13:36:00,17,1,1,2,211,At Risk,17,False
14552.0,1,165.07,2011-07-11 12:49:00,2011-07-11 12:49:00,151,1,1,4,411,One-Time Buyers,151,True
14553.0,5,859.27,2011-01-04 15:40:00,2011-11-20 13:20:00,18,3,3,2,233,At Risk,18,False
14554.0,4,2381.04,2011-10-18 13:04:00,2011-11-29 16:44:00,9,3,5,1,135,At Risk,9,False
14555.0,2,324.14,2011-02-10 17:19:00,2011-10-13 16:24:00,56,1,2,3,312,One-Time Buyers,56,False
14557.0,1,788.38,2011-09-15 15:48:00,2011-09-15 15:48:00,84,1,3,4,413,One-Time Buyers,84,False
14560.0,22,2237.77,2010-12-17 09:22:00,2011-12-02 15:22:00,6,4,5,1,145,Loyal Customers,6,False
14561.0,3,1080.76,2011-06-08 13:26:00,2011-09-25 12:39:00,75,2,4,4,424,Regular,75,False
14562.0,18,5074.77,2011-02-08 14:45:00,2011-12-06 11:05:00,3,4,5,1,145,Loyal Customers,3,False
14565.0,4,3099.12,2010-12-13 13:25:00,2011-09-05 09:07:00,95,3,5,4,435,Regular,95,True
14566.0,1,1432.0,2011-08-21 11:05:00,2011-08-21 11:05:00,110,1,4,4,414,One-Time Buyers,110,True
14567.0,2,1530.3600000000001,2011-08-01 13:48:00,2011-10-14 10:21:00,56,1,4,3,314,One-Time Buyers,56,False
14569.0,1,227.39,2011-12-08 14:58:00,2011-12-08 14:58:00,0,1,1,1,111,At Risk,0,False
14570.0,2,218.06,2011-03-04 10:39:00,2011-03-04 10:58:00,280,1,1,5,511,One-Time Buyers,280,True
14572.0,7,2832.84,2011-01-19 17:23:00,2011-12-06 14:40:00,2,4,5,1,145,Loyal Customers,2,False
14573.0,9,1653.42,2010-12-02 19:59:00,2011-06-13 11:15:00,179,4,4,5,544,Champions,179,True
14576.0,1,35.400000000000006,2010-12-02 17:51:00,2010-12-02 17:51:00,371,1,1,5,511,One-Time Buyers,371,True
14577.0,4,859.71,2010-12-12 11:26:00,2011-11-27 12:47:00,12,3,3,1,133,At Risk,12,False
14578.0,1,168.63,2011-12-06 17:18:00,2011-12-06 17:18:00,2,1,1,1,111,At Risk,2,False
14581.0,1,138.6,2011-11-23 12:39:00,2011-11-23 12:39:00,16,1,1,2,211,At Risk,16,False
14582.0,1,114.11,2011-10-30 11:56:00,2011-10-30 11:56:00,40,1,1,3,311,One-Time Buyers,40,False
14583.0,5,1052.55,2011-05-18 11:28:00,2011-12-04 12:32:00,5,3,4,1,134,At Risk,5,False
14584.0,4,1042.26,2011-05-25 17:31:00,2011-06-23 18:33:00,168,3,4,4,434,Regular,168,True
14585.0,1,157.05,2011-10-20 14:33:00,2011-10-20 14:33:00,49,1,1,3,311,One-Time Buyers,49,False
14586.0,1,237.36,2011-03-08 10:04:00,2011-03-08 10:04:00,276,1,1,5,511,One-Time Buyers,276,True
14587.0,9,1601.14,2011-01-12 13:16:00,2011-11-21 11:34:00,18,4,4,2,244,Loyal Customers,18,False
14589.0,1,39.75,2010-12-03 11:42:00,2010-12-03 11:42:00,371,1,1,5,511,One-Time Buyers,371,True
14591.0,4,1447.14,2011-05-10 14:09:00,2011-11-24 13:57:00,14,3,4,2,234,At Risk,14,False
14592.0,3,570.46,2011-10-06 18:08:00,2011-11-04 16:35:00,34,2,3,3,323,Regular,34,False
14593.0,3,617.99,2011-05-25 11:14:00,2011-11-18 12:48:00,21,2,3,2,223,At Risk,21,False
14594.0,2,379.83,2010-12-01 13:54:00,2011-12-02 13:28:00,6,1,2,1,112,At Risk,6,False
14595.0,6,1740.6,2011-01-30 13:36:00,2011-11-20 12:12:00,19,3,4,2,234,At Risk,19,False
14597.0,2,883.15,2011-06-01 12:33:00,2011-11-28 13:13:00,10,1,3,1,113,At Risk,10,False
14598.0,1,221.97,2011-10-26 13:19:00,2011-10-26 13:19:00,43,1,1,3,311,One-Time Buyers,43,False
14600.0,1,393.33000000000004,2011-02-07 09:48:00,2011-02-07 09:48:00,305,1,2,5,512,One-Time Buyers,305,True
14601.0,1,213.96,2011-11-29 09:48:00,2011-11-29 09:48:00,10,1,1,1,111,At Risk,10,False
14603.0,1,660.0,2011-03-10 10:27:00,2011-03-10 10:27:00,274,1,3,5,513,One-Time Buyers,274,True
14606.0,93,12156.65,2010-12-01 16:57:00,2011-12-08 19:28:00,0,4,5,1,145,Loyal Customers,0,False
14607.0,14,16569.5,2011-03-23 15:22:00,2011-11-24 10:35:00,15,4,5,2,245,Loyal Customers,15,False
14608.0,4,1785.15,2010-12-12 14:49:00,2011-12-05 16:52:00,3,3,4,1,134,At Risk,3,False
14609.0,4,601.56,2011-02-16 12:10:00,2011-09-28 12:54:00,71,3,3,3,333,Regular,71,False
14616.0,3,406.08000000000004,2011-01-26 12:42:00,2011-04-11 09:54:00,242,2,2,5,522,Regular,242,True
14618.0,3,553.44,2011-01-06 11:59:00,2011-11-30 13:45:00,8,2,3,1,123,At Risk,8,False
14619.0,1,394.44,2011-04-08 07:37:00,2011-04-08 07:37:00,245,1,2,5,512,One-Time Buyers,245,True
14620.0,2,412.78000000000003,2011-03-01 08:30:00,2011-05-18 11:58:00,205,1,2,5,512,One-Time Buyers,205,True
14621.0,5,1788.3600000000001,2010-12-16 13:00:00,2011-12-08 16:22:00,0,3,4,1,134,At Risk,0,False
14622.0,1,320.58000000000004,2011-06-08 12:42:00,2011-06-08 12:42:00,184,1,2,5,512,One-Time Buyers,184,True
14623.0,5,889.25,2011-04-18 13:54:00,2011-11-07 13:56:00,31,3,3,2,233,At Risk,31,False
14624.0,2,225.85,2011-10-11 14:39:00,2011-10-13 13:44:00,56,1,1,3,311,One-Time Buyers,56,False
14625.0,2,899.63,2010-12-13 15:36:00,2011-05-27 15:32:00,195,1,3,5,513,One-Time Buyers,195,True
14626.0,4,2791.27,2011-04-20 13:18:00,2011-11-16 10:37:00,23,3,5,2,235,At Risk,23,False
14628.0,2,671.96,2011-04-11 14:43:00,2011-09-09 14:58:00,90,1,3,4,413,One-Time Buyers,90,False
14629.0,2,959.01,2011-10-23 16:13:00,2011-12-05 16:55:00,3,1,4,1,114,At Risk,3,False
14631.0,3,1006.98,2011-02-14 09:31:00,2011-10-20 11:17:00,50,2,4,3,324,Regular,50,False
14632.0,1,114.56,2011-03-22 08:49:00,2011-03-22 08:49:00,262,1,1,5,511,One-Time Buyers,262,True
14633.0,1,344.90000000000003,2011-03-18 17:07:00,2011-03-18 17:07:00,265,1,2,5,512,One-Time Buyers,265,True
14636.0,2,609.85,2011-03-16 09:52:00,2011-11-03 16:12:00,35,1,3,3,313,One-Time Buyers,35,False
14638.0,1,443.6,2011-10-20 10:10:00,2011-10-20 10:10:00,50,1,2,3,312,One-Time Buyers,50,False
14639.0,6,2984.49,2010-12-13 13:50:00,2011-10-18 15:06:00,51,3,5,3,335,Regular,51,False
14640.0,6,2125.08,2011-04-26 12:31:00,2011-11-15 13:07:00,23,3,5,2,235,At Risk,23,False
14641.0,1,110.46,2011-11-18 10:42:00,2011-11-18 10:42:00,21,1,1,2,211,At Risk,21,False
14642.0,1,96.12,2011-10-12 11:08:00,2011-10-12 11:08:00,58,1,1,3,311,One-Time Buyers,58,False
14643.0,2,693.8100000000001,2010-12-16 17:53:00,2011-06-22 14:41:00,169,1,3,4,413,One-Time Buyers,169,True
14644.0,2,830.76,2011-02-14 14:14:00,2011-10-03 08:30:00,67,1,3,3,313,One-Time Buyers,67,False
14645.0,2,597.09,2011-03-09 09:52:00,2011-07-06 09:15:00,156,1,3,4,413,One-Time Buyers,156,True
14646.0,74,280206.02,2010-12-20 10:09:00,2011-12-08 12:12:00,1,4,5,1,145,Loyal Customers,1,False
14647.0,1,243.22,2011-05-22 13:40:00,2011-05-22 13:40:00,200,1,1,5,511,One-Time Buyers,200,True
14649.0,4,1417.29,2011-05-11 14:37:00,2011-12-05 12:30:00,4,3,4,1,134,At Risk,4,False
14651.0,2,654.6,2011-05-12 16:29:00,2011-10-03 15:52:00,66,1,3,3,313,One-Time Buyers,66,False
14652.0,1,114.18,2011-09-23 14:21:00,2011-09-23 14:21:00,76,1,1,4,411,One-Time Buyers,76,False
14653.0,7,1947.55,2011-01-05 13:40:00,2011-12-08 13:45:00,0,4,4,1,144,Loyal Customers,0,False
14655.0,4,1932.23,2011-05-01 14:59:00,2011-12-01 16:28:00,7,3,4,1,134,At Risk,7,False
14656.0,2,291.05,2011-03-01 13:19:00,2011-06-23 13:51:00,168,1,2,4,412,One-Time Buyers,168,True
14657.0,4,848.22,2011-01-17 15:19:00,2011-11-22 12:47:00,17,3,3,2,233,At Risk,17,False
14658.0,2,247.15,2011-08-14 15:42:00,2011-12-04 15:35:00,4,1,1,1,111,At Risk,4,False
14659.0,9,2529.93,2011-01-28 12:43:00,2011-12-01 12:17:00,8,4,5,1,145,Loyal Customers,8,False
14660.0,2,285.74,2011-08-31 10:40:00,2011-09-14 11:34:00,86,1,2,4,412,One-Time Buyers,86,False
14661.0,1,107.95,2011-11-13 11:51:00,2011-11-13 11:51:00,26,1,1,2,211,At Risk,26,False
14662.0,4,771.17,2011-01-27 17:41:00,2011-11-11 12:13:00,28,3,3,2,233,At Risk,28,False
14664.0,2,637.89,2011-11-06 14:56:00,2011-11-20 10:59:00,19,1,3,2,213,At Risk,19,False
14665.0,5,1835.7,2011-02-02 09:08:00,2011-10-10 09:14:00,60,3,4,3,334,Regular,60,False
14666.0,1,195.25,2011-11-15 12:57:00,2011-11-15 12:57:00,23,1,1,2,211,At Risk,23,False
14667.0,25,9241.2,2010-12-06 13:13:00,2011-11-29 11:30:00,10,4,5,1,145,Loyal Customers,10,False
14669.0,3,1269.99,2011-01-11 12:30:00,2011-04-12 11:43:00,241,2,4,5,524,Regular,241,True
14670.0,2,411.53,2011-03-04 13:58:00,2011-03-04 14:13:00,279,1,2,5,512,One-Time Buyers,279,True
14672.0,2,765.55,2011-01-07 15:48:00,2011-04-19 10:19:00,234,1,3,5,513,One-Time Buyers,234,True
14673.0,5,1736.4,2010-12-07 12:49:00,2011-12-06 14:31:00,2,3,4,1,134,At Risk,2,False
14675.0,1,604.75,2011-11-23 12:58:00,2011-11-23 12:58:00,15,1,3,2,213,At Risk,15,False
14676.0,6,2548.2400000000002,2011-03-01 14:26:00,2011-11-08 13:29:00,30,3,5,2,235,At Risk,30,False
14680.0,16,28754.11,2010-12-03 12:05:00,2011-11-14 16:59:00,24,4,5,2,245,Loyal Customers,24,False
14681.0,3,498.95,2011-05-12 10:45:00,2011-09-29 15:52:00,70,2,3,3,323,Regular,70,False
14682.0,2,52.0,2011-05-22 12:51:00,2011-06-05 12:12:00,187,1,1,5,511,One-Time Buyers,187,True
14684.0,5,1236.28,2010-12-12 12:44:00,2011-11-14 11:33:00,25,3,4,2,234,At Risk,25,False
14687.0,1,628.38,2011-08-25 11:59:00,2011-08-25 11:59:00,106,1,3,4,413,One-Time Buyers,106,True
14688.0,21,5630.87,2010-12-01 09:37:00,2011-12-02 12:26:00,7,4,5,1,145,Loyal Customers,7,False
14689.0,1,112.8,2011-05-15 11:22:00,2011-05-15 11:22:00,208,1,1,5,511,One-Time Buyers,208,True
14690.0,2,371.7,2011-07-11 11:58:00,2011-10-26 15:39:00,43,1,2,3,312,One-Time Buyers,43,False
14691.0,5,2114.33,2011-05-11 09:55:00,2011-11-09 12:30:00,30,3,5,2,235,At Risk,30,False
14692.0,4,591.55,2011-01-21 13:47:00,2011-07-25 15:08:00,136,3,3,4,433,Regular,136,True
14693.0,1,172.9,2011-03-20 12:50:00,2011-03-20 12:50:00,264,1,1,5,511,One-Time Buyers,264,True
14696.0,7,2078.95,2010-12-01 15:37:00,2011-12-05 13:43:00,3,4,5,1,145,Loyal Customers,3,False
14697.0,2,188.60999999999999,2011-05-05 15:29:00,2011-05-05 15:39:00,217,1,1,5,511,One-Time Buyers,217,True
14698.0,5,1250.76,2011-10-19 12:54:00,2011-12-08 12:26:00,1,3,4,1,134,At Risk,1,False
14699.0,1,109.13000000000001,2011-05-09 14:54:00,2011-05-09 14:54:00,213,1,1,5,511,One-Time Buyers,213,True
14700.0,3,2235.3,2011-04-15 13:16:00,2011-11-07 14:40:00,31,2,5,2,225,At Risk,31,False
14701.0,9,2549.37,2011-01-27 12:40:00,2011-11-29 12:38:00,10,4,5,1,145,Loyal Customers,10,False
14702.0,17,3292.14,2010-12-09 19:23:00,2011-12-08 19:29:00,0,4,5,1,145,Loyal Customers,0,False
14703.0,1,318.17,2011-11-25 09:23:00,2011-11-25 09:23:00,14,1,2,2,212,At Risk,14,False
14704.0,9,1546.91,2011-06-12 13:59:00,2011-11-28 12:51:00,10,4,4,1,144,Loyal Customers,10,False
14705.0,1,179.0,2011-05-25 12:39:00,2011-05-25 12:39:00,198,1,1,5,511,One-Time Buyers,198,True
14708.0,3,1126.37,2010-12-06 12:23:00,2011-12-07 08:21:00,2,2,4,1,124,At Risk,2,False
14709.0,13,4921.04,2010-12-16 13:43:00,2011-11-24 15:41:00,14,4,5,2,245,Loyal Customers,14,False
14710.0,4,606.13,2011-10-11 13:49:00,2011-11-25 14:53:00,13,3,3,2,233,At Risk,13,False
14711.0,11,2868.8,2011-03-22 13:32:00,2011-11-29 14:58:00,9,4,5,1,145,Loyal Customers,9,False
14712.0,3,917.07,2011-08-19 13:33:00,2011-11-10 12:59:00,28,2,3,2,223,At Risk,28,False
14713.0,11,2666.36,2010-12-09 18:58:00,2011-11-30 16:26:00,8,4,5,1,145,Loyal Customers,8,False
14714.0,1,160.19,2011-11-15 13:07:00,2011-11-15 13:07:00,23,1,1,2,211,At Risk,23,False
14715.0,4,867.38,2011-01-12 13:27:00,2011-11-15 12:10:00,24,3,3,2,233,At Risk,24,False
14716.0,2,329.68,2011-07-14 12:42:00,2011-10-27 17:29:00,42,1,2,3,312,One-Time Buyers,42,False
14719.0,5,1602.13,2011-04-04 14:17:00,2011-12-08 12:43:00,1,3,4,1,134,At Risk,1,False
14720.0,3,663.81,2011-08-05 12:06:00,2011-12-04 12:02:00,5,2,3,1,123,At Risk,5,False
14722.0,1,187.92000000000002,2011-07-15 14:58:00,2011-07-15 14:58:00,146,1,1,4,411,One-Time Buyers,146,True
14723.0,6,1158.3,2010-12-03 14:18:00,2011-11-29 15:23:00,9,3,4,1,134,At Risk,9,False
14725.0,1,718.08,2011-11-15 12:42:00,2011-11-15 12:42:00,24,1,3,2,213,At Risk,24,False
14727.0,1,268.58,2011-03-10 14:45:00,2011-03-10 14:45:00,273,1,2,5,512,One-Time Buyers,273,True
14729.0,1,313.49,2010-12-01 12:43:00,2010-12-01 12:43:00,373,1,2,5,512,One-Time Buyers,373,True
14730.0,8,2005.06,2011-03-08 12:49:00,2011-12-08 14:39:00,0,4,4,1,144,Loyal Customers,0,False
14731.0,3,380.02,2011-05-11 13:06:00,2011-10-23 15:54:00,46,2,2,3,322,Regular,46,False
14732.0,8,2702.4900000000002,2011-01-04 14:40:00,2011-12-01 14:34:00,7,4,5,1,145,Loyal Customers,7,False
14733.0,12,9585.91,2010-12-07 11:30:00,2011-11-23 15:39:00,15,4,5,2,245,Loyal Customers,15,False
14735.0,32,6065.69,2010-12-16 16:05:00,2011-12-06 12:09:00,3,4,5,1,145,Loyal Customers,3,False
14737.0,3,1164.55,2010-12-21 13:49:00,2011-12-06 10:16:00,3,2,4,1,124,At Risk,3,False
14738.0,7,1314.45,2011-01-27 14:10:00,2011-10-28 08:56:00,42,4,4,3,344,Loyal Customers,42,False
14739.0,7,3902.28,2010-12-07 14:58:00,2011-12-05 16:54:00,3,4,5,1,145,Loyal Customers,3,False
14740.0,3,1448.21,2011-03-01 08:35:00,2011-05-26 18:17:00,196,2,4,5,524,Regular,196,True
14741.0,6,1400.34,2010-12-02 08:43:00,2011-11-28 08:48:00,11,3,4,1,134,At Risk,11,False
14744.0,7,1099.98,2010-12-08 10:21:00,2011-11-23 12:51:00,15,4,4,2,244,Loyal Customers,15,False
14745.0,5,1220.26,2011-02-27 15:25:00,2011-08-19 10:05:00,112,3,4,4,434,Regular,112,True
14747.0,1,328.2,2011-04-04 14:09:00,2011-04-04 14:09:00,248,1,2,5,512,One-Time Buyers,248,True
14748.0,5,1415.75,2010-12-06 10:19:00,2011-11-10 18:33:00,28,3,4,2,234,At Risk,28,False
14752.0,1,389.64,2011-10-27 11:55:00,2011-10-27 11:55:00,43,1,2,3,312,One-Time Buyers,43,False
14753.0,1,563.15,2011-09-13 14:50:00,2011-09-13 14:50:00,86,1,3,4,413,One-Time Buyers,86,False
14754.0,2,638.05,2011-02-17 12:21:00,2011-10-26 12:01:00,44,1,3,3,313,One-Time Buyers,44,False
14755.0,11,5010.28,2011-01-09 14:02:00,2011-11-30 11:24:00,9,4,5,1,145,Loyal Customers,9,False
14756.0,1,738.96,2011-11-24 18:13:00,2011-11-24 18:13:00,14,1,3,2,213,At Risk,14,False
14757.0,1,420.5,2011-09-25 14:36:00,2011-09-25 14:36:00,74,1,2,4,412,One-Time Buyers,74,False
14758.0,4,1484.06,2011-03-25 12:10:00,2011-07-18 08:21:00,144,3,4,4,434,Regular,144,True
14759.0,3,1625.97,2011-04-21 10:55:00,2011-12-05 12:03:00,4,2,4,1,124,At Risk,4,False
14760.0,1,89.2,2011-02-15 16:27:00,2011-02-15 16:27:00,296,1,1,5,511,One-Time Buyers,296,True
14761.0,2,255.9,2011-01-09 12:03:00,2011-10-12 12:10:00,58,1,2,3,312,One-Time Buyers,58,False
14762.0,1,300.52,2011-03-21 08:20:00,2011-03-21 08:20:00,263,1,2,5,512,One-Time Buyers,263,True
14764.0,1,278.3,2011-10-24 11:54:00,2011-10-24 11:54:00,46,1,2,3,312,One-Time Buyers,46,False
14765.0,3,254.11,2011-06-16 19:49:00,2011-11-10 19:53:00,28,2,2,2,222,At Risk,28,False
14766.0,6,2473.37,2010-12-08 15:33:00,2011-12-01 16:05:00,7,3,5,1,135,At Risk,7,False
14768.0,2,192.60000000000002,2011-08-04 13:25:00,2011-11-22 12:54:00,16,1,1,2,211,At Risk,16,False
14769.0,8,10674.75,2010-12-17 11:40:00,2011-12-07 10:24:00,2,4,5,1,145,Loyal Customers,2,False
14770.0,2,876.42,2011-01-20 15:00:00,2011-04-21 14:21:00,231,1,3,5,513,One-Time Buyers,231,True
14772.0,1,139.26,2011-08-19 15:04:00,2011-08-19 15:04:00,111,1,1,4,411,One-Time Buyers,111,True
14775.0,3,1011.9,2010-12-02 16:38:00,2011-10-12 15:27:00,57,2,4,3,324,Regular,57,False
14776.0,11,2538.3,2011-01-31 13:17:00,2011-10-19 15:34:00,50,4,5,3,345,Loyal Customers,50,False
14778.0,2,730.86,2011-02-04 11:43:00,2011-08-04 15:23:00,126,1,3,4,413,One-Time Buyers,126,True
14779.0,3,386.15,2011-01-20 12:04:00,2011-03-04 12:42:00,280,2,2,5,522,Regular,280,True
14780.0,2,447.68,2011-09-21 15:15:00,2011-10-16 12:46:00,54,1,2,3,312,One-Time Buyers,54,False
14782.0,1,200.10000000000002,2011-01-24 11:12:00,2011-01-24 11:12:00,319,1,1,5,511,One-Time Buyers,319,True
14784.0,2,289.99,2011-01-20 09:25:00,2011-11-13 13:30:00,25,1,2,2,212,At Risk,25,False
14785.0,2,77.4,2011-11-24 13:40:00,2011-11-29 13:21:00,9,1,1,1,111,At Risk,9,False
14788.0,2,679.4399999999999,2011-11-13 15:52:00,2011-12-02 17:06:00,6,1,3,1,113,At Risk,6,False
14789.0,1,197.64,2011-11-11 08:59:00,2011-11-11 08:59:00,28,1,1,2,211,At Risk,28,False
14790.0,4,745.06,2011-03-31 11:49:00,2011-11-23 09:28:00,16,3,3,2,233,At Risk,16,False
14792.0,1,6.2,2011-10-07 09:19:00,2011-10-07 09:19:00,63,1,1,3,311,One-Time Buyers,63,False
14793.0,1,228.99,2011-11-18 14:50:00,2011-11-18 14:50:00,20,1,1,2,211,At Risk,20,False
14794.0,7,1319.91,2011-01-09 16:11:00,2011-12-07 10:11:00,2,4,4,1,144,Loyal Customers,2,False
14795.0,1,131.45000000000002,2011-06-26 13:04:00,2011-06-26 13:04:00,165,1,1,4,411,One-Time Buyers,165,True
14796.0,17,8022.49,2010-12-08 10:40:00,2011-12-08 15:31:00,0,4,5,1,145,Loyal Customers,0,False
14798.0,3,173.74,2011-02-02 15:26:00,2011-10-18 10:58:00,52,2,1,3,321,Regular,52,False
14799.0,1,157.7,2011-10-19 16:16:00,2011-10-19 16:16:00,50,1,1,3,311,One-Time Buyers,50,False
14800.0,12,4339.74,2010-12-05 11:10:00,2011-10-23 12:46:00,47,4,5,3,345,Loyal Customers,47,False
14801.0,1,193.14,2011-10-09 15:24:00,2011-10-09 15:24:00,60,1,1,3,311,One-Time Buyers,60,False
14803.0,3,845.55,2011-02-20 13:21:00,2011-06-30 13:58:00,161,2,3,4,423,Regular,161,True
14804.0,1,353.27,2011-12-01 11:20:00,2011-12-01 11:20:00,8,1,2,1,112,At Risk,8,False
14805.0,4,554.65,2011-01-30 10:43:00,2011-11-24 16:20:00,14,3,3,2,233,At Risk,14,False
14806.0,1,193.39000000000001,2011-09-25 15:32:00,2011-09-25 15:32:00,74,1,1,4,411,One-Time Buyers,74,False
14808.0,8,2741.17,2011-06-20 12:53:00,2011-10-31 12:21:00,39,4,5,3,345,Loyal Customers,39,False
14810.0,11,2087.88,2010-12-05 12:08:00,2011-10-30 11:19:00,40,4,5,3,345,Loyal Customers,40,False
14813.0,2,155.43,2010-12-05 11:54:00,2010-12-05 11:57:00,369,1,1,5,511,One-Time Buyers,369,True
14815.0,2,778.5,2011-10-03 11:36:00,2011-11-03 11:36:00,36,1,3,3,313,One-Time Buyers,36,False
14816.0,1,271.85,2011-05-26 13:16:00,2011-05-26 13:16:00,196,1,2,5,512,One-Time Buyers,196,True
14817.0,2,1110.34,2011-03-07 13:51:00,2011-05-23 13:35:00,199,1,4,5,514,One-Time Buyers,199,True
14818.0,3,657.8,2011-03-31 12:28:00,2011-09-27 11:01:00,73,2,3,4,423,Regular,73,False
14819.0,2,272.07,2011-05-31 13:50:00,2011-10-06 13:41:00,63,1,2,3,312,One-Time Buyers,63,False
14820.0,4,507.29,2011-06-19 14:56:00,2011-11-18 15:41:00,20,3,3,2,233,At Risk,20,False
14821.0,1,48.800000000000004,2010-12-08 08:43:00,2010-12-08 08:43:00,366,1,1,5,511,One-Time Buyers,366,True
14823.0,3,321.43,2011-05-29 12:48:00,2011-06-12 13:12:00,179,2,2,5,522,Regular,179,True
14824.0,4,1127.71,2011-09-09 14:12:00,2011-11-29 14:20:00,9,3,4,1,134,At Risk,9,False
14825.0,12,2226.91,2010-12-06 12:30:00,2011-12-06 11:38:00,3,4,5,1,145,Loyal Customers,3,False
14828.0,3,2139.76,2011-01-07 09:50:00,2011-05-27 10:16:00,196,2,5,5,525,Regular,196,True
14829.0,4,697.55,2010-12-02 16:12:00,2011-11-10 16:16:00,28,3,3,2,233,At Risk,28,False
14830.0,1,197.13,2011-10-17 14:29:00,2011-10-17 14:29:00,52,1,1,3,311,One-Time Buyers,52,False
14834.0,6,1720.3,2011-04-13 15:00:00,2011-11-22 10:30:00,17,3,4,2,234,At Risk,17,False
14836.0,3,102.44999999999999,2011-11-09 13:26:00,2011-11-29 16:45:00,9,2,1,1,121,At Risk,9,False
14837.0,4,1649.5,2011-05-22 12:49:00,2011-09-11 10:58:00,89,3,4,4,434,Regular,89,False
14840.0,1,62.85,2011-03-17 12:00:00,2011-03-17 12:00:00,267,1,1,5,511,One-Time Buyers,267,True
14841.0,6,3295.76,2010-12-16 10:28:00,2011-10-17 15:03:00,52,3,5,3,335,Regular,52,False
14842.0,4,2824.69,2011-02-04 15:32:00,2011-10-27 12:37:00,43,3,5,3,335,Regular,43,False
14844.0,4,3189.81,2011-04-12 13:10:00,2011-10-07 10:41:00,63,3,5,3,335,Regular,63,False
14847.0,1,309.4,2011-07-14 10:52:00,2011-07-14 10:52:00,148,1,2,4,412,One-Time Buyers,148,True
14849.0,25,7930.54,2010-12-01 12:22:00,2011-11-18 10:58:00,21,4,5,2,245,Loyal Customers,21,False
14850.0,1,325.75,2011-02-01 11:21:00,2011-02-01 11:21:00,311,1,2,5,512,One-Time Buyers,311,True
14851.0,2,511.35,2011-03-28 14:59:00,2011-11-16 14:20:00,22,1,3,2,213,At Risk,22,False
14852.0,6,2836.69,2011-04-01 13:22:00,2011-10-12 13:20:00,57,3,5,3,335,Regular,57,False
14853.0,2,475.8,2011-05-12 15:17:00,2011-11-15 16:56:00,23,1,2,2,212,At Risk,23,False
14854.0,7,2759.83,2011-03-10 12:22:00,2011-09-22 17:00:00,77,4,5,4,445,Champions,77,False
14855.0,2,645.65,2011-07-28 12:06:00,2011-08-12 14:02:00,118,1,3,4,413,One-Time Buyers,118,True
14856.0,3,1311.3799999999999,2011-10-14 09:35:00,2011-11-03 14:53:00,35,2,4,3,324,Regular,35,False
14857.0,2,1173.12,2011-07-14 15:03:00,2011-10-11 09:23:00,59,1,4,3,314,One-Time Buyers,59,False
14859.0,4,1353.74,2011-05-19 14:42:00,2011-11-27 11:18:00,12,3,4,1,134,At Risk,12,False
14860.0,1,170.32,2011-11-20 14:17:00,2011-11-20 14:17:00,18,1,1,2,211,At Risk,18,False
14861.0,1,125.79,2011-10-18 12:54:00,2011-10-18 12:54:00,51,1,1,3,311,One-Time Buyers,51,False
14862.0,2,841.1999999999999,2011-07-14 11:20:00,2011-11-14 10:01:00,25,1,3,2,213,At Risk,25,False
14863.0,1,266.76,2011-11-10 15:04:00,2011-11-10 15:04:00,28,1,2,2,212,At Risk,28,False
14865.0,2,52.2,2010-12-02 18:23:00,2011-12-02 16:25:00,6,1,1,1,111,At Risk,6,False
14866.0,12,14389.9,2010-12-08 14:58:00,2011-11-29 11:45:00,10,4,5,1,145,Loyal Customers,10,False
14867.0,3,710.28,2011-01-07 16:34:00,2011-06-07 11:39:00,185,2,3,5,523,Regular,185,True
14868.0,8,2953.59,2011-04-20 13:36:00,2011-12-06 14:49:00,2,4,5,1,145,Loyal Customers,2,False
14869.0,2,725.7,2011-08-28 16:09:00,2011-12-01 12:36:00,8,1,3,1,113,At Risk,8,False
14870.0,1,327.25,2011-03-23 10:51:00,2011-03-23 10:51:00,261,1,2,5,512,One-Time Buyers,261,True
14871.0,4,522.38,2010-12-14 12:18:00,2011-12-06 13:42:00,2,3,3,1,133,At Risk,2,False
14873.0,1,519.68,2011-05-13 13:52:00,2011-05-13 13:52:00,209,1,3,5,513,One-Time Buyers,209,True
14875.0,2,1465.3200000000002,2011-03-22 11:53:00,2011-08-24 12:20:00,107,1,4,4,414,One-Time Buyers,107,True
14878.0,9,1485.54,2010-12-16 12:11:00,2011-11-27 11:15:00,12,4,4,1,144,Loyal Customers,12,False
14880.0,3,706.19,2011-02-24 12:27:00,2011-09-23 13:42:00,76,2,3,4,423,Regular,76,False
14881.0,1,255.4,2011-11-20 11:06:00,2011-11-20 11:06:00,19,1,2,2,212,At Risk,19,False
14882.0,2,589.7,2011-11-06 10:15:00,2011-11-13 12:47:00,26,1,3,2,213,At Risk,26,False
14883.0,6,761.59,2011-05-12 09:49:00,2011-11-21 10:23:00,18,3,3,2,233,At Risk,18,False
14885.0,1,765.3199999999999,2011-07-31 12:05:00,2011-07-31 12:05:00,131,1,3,4,413,One-Time Buyers,131,True
14886.0,1,364.8,2011-04-01 08:56:00,2011-04-01 08:56:00,252,1,2,5,512,One-Time Buyers,252,True
14887.0,1,1862.0,2011-09-21 15:32:00,2011-09-21 15:32:00,78,1,4,4,414,One-Time Buyers,78,False
14888.0,1,369.2,2011-05-16 14:58:00,2011-05-16 14:58:00,206,1,2,5,512,One-Time Buyers,206,True
14889.0,1,135.9,2011-01-07 15:19:00,2011-01-07 15:19:00,335,1,1,5,511,One-Time Buyers,335,True
14890.0,1,125.65,2011-03-31 11:57:00,2011-03-31 11:57:00,253,1,1,5,511,One-Time Buyers,253,True
14891.0,2,554.38,2011-06-05 10:58:00,2011-07-14 18:08:00,147,1,3,4,413,One-Time Buyers,147,True
14893.0,2,1237.8500000000001,2011-11-28 10:49:00,2011-11-30 12:31:00,9,1,4,1,114,At Risk,9,False
14894.0,1,655.75,2011-09-15 13:51:00,2011-09-15 13:51:00,84,1,3,4,413,One-Time Buyers,84,False
14895.0,20,11138.710000000001,2011-02-22 13:08:00,2011-12-02 09:23:00,7,4,5,1,145,Loyal Customers,7,False
14896.0,2,468.77000000000004,2010-12-09 12:24:00,2011-05-19 10:20:00,204,1,2,5,512,One-Time Buyers,204,True
14897.0,4,1366.38,2011-02-16 08:37:00,2011-12-02 10:32:00,7,3,4,1,134,At Risk,7,False
14898.0,6,1303.52,2010-12-03 15:25:00,2011-11-16 14:54:00,22,3,4,2,234,At Risk,22,False
14901.0,9,1421.29,2010-12-02 11:20:00,2011-11-28 17:09:00,10,4,4,1,144,Loyal Customers,10,False
14902.0,1,332.66,2011-11-14 10:34:00,2011-11-14 10:34:00,25,1,2,2,212,At Risk,25,False
14903.0,5,2810.63,2011-03-06 11:50:00,2011-11-18 16:07:00,20,3,5,2,235,At Risk,20,False
14904.0,2,1025.44,2011-11-14 09:13:00,2011-12-07 12:55:00,1,1,4,1,114,At Risk,1,False
14905.0,2,616.15,2011-04-20 10:48:00,2011-07-05 12:41:00,157,1,3,4,413,One-Time Buyers,157,True
14907.0,7,3501.1,2010-12-07 10:14:00,2011-12-06 14:14:00,2,4,5,1,145,Loyal Customers,2,False
14908.0,1,277.8,2011-09-26 12:56:00,2011-09-26 12:56:00,73,1,2,4,412,One-Time Buyers,73,False
14910.0,4,434.35,2011-10-16 11:06:00,2011-12-07 10:06:00,2,3,2,1,132,At Risk,2,False
14911.0,201,143825.06,2010-12-01 14:05:00,2011-12-08 15:54:00,0,4,5,1,145,Loyal Customers,0,False
14912.0,2,867.85,2011-04-07 11:06:00,2011-11-23 09:20:00,16,1,3,2,213,At Risk,16,False
14913.0,4,1227.43,2010-12-15 14:35:00,2011-11-04 08:29:00,35,3,4,3,334,Regular,35,False
14915.0,2,307.48,2011-03-07 09:39:00,2011-09-09 13:34:00,90,1,2,4,412,One-Time Buyers,90,False
14916.0,4,1268.98,2011-01-19 15:30:00,2011-09-30 09:20:00,70,3,4,3,334,Regular,70,False
14918.0,2,1610.15,2011-07-08 12:50:00,2011-08-16 11:50:00,115,1,4,4,414,One-Time Buyers,115,True
14920.0,2,977.77,2011-05-11 10:31:00,2011-05-11 10:32:00,212,1,4,5,514,One-Time Buyers,212,True
14921.0,2,1316.07,2011-05-22 12:51:00,2011-11-09 13:17:00,29,1,4,2,214,At Risk,29,False
14923.0,1,749.1,2011-10-20 11:51:00,2011-10-20 11:51:00,50,1,3,3,313,One-Time Buyers,50,False
14924.0,1,310.05,2011-04-08 09:25:00,2011-04-08 09:25:00,245,1,2,5,512,One-Time Buyers,245,True
14929.0,1,223.88,2011-11-07 17:21:00,2011-11-07 17:21:00,31,1,1,2,211,At Risk,31,False
14930.0,3,2372.86,2011-03-10 14:42:00,2011-08-23 10:31:00,108,2,5,4,425,Regular,108,True
14931.0,5,1257.68,2011-04-13 09:32:00,2011-12-05 10:19:00,4,3,4,1,134,At Risk,4,False
14932.0,1,363.53,2010-12-09 11:48:00,2010-12-09 11:48:00,365,1,2,5,512,One-Time Buyers,365,True
14934.0,2,1890.94,2011-03-02 11:48:00,2011-09-19 10:10:00,81,1,4,4,414,One-Time Buyers,81,False
14935.0,1,1784.71,2011-02-15 14:44:00,2011-02-15 14:44:00,296,1,4,5,514,One-Time Buyers,296,True
14936.0,8,8137.02,2011-03-09 11:53:00,2011-11-06 10:30:00,33,4,5,3,345,Loyal Customers,33,False
14937.0,3,1621.88,2011-08-01 14:16:00,2011-10-14 12:29:00,56,2,4,3,324,Regular,56,False
14944.0,12,5900.25,2011-02-16 12:47:00,2011-11-10 09:10:00,29,4,5,2,245,Loyal Customers,29,False
14946.0,1,100.9,2011-11-25 13:33:00,2011-11-25 13:33:00,13,1,1,2,211,At Risk,13,False
14947.0,2,290.82,2011-08-01 09:31:00,2011-09-28 15:48:00,71,1,2,3,312,One-Time Buyers,71,False
14948.0,6,1101.97,2011-05-04 14:52:00,2011-11-16 17:16:00,22,3,4,2,234,At Risk,22,False
14950.0,1,371.2,2011-11-20 13:48:00,2011-11-20 13:48:00,18,1,2,2,212,At Risk,18,False
14951.0,1,311.69,2011-09-21 15:15:00,2011-09-21 15:15:00,78,1,2,4,412,One-Time Buyers,78,False
14952.0,11,8099.49,2010-12-10 12:48:00,2011-10-11 10:33:00,59,4,5,3,345,Loyal Customers,59,False
14953.0,1,289.82,2011-11-14 14:59:00,2011-11-14 14:59:00,24,1,2,2,212,At Risk,24,False
14954.0,1,336.17,2011-11-27 14:30:00,2011-11-27 14:30:00,11,1,2,1,112,At Risk,11,False
14957.0,1,58.49,2011-03-31 17:59:00,2011-03-31 17:59:00,252,1,1,5,511,One-Time Buyers,252,True
14958.0,3,499.68,2011-04-08 11:28:00,2011-07-15 14:20:00,146,2,3,4,423,Regular,146,True
14959.0,4,695.42,2011-02-16 13:00:00,2011-10-06 18:23:00,63,3,3,3,333,Regular,63,False
14960.0,2,221.27,2011-06-21 13:38:00,2011-12-01 12:54:00,7,1,1,1,111,At Risk,7,False
14961.0,9,7044.68,2010-12-14 11:38:00,2011-11-29 09:42:00,10,4,5,1,145,Loyal Customers,10,False
14962.0,1,126.7,2011-03-14 09:42:00,2011-03-14 09:42:00,270,1,1,5,511,One-Time Buyers,270,True
14963.0,5,1487.8,2011-06-09 12:30:00,2011-11-30 12:16:00,9,3,4,1,134,At Risk,9,False
14964.0,1,206.21,2011-04-06 14:13:00,2011-04-06 14:13:00,246,1,1,5,511,One-Time Buyers,246,True
14965.0,2,599.0,2011-09-04 13:15:00,2011-09-04 13:20:00,95,1,3,4,413,One-Time Buyers,95,True
14966.0,1,191.32,2011-11-25 12:20:00,2011-11-25 12:20:00,14,1,1,2,211,At Risk,14,False
14967.0,1,463.8,2011-10-21 11:06:00,2011-10-21 11:06:00,49,1,2,3,312,One-Time Buyers,49,False
14968.0,1,147.59,2011-11-09 13:58:00,2011-11-09 13:58:00,29,1,1,2,211,At Risk,29,False
14970.0,4,1592.06,2011-01-27 12:23:00,2011-10-02 13:44:00,67,3,4,3,334,Regular,67,False
14971.0,3,1116.57,2011-10-27 13:33:00,2011-11-04 17:07:00,34,2,4,3,324,Regular,34,False
14972.0,1,114.77,2011-08-03 14:54:00,2011-08-03 14:54:00,127,1,1,4,411,One-Time Buyers,127,True
14973.0,3,1314.45,2011-04-28 12:22:00,2011-08-24 15:51:00,106,2,4,4,424,Regular,106,True
14974.0,1,114.39,2011-11-02 13:01:00,2011-11-02 13:01:00,36,1,1,3,311,One-Time Buyers,36,False
14975.0,1,279.94,2011-10-13 14:08:00,2011-10-13 14:08:00,56,1,2,3,312,One-Time Buyers,56,False
14976.0,7,790.86,2011-01-17 11:09:00,2011-10-13 16:37:00,56,4,3,3,343,Loyal Customers,56,False
14978.0,5,1931.42,2011-01-13 12:03:00,2011-09-28 13:07:00,71,3,4,3,334,Regular,71,False
14981.0,1,102.12,2011-04-07 13:45:00,2011-04-07 13:45:00,245,1,1,5,511,One-Time Buyers,245,True
14984.0,2,213.27,2011-06-12 11:04:00,2011-11-20 14:28:00,18,1,1,2,211,At Risk,18,False
14985.0,2,296.75,2010-12-16 19:51:00,2011-05-25 14:29:00,197,1,2,5,512,One-Time Buyers,197,True
14987.0,2,326.4,2010-12-09 12:13:00,2011-11-24 09:59:00,15,1,2,2,212,At Risk,15,False
14988.0,1,334.54,2011-05-12 12:05:00,2011-05-12 12:05:00,211,1,2,5,512,One-Time Buyers,211,True
14995.0,2,233.23000000000002,2011-03-04 13:14:00,2011-11-01 11:39:00,38,1,1,3,311,One-Time Buyers,38,False
14997.0,3,546.1999999999999,2011-06-14 16:52:00,2011-10-24 13:28:00,45,2,3,3,323,Regular,45,False
14998.0,2,429.87,2011-04-12 16:28:00,2011-06-22 17:30:00,169,1,2,4,412,One-Time Buyers,169,True
15000.0,1,490.52,2011-10-23 11:42:00,2011-10-23 11:42:00,47,1,3,3,313,One-Time Buyers,47,False
15002.0,4,1641.76,2010-12-07 13:16:00,2011-08-16 10:44:00,115,3,4,4,434,Regular,115,True
15004.0,1,1246.32,2011-07-15 14:05:00,2011-07-15 14:05:00,146,1,4,4,414,One-Time Buyers,146,True
15005.0,28,6316.57,2010-12-08 14:36:00,2011-11-24 12:25:00,15,4,5,2,245,Loyal Customers,15,False
15006.0,1,502.09,2011-10-19 15:08:00,2011-10-19 15:08:00,50,1,3,3,313,One-Time Buyers,50,False
15007.0,1,156.91,2011-07-03 16:00:00,2011-07-03 16:00:00,158,1,1,4,411,One-Time Buyers,158,True
15009.0,3,1261.78,2011-11-14 17:40:00,2011-11-27 13:35:00,11,2,4,1,124,At Risk,11,False
15010.0,1,308.94,2011-11-04 12:42:00,2011-11-04 12:42:00,35,1,2,3,312,One-Time Buyers,35,False
15012.0,2,423.04,2010-12-01 12:49:00,2011-10-17 12:22:00,53,1,2,3,312,One-Time Buyers,53,False
15014.0,2,260.17,2011-06-16 19:40:00,2011-10-27 20:07:00,42,1,2,3,312,One-Time Buyers,42,False
15016.0,1,170.04,2011-06-20 12:06:00,2011-06-20 12:06:00,172,1,1,4,411,One-Time Buyers,172,True
15017.0,1,125.58,2011-11-06 10:33:00,2011-11-06 10:33:00,33,1,1,3,311,One-Time Buyers,33,False
15018.0,3,496.21000000000004,2010-12-07 10:47:00,2011-11-01 12:47:00,38,2,3,3,323,Regular,38,False
15019.0,1,266.0,2011-03-18 12:35:00,2011-03-18 12:35:00,266,1,2,5,512,One-Time Buyers,266,True
15021.0,9,1914.82,2010-12-08 12:17:00,2011-12-01 11:53:00,8,4,4,1,144,Loyal Customers,8,False
15022.0,4,905.04,2011-10-23 15:47:00,2011-11-28 12:35:00,11,3,3,1,133,At Risk,11,False
15023.0,11,6802.76,2010-12-05 13:49:00,2011-12-06 17:23:00,2,4,5,1,145,Loyal Customers,2,False
15024.0,10,1661.33,2010-12-07 13:20:00,2011-11-30 12:06:00,9,4,4,1,144,Loyal Customers,9,False
15025.0,1,377.01,2011-11-06 15:20:00,2011-11-06 15:20:00,32,1,2,2,212,At Risk,32,False
15026.0,3,469.0,2011-03-07 13:45:00,2011-09-20 13:52:00,79,2,2,4,422,Regular,79,False
15027.0,4,1066.1499999999999,2011-04-15 14:14:00,2011-11-09 10:16:00,30,3,4,2,234,At Risk,30,False
15028.0,4,627.13,2010-12-06 12:47:00,2011-12-01 14:06:00,7,3,3,1,133,At Risk,7,False
15030.0,2,518.28,2011-03-16 15:34:00,2011-09-29 10:50:00,71,1,3,3,313,One-Time Buyers,71,False
15031.0,4,668.14,2011-03-02 14:46:00,2011-12-05 14:19:00,3,3,3,1,133,At Risk,3,False
15032.0,3,4959.1,2010-12-08 12:57:00,2011-03-28 15:03:00,255,2,5,5,525,Regular,255,True
15033.0,10,2586.67,2011-01-14 13:28:00,2011-12-05 12:40:00,4,4,5,1,145,Loyal Customers,4,False
15034.0,8,4308.61,2010-12-21 09:47:00,2011-11-24 12:11:00,15,4,5,2,245,Loyal Customers,15,False
15035.0,1,252.73000000000002,2011-09-11 11:08:00,2011-09-11 11:08:00,89,1,2,4,412,One-Time Buyers,89,False
15036.0,3,465.55,2011-06-13 12:19:00,2011-09-28 15:42:00,71,2,2,3,322,Regular,71,False
15038.0,6,705.49,2010-12-05 10:54:00,2011-10-12 11:33:00,58,3,3,3,333,Regular,58,False
15039.0,47,19914.44,2010-12-06 11:26:00,2011-11-30 11:31:00,9,4,5,1,145,Loyal Customers,9,False
15041.0,1,180.35,2011-06-22 16:16:00,2011-06-22 16:16:00,169,1,1,4,411,One-Time Buyers,169,True
15042.0,1,135.93,2011-05-24 16:25:00,2011-05-24 16:25:00,198,1,1,5,511,One-Time Buyers,198,True
15043.0,1,537.0,2011-11-08 14:26:00,2011-11-08 14:26:00,30,1,3,2,213,At Risk,30,False
15044.0,17,7700.2300000000005,2010-12-12 14:27:00,2011-11-20 13:20:00,18,4,5,2,245,Loyal Customers,18,False
15045.0,2,735.66,2011-03-27 11:44:00,2011-07-11 11:33:00,151,1,3,4,413,One-Time Buyers,151,True
15046.0,15,5213.7699999999995,2011-01-05 15:30:00,2011-11-30 15:50:00,8,4,5,1,145,Loyal Customers,8,False
15047.0,1,343.62,2011-03-15 10:49:00,2011-03-15 10:49:00,269,1,2,5,512,One-Time Buyers,269,True
15048.0,4,384.05,2010-12-06 12:15:00,2011-10-05 14:55:00,64,3,2,3,332,Regular,64,False
15049.0,1,121.17000000000002,2011-03-11 12:13:00,2011-03-11 12:13:00,273,1,1,5,511,One-Time Buyers,273,True
15050.0,3,1782.09,2011-09-29 13:22:00,2011-11-14 16:17:00,24,2,4,2,224,At Risk,24,False
15051.0,3,1391.61,2011-07-12 15:29:00,2011-11-16 15:38:00,22,2,4,2,224,At Risk,22,False
15052.0,1,215.78,2011-01-24 15:52:00,2011-01-24 15:52:00,318,1,1,5,511,One-Time Buyers,318,True
15053.0,3,697.79,2011-03-03 12:06:00,2011-12-05 12:08:00,4,2,3,1,123,At Risk,4,False
15054.0,2,302.1,2011-10-30 14:33:00,2011-11-27 15:02:00,11,1,2,1,112,At Risk,11,False
15057.0,2,1489.5,2011-01-28 09:09:00,2011-03-09 15:17:00,274,1,4,5,514,One-Time Buyers,274,True
15058.0,11,2124.9900000000002,2011-01-31 15:35:00,2011-11-14 14:57:00,24,4,5,2,245,Loyal Customers,24,False
15059.0,9,1337.72,2011-01-09 11:54:00,2011-10-30 11:35:00,40,4,4,3,344,Loyal Customers,40,False
15060.0,4,303.09,2011-11-30 14:03:00,2011-12-01 13:47:00,7,3,2,1,132,At Risk,7,False
15061.0,48,54534.14,2010-12-02 15:19:00,2011-12-06 12:06:00,3,4,5,1,145,Loyal Customers,3,False
15062.0,4,987.86,2010-12-15 15:37:00,2011-09-29 16:51:00,70,3,4,3,334,Regular,70,False
15063.0,1,370.79999999999995,2011-05-10 13:25:00,2011-05-10 13:25:00,212,1,2,5,512,One-Time Buyers,212,True
15065.0,4,3158.13,2011-02-21 12:54:00,2011-11-02 09:45:00,37,3,5,3,335,Regular,37,False
15066.0,1,893.59,2011-10-17 13:25:00,2011-10-17 13:25:00,52,1,3,3,313,One-Time Buyers,52,False
15067.0,3,1744.76,2011-03-02 12:10:00,2011-09-22 13:20:00,77,2,4,4,424,Regular,77,False
15068.0,2,553.36,2011-03-28 14:27:00,2011-10-24 14:47:00,45,1,3,3,313,One-Time Buyers,45,False
15069.0,1,1109.53,2011-06-13 14:16:00,2011-06-13 14:16:00,178,1,4,4,414,One-Time Buyers,178,True
15070.0,1,106.2,2010-12-02 11:23:00,2010-12-02 11:23:00,372,1,1,5,511,One-Time Buyers,372,True
15071.0,2,982.07,2011-03-09 10:19:00,2011-09-07 11:43:00,93,1,4,4,414,One-Time Buyers,93,True
15073.0,3,1043.41,2011-06-06 09:59:00,2011-11-30 10:44:00,9,2,4,1,124,At Risk,9,False
15074.0,1,748.87,2011-08-26 14:45:00,2011-08-26 14:45:00,104,1,3,4,413,One-Time Buyers,104,True
15075.0,1,773.03,2011-09-23 12:27:00,2011-09-23 12:27:00,77,1,3,4,413,One-Time Buyers,77,False
15076.0,1,880.85,2011-06-20 08:23:00,2011-06-20 08:23:00,172,1,3,4,413,One-Time Buyers,172,True
15078.0,32,9743.11,2010-12-06 12:38:00,2011-12-02 15:41:00,6,4,5,1,145,Loyal Customers,6,False
15079.0,4,895.61,2010-12-09 09:25:00,2011-05-11 12:45:00,212,3,3,5,533,Regular,212,True
15081.0,5,504.8,2010-12-07 16:20:00,2011-11-17 17:08:00,21,3,3,2,233,At Risk,21,False
15083.0,1,88.2,2011-03-28 12:18:00,2011-03-28 12:18:00,256,1,1,5,511,One-Time Buyers,256,True
15087.0,1,306.94,2011-03-03 10:34:00,2011-03-03 10:34:00,281,1,2,5,512,One-Time Buyers,281,True
15088.0,2,1160.07,2011-10-03 14:05:00,2011-11-18 13:14:00,20,1,4,2,214,At Risk,20,False
15089.0,6,2420.84,2011-08-03 14:14:00,2011-11-29 16:31:00,9,3,5,1,135,At Risk,9,False
15090.0,1,381.32,2011-02-04 14:03:00,2011-02-04 14:03:00,307,1,2,5,512,One-Time Buyers,307,True
15091.0,1,480.71,2011-10-03 12:47:00,2011-10-03 12:47:00,67,1,2,3,312,One-Time Buyers,67,False
15092.0,2,457.81,2011-03-01 12:24:00,2011-05-08 14:10:00,214,1,2,5,512,One-Time Buyers,214,True
15093.0,6,4597.02,2010-12-02 18:25:00,2011-11-21 13:09:00,17,3,5,2,235,At Risk,17,False
15095.0,4,1370.6,2011-05-20 14:27:00,2011-08-28 12:01:00,103,3,4,4,434,Regular,103,True
15096.0,1,219.39000000000001,2011-10-28 10:27:00,2011-10-28 10:27:00,42,1,1,3,311,One-Time Buyers,42,False
15097.0,1,248.08,2011-12-05 14:03:00,2011-12-05 14:03:00,3,1,1,1,111,At Risk,3,False
15098.0,3,39916.5,2011-06-10 15:22:00,2011-06-10 15:33:00,181,2,5,5,525,Regular,181,True
15099.0,1,410.48,2011-09-16 13:13:00,2011-09-16 13:13:00,83,1,2,4,412,One-Time Buyers,83,False
15100.0,3,876.0,2010-12-01 09:09:00,2011-01-10 10:35:00,333,2,3,5,523,Regular,333,True
15101.0,2,317.53,2010-12-15 12:54:00,2011-12-01 10:18:00,8,1,2,1,112,At Risk,8,False
15103.0,2,703.36,2011-09-14 13:54:00,2011-11-08 14:53:00,30,1,3,2,213,At Risk,30,False
15104.0,2,1027.44,2011-03-02 14:16:00,2011-05-27 12:29:00,196,1,4,5,514,One-Time Buyers,196,True
15105.0,7,2298.93,2011-07-28 10:09:00,2011-11-21 16:54:00,17,4,5,2,245,Loyal Customers,17,False
15106.0,5,1422.52,2011-03-15 12:52:00,2011-11-22 09:16:00,17,3,4,2,234,At Risk,17,False
15107.0,6,319.5,2010-12-02 13:45:00,2011-02-01 14:46:00,310,3,2,5,532,Regular,310,True
15108.0,4,1300.25,2011-04-26 10:54:00,2011-07-21 10:24:00,141,3,4,4,434,Regular,141,True
15109.0,1,484.95,2011-04-08 09:58:00,2011-04-08 09:58:00,245,1,2,5,512,One-Time Buyers,245,True
15110.0,4,996.1,2011-01-25 11:41:00,2011-11-16 11:16:00,23,3,4,2,234,At Risk,23,False
15111.0,3,1567.48,2010-12-02 11:45:00,2011-11-10 16:58:00,28,2,4,2,224,At Risk,28,False
15113.0,3,3609.33,2011-10-16 15:27:00,2011-11-30 08:23:00,9,2,5,1,125,At Risk,9,False
15114.0,10,2760.56,2011-02-11 08:45:00,2011-11-09 15:05:00,29,4,5,2,245,Loyal Customers,29,False
15115.0,1,340.11,2011-11-21 14:59:00,2011-11-21 14:59:00,17,1,2,2,212,At Risk,17,False
15116.0,4,1352.75,2011-05-19 08:50:00,2011-11-22 12:25:00,17,3,4,2,234,At Risk,17,False
15117.0,5,1551.78,2011-05-08 12:38:00,2011-11-25 08:12:00,14,3,4,2,234,At Risk,14,False
15118.0,1,244.8,2011-07-28 14:54:00,2011-07-28 14:54:00,133,1,1,4,411,One-Time Buyers,133,True
15119.0,1,266.4,2011-04-08 09:08:00,2011-04-08 09:08:00,245,1,2,5,512,One-Time Buyers,245,True
15120.0,1,358.82,2011-07-29 09:48:00,2011-07-29 09:48:00,133,1,2,4,412,One-Time Buyers,133,True
15121.0,2,457.72,2011-02-24 12:41:00,2011-10-20 14:51:00,49,1,2,3,312,One-Time Buyers,49,False
15122.0,3,1633.78,2011-02-15 09:59:00,2011-08-17 16:48:00,113,2,4,4,424,Regular,113,True
15123.0,2,2199.31,2011-05-17 14:57:00,2011-12-02 13:12:00,6,1,5,1,115,At Risk,6,False
15124.0,2,184.19,2011-06-01 09:06:00,2011-11-17 10:09:00,22,1,1,2,211,At Risk,22,False
15125.0,15,11528.48,2011-03-14 09:59:00,2011-11-14 13:57:00,24,4,5,2,245,Loyal Customers,24,False
15127.0,1,406.53,2011-10-05 10:30:00,2011-10-05 10:30:00,65,1,2,3,312,One-Time Buyers,65,False
15128.0,4,1471.0,2011-05-04 12:32:00,2011-10-10 13:54:00,59,3,4,3,334,Regular,59,False
15129.0,11,3447.4,2011-02-21 09:09:00,2011-10-20 14:40:00,49,4,5,3,345,Loyal Customers,49,False
15130.0,1,330.11,2011-06-23 10:15:00,2011-06-23 10:15:00,169,1,2,4,412,One-Time Buyers,169,True
15132.0,5,977.9300000000001,2011-03-22 12:02:00,2011-11-21 17:10:00,17,3,4,2,234,At Risk,17,False
15133.0,3,982.42,2011-02-11 10:38:00,2011-08-04 10:44:00,127,2,4,4,424,Regular,127,True
15134.0,8,1387.99,2011-04-13 11:05:00,2011-11-25 08:55:00,14,4,4,2,244,Loyal Customers,14,False
15135.0,1,139.05,2011-04-14 19:16:00,2011-04-14 19:16:00,238,1,1,5,511,One-Time Buyers,238,True
15136.0,4,1286.7,2011-09-04 16:05:00,2011-12-07 12:26:00,2,3,4,1,134,At Risk,2,False
15139.0,2,178.96,2011-01-07 12:44:00,2011-04-14 11:39:00,239,1,1,5,511,One-Time Buyers,239,True
15140.0,7,2354.25,2011-03-20 14:37:00,2011-10-18 14:07:00,51,4,5,3,345,Loyal Customers,51,False
15142.0,1,498.74,2011-10-24 12:51:00,2011-10-24 12:51:00,45,1,3,3,313,One-Time Buyers,45,False
15143.0,1,259.45,2011-04-28 12:03:00,2011-04-28 12:03:00,225,1,2,5,512,One-Time Buyers,225,True
15144.0,17,6580.44,2011-01-31 13:17:00,2011-12-01 15:12:00,7,4,5,1,145,Loyal Customers,7,False
15145.0,4,1194.73,2011-04-05 15:20:00,2011-12-05 17:21:00,3,3,4,1,134,At Risk,3,False
15146.0,2,1327.16,2011-02-21 13:07:00,2011-06-28 12:09:00,164,1,4,4,414,One-Time Buyers,164,True
15147.0,1,623.5,2011-04-13 15:57:00,2011-04-13 15:57:00,239,1,3,5,513,One-Time Buyers,239,True
15148.0,1,301.29,2011-11-29 08:21:00,2011-11-29 08:21:00,10,1,2,1,112,At Risk,10,False
15149.0,1,520.8000000000001,2011-07-29 10:58:00,2011-07-29 10:58:00,133,1,3,4,413,One-Time Buyers,133,True
15150.0,10,5314.47,2011-03-15 14:21:00,2011-11-22 12:52:00,16,4,5,2,245,Loyal Customers,16,False
15152.0,13,4745.69,2011-06-05 15:36:00,2011-11-30 12:32:00,9,4,5,1,145,Loyal Customers,9,False
15153.0,1,329.25,2011-11-08 17:09:00,2011-11-08 17:09:00,30,1,2,2,212,At Risk,30,False
15154.0,1,296.42,2011-09-25 16:05:00,2011-09-25 16:05:00,74,1,2,4,412,One-Time Buyers,74,False
15156.0,3,961.49,2011-11-06 12:41:00,2011-12-08 18:22:00,0,2,4,1,124,At Risk,0,False
15157.0,3,1936.07,2010-12-16 13:44:00,2011-12-06 11:28:00,3,2,4,1,124,At Risk,3,False
15158.0,1,401.40000000000003,2011-10-25 13:53:00,2011-10-25 13:53:00,44,1,2,3,312,One-Time Buyers,44,False
15159.0,30,18641.010000000002,2010-12-13 15:44:00,2011-12-08 12:05:00,1,4,5,1,145,Loyal Customers,1,False
15160.0,1,158.16,2010-12-17 14:15:00,2010-12-17 14:15:00,356,1,1,5,511,One-Time Buyers,356,True
15163.0,2,304.47,2011-05-31 15:22:00,2011-11-21 13:10:00,17,1,2,2,212,At Risk,17,False
15164.0,3,843.05,2011-01-04 14:21:00,2011-10-02 12:05:00,68,2,3,3,323,Regular,68,False
15165.0,1,487.75,2010-12-01 14:03:00,2010-12-01 14:03:00,372,1,2,5,512,One-Time Buyers,372,True
15167.0,1,163.0,2011-01-23 12:41:00,2011-01-23 12:41:00,320,1,1,5,511,One-Time Buyers,320,True
15168.0,1,106.56,2011-11-14 11:26:00,2011-11-14 11:26:00,25,1,1,2,211,At Risk,25,False
15171.0,1,1289.5,2011-01-12 15:36:00,2011-01-12 15:36:00,330,1,4,5,514,One-Time Buyers,330,True
15172.0,5,1624.05,2011-04-17 11:56:00,2011-12-01 11:51:00,8,3,4,1,134,At Risk,8,False
15174.0,1,135.75,2011-01-21 09:06:00,2011-01-21 09:06:00,322,1,1,5,511,One-Time Buyers,322,True
15175.0,1,224.14,2011-09-29 11:31:00,2011-09-29 11:31:00,71,1,1,3,311,One-Time Buyers,71,False
15178.0,1,40.5,2011-03-24 15:12:00,2011-03-24 15:12:00,259,1,1,5,511,One-Time Buyers,259,True
15179.0,5,2206.95,2011-01-24 13:48:00,2011-11-21 12:53:00,17,3,5,2,235,At Risk,17,False
15180.0,1,87.5,2010-12-07 14:57:00,2010-12-07 14:57:00,366,1,1,5,511,One-Time Buyers,366,True
15181.0,3,689.4799999999999,2011-03-15 12:03:00,2011-10-04 13:58:00,65,2,3,3,323,Regular,65,False
15182.0,2,622.85,2011-03-16 12:42:00,2011-07-08 13:37:00,153,1,3,4,413,One-Time Buyers,153,True
15184.0,2,406.76,2011-06-02 12:06:00,2011-11-10 13:41:00,28,1,2,2,212,At Risk,28,False
15185.0,1,310.62,2011-09-30 14:06:00,2011-09-30 14:06:00,69,1,2,3,312,One-Time Buyers,69,False
15186.0,2,411.41,2011-06-24 14:54:00,2011-11-25 14:58:00,13,1,2,2,212,At Risk,13,False
15187.0,16,4777.18,2011-05-11 13:49:00,2011-12-08 11:56:00,1,4,5,1,145,Loyal Customers,1,False
15189.0,41,16225.39,2011-01-11 12:29:00,2011-12-08 13:22:00,0,4,5,1,145,Loyal Customers,0,False
15192.0,3,1044.32,2010-12-09 14:56:00,2011-08-12 11:41:00,119,2,4,4,424,Regular,119,True
15193.0,1,499.32,2011-10-10 08:23:00,2011-10-10 08:23:00,60,1,3,3,313,One-Time Buyers,60,False
15194.0,15,7616.53,2010-12-06 15:00:00,2011-12-06 15:10:00,2,4,5,1,145,Loyal Customers,2,False
15195.0,1,3861.0,2011-12-07 12:20:00,2011-12-07 12:20:00,2,1,5,1,115,At Risk,2,False
15197.0,3,1079.6100000000001,2010-12-16 18:01:00,2011-11-29 10:00:00,10,2,4,1,124,At Risk,10,False
15198.0,2,193.64,2011-08-07 15:16:00,2011-09-08 14:42:00,91,1,1,4,411,One-Time Buyers,91,True
15199.0,4,1268.7,2011-02-04 14:04:00,2011-10-11 15:12:00,58,3,4,3,334,Regular,58,False
15201.0,5,1236.54,2011-04-06 14:02:00,2011-09-13 14:53:00,86,3,4,4,434,Regular,86,False
15203.0,6,1827.8,2011-02-01 12:29:00,2011-11-14 08:16:00,25,3,4,2,234,At Risk,25,False
15204.0,1,316.58,2010-12-17 13:49:00,2010-12-17 13:49:00,356,1,2,5,512,One-Time Buyers,356,True
15205.0,2,653.24,2011-08-04 16:07:00,2011-09-15 19:36:00,84,1,3,4,413,One-Time Buyers,84,False
15206.0,4,420.29999999999995,2011-03-09 08:59:00,2011-11-29 13:41:00,9,3,2,1,132,At Risk,9,False
15208.0,5,870.12,2010-12-21 13:03:00,2011-12-08 17:24:00,0,3,3,1,133,At Risk,0,False
15210.0,1,331.18,2011-04-28 16:11:00,2011-04-28 16:11:00,224,1,2,5,512,One-Time Buyers,224,True
15211.0,2,894.4100000000001,2010-12-09 16:08:00,2011-10-10 13:31:00,59,1,3,3,313,One-Time Buyers,59,False
15212.0,1,101.8,2011-04-12 13:45:00,2011-04-12 13:45:00,240,1,1,5,511,One-Time Buyers,240,True
15213.0,2,328.35,2011-01-14 11:05:00,2011-01-25 12:21:00,318,1,2,5,512,One-Time Buyers,318,True
15214.0,8,1661.44,2011-04-11 09:46:00,2011-12-08 12:07:00,1,4,4,1,144,Loyal Customers,1,False
15215.0,3,734.94,2011-09-04 12:24:00,2011-10-24 11:41:00,46,2,3,3,323,Regular,46,False
15216.0,1,96.6,2011-09-13 11:41:00,2011-09-13 11:41:00,87,1,1,4,411,One-Time Buyers,87,False
15218.0,11,5756.89,2011-01-25 11:20:00,2011-11-29 11:48:00,10,4,5,1,145,Loyal Customers,10,False
15219.0,1,305.75,2011-06-16 16:57:00,2011-06-16 16:57:00,175,1,2,4,412,One-Time Buyers,175,True
15220.0,6,1778.96,2011-03-04 10:24:00,2011-10-19 12:39:00,51,3,4,3,334,Regular,51,False
15221.0,1,403.25,2010-12-08 13:08:00,2010-12-08 13:08:00,365,1,2,5,512,One-Time Buyers,365,True
15222.0,1,585.0,2011-01-25 08:03:00,2011-01-25 08:03:00,318,1,3,5,513,One-Time Buyers,318,True
15223.0,2,755.75,2011-04-04 12:17:00,2011-04-28 11:31:00,225,1,3,5,513,One-Time Buyers,225,True
15224.0,2,322.08,2010-12-12 12:34:00,2010-12-16 15:02:00,357,1,2,5,512,One-Time Buyers,357,True
15225.0,1,409.40000000000003,2011-04-19 14:51:00,2011-04-19 14:51:00,233,1,2,5,512,One-Time Buyers,233,True
15226.0,1,154.41,2011-02-02 11:41:00,2011-02-02 11:41:00,310,1,1,5,511,One-Time Buyers,310,True
15227.0,5,1219.4,2011-01-26 15:31:00,2011-11-03 11:59:00,36,3,4,3,334,Regular,36,False
15228.0,4,3386.71,2011-02-18 09:04:00,2011-10-04 13:56:00,65,3,5,3,335,Regular,65,False
15230.0,2,429.6,2011-04-13 11:04:00,2011-04-14 14:39:00,238,1,2,5,512,One-Time Buyers,238,True
15232.0,2,612.06,2011-07-22 12:21:00,2011-08-18 16:27:00,112,1,3,4,413,One-Time Buyers,112,True
15234.0,1,197.0,2011-03-08 08:53:00,2011-03-08 08:53:00,276,1,1,5,511,One-Time Buyers,276,True
15235.0,12,2247.51,2010-12-01 17:22:00,2011-05-06 09:44:00,217,4,5,5,545,Champions,217,True
15236.0,1,321.05,2011-02-14 10:52:00,2011-02-14 10:52:00,298,1,2,5,512,One-Time Buyers,298,True
15237.0,4,1412.32,2011-04-26 15:04:00,2011-12-08 09:46:00,1,3,4,1,134,At Risk,1,False
15238.0,3,1071.99,2011-06-08 16:00:00,2011-11-10 14:28:00,28,2,4,2,224,At Risk,28,False
15239.0,2,780.59,2011-09-22 09:53:00,2011-11-29 14:14:00,9,1,3,1,113,At Risk,9,False
15240.0,5,1706.57,2011-02-01 08:23:00,2011-10-26 09:50:00,44,3,4,3,334,Regular,44,False
15241.0,8,1756.44,2011-03-01 11:02:00,2011-10-04 09:05:00,66,4,4,3,344,Loyal Customers,66,False
15243.0,1,316.68,2011-09-26 14:12:00,2011-09-26 14:12:00,73,1,2,4,412,One-Time Buyers,73,False
15244.0,2,631.57,2011-04-05 15:12:00,2011-10-05 13:19:00,64,1,3,3,313,One-Time Buyers,64,False
15245.0,3,2515.84,2011-03-23 13:42:00,2011-07-28 18:56:00,133,2,5,4,425,Regular,133,True
15246.0,2,514.15,2010-12-16 09:46:00,2011-04-15 14:45:00,237,1,3,5,513,One-Time Buyers,237,True
15247.0,1,356.0,2011-08-09 12:52:00,2011-08-09 12:52:00,121,1,2,4,412,One-Time Buyers,121,True
15249.0,13,6688.46,2011-03-28 12:49:00,2011-11-08 11:45:00,31,4,5,2,245,Loyal Customers,31,False
15251.0,11,10484.99,2011-04-12 10:38:00,2011-11-30 15:02:00,8,4,5,1,145,Loyal Customers,8,False
15252.0,2,740.78,2011-06-09 14:15:00,2011-11-03 13:30:00,35,1,3,3,313,One-Time Buyers,35,False
15253.0,5,918.1999999999999,2011-06-23 12:19:00,2011-11-23 16:22:00,15,3,3,2,233,At Risk,15,False
15254.0,1,300.36,2011-08-04 15:04:00,2011-08-04 15:04:00,126,1,2,4,412,One-Time Buyers,126,True
15255.0,1,890.85,2011-10-04 12:43:00,2011-10-04 12:43:00,66,1,3,3,313,One-Time Buyers,66,False
15256.0,1,98.45,2011-07-14 11:47:00,2011-07-14 11:47:00,148,1,1,4,411,One-Time Buyers,148,True
15257.0,1,317.15,2011-03-01 12:58:00,2011-03-01 12:58:00,282,1,2,5,512,One-Time Buyers,282,True
15258.0,2,623.16,2011-05-06 14:16:00,2011-06-24 12:30:00,168,1,3,4,413,One-Time Buyers,168,True
15260.0,7,1810.77,2010-12-02 12:09:00,2011-08-31 13:55:00,99,4,4,4,444,Champions,99,True
15261.0,1,254.82,2011-07-27 15:20:00,2011-07-27 15:20:00,134,1,2,4,412,One-Time Buyers,134,True
15262.0,1,178.95000000000002,2011-01-20 12:16:00,2011-01-20 12:16:00,323,1,1,5,511,One-Time Buyers,323,True
15263.0,1,156.51,2011-08-25 10:26:00,2011-08-25 10:26:00,106,1,1,4,411,One-Time Buyers,106,True
15264.0,1,393.74,2011-10-06 13:49:00,2011-10-06 13:49:00,63,1,2,3,312,One-Time Buyers,63,False
15265.0,2,1506.1200000000001,2011-04-18 12:16:00,2011-07-11 14:46:00,150,1,4,4,414,One-Time Buyers,150,True
15266.0,1,119.3,2011-01-05 13:40:00,2011-01-05 13:40:00,337,1,1,5,511,One-Time Buyers,337,True
15267.0,5,1717.36,2011-06-10 10:24:00,2011-11-17 15:59:00,21,3,4,2,234,At Risk,21,False
15269.0,1,408.8,2011-11-16 09:32:00,2011-11-16 09:32:00,23,1,2,2,212,At Risk,23,False
15270.0,7,2379.49,2011-02-02 13:25:00,2011-11-24 09:24:00,15,4,5,2,245,Loyal Customers,15,False
15271.0,15,2507.07,2010-12-09 13:47:00,2011-12-02 14:11:00,6,4,5,1,145,Loyal Customers,6,False
15272.0,2,721.94,2011-09-14 16:36:00,2011-10-13 12:59:00,56,1,3,3,313,One-Time Buyers,56,False
15274.0,2,716.57,2011-11-21 14:17:00,2011-12-05 16:57:00,3,1,3,1,113,At Risk,3,False
15275.0,1,615.14,2011-11-02 11:20:00,2011-11-02 11:20:00,37,1,3,3,313,One-Time Buyers,37,False
15276.0,1,135.31,2011-10-04 16:39:00,2011-10-04 16:39:00,65,1,1,3,311,One-Time Buyers,65,False
15277.0,1,255.89999999999998,2011-10-24 10:08:00,2011-10-24 10:08:00,46,1,2,3,312,One-Time Buyers,46,False
15279.0,1,290.51,2010-12-20 10:48:00,2010-12-20 10:48:00,354,1,2,5,512,One-Time Buyers,354,True
15280.0,1,113.12,2011-06-20 17:14:00,2011-06-20 17:14:00,171,1,1,4,411,One-Time Buyers,171,True
15281.0,9,2332.15,2011-01-10 15:51:00,2011-10-12 09:10:00,58,4,5,3,345,Loyal Customers,58,False
15286.0,1,240.55,2011-10-21 11:08:00,2011-10-21 11:08:00,49,1,1,3,311,One-Time Buyers,49,False
15287.0,2,486.69,2011-09-30 12:30:00,2011-11-17 15:34:00,21,1,2,2,212,At Risk,21,False
15288.0,5,2306.52,2010-12-09 13:59:00,2011-10-27 16:58:00,42,3,5,3,335,Regular,42,False
15289.0,3,939.78,2011-04-04 12:44:00,2011-11-10 13:49:00,28,2,3,2,223,At Risk,28,False
15290.0,18,7943.22,2010-12-15 16:03:00,2011-12-05 11:39:00,4,4,5,1,145,Loyal Customers,4,False
15291.0,15,4668.3,2010-12-01 09:32:00,2011-11-14 11:02:00,25,4,5,2,245,Loyal Customers,25,False
15292.0,1,180.94,2011-05-22 15:00:00,2011-05-22 15:00:00,200,1,1,5,511,One-Time Buyers,200,True
15296.0,6,3672.86,2011-01-17 11:57:00,2011-10-20 11:47:00,50,3,5,3,335,Regular,50,False
15297.0,3,641.94,2011-10-07 09:42:00,2011-11-29 16:32:00,9,2,3,1,123,At Risk,9,False
15298.0,12,4799.9,2010-12-08 13:55:00,2011-12-07 17:17:00,1,4,5,1,145,Loyal Customers,1,False
15299.0,7,4507.01,2010-12-02 16:48:00,2011-10-03 14:19:00,66,4,5,3,345,Loyal Customers,66,False
15300.0,1,496.44,2011-10-06 17:08:00,2011-10-06 17:08:00,63,1,3,3,313,One-Time Buyers,63,False
15301.0,12,5070.35,2010-12-06 12:21:00,2011-10-20 09:57:00,50,4,5,3,345,Loyal Customers,50,False
15303.0,1,574.02,2011-02-22 13:59:00,2011-02-22 13:59:00,289,1,3,5,513,One-Time Buyers,289,True
15304.0,8,694.4000000000001,2010-12-06 11:42:00,2011-10-10 10:23:00,60,4,3,3,343,Loyal Customers,60,False
15306.0,3,1174.35,2011-07-14 15:22:00,2011-10-06 12:56:00,63,2,4,3,324,Regular,63,False
15307.0,1,205.3,2011-09-05 11:38:00,2011-09-05 11:38:00,95,1,1,4,411,One-Time Buyers,95,True
15308.0,1,310.47,2011-03-10 13:08:00,2011-03-10 13:08:00,273,1,2,5,512,One-Time Buyers,273,True
15311.0,91,60767.9,2010-12-01 09:41:00,2011-12-09 12:00:00,0,4,5,1,145,Loyal Customers,0,False
15312.0,4,924.85,2010-12-20 12:51:00,2011-09-25 13:10:00,74,3,3,4,433,Regular,74,False
15313.0,1,52.0,2011-08-21 16:02:00,2011-08-21 16:02:00,109,1,1,4,411,One-Time Buyers,109,True
15314.0,1,327.97,2011-05-24 14:39:00,2011-05-24 14:39:00,198,1,2,5,512,One-Time Buyers,198,True
15315.0,2,570.5,2011-08-15 15:17:00,2011-10-06 12:51:00,63,1,3,3,313,One-Time Buyers,63,False
15316.0,1,165.0,2011-01-17 11:34:00,2011-01-17 11:34:00,326,1,1,5,511,One-Time Buyers,326,True
15318.0,1,312.62,2011-12-06 11:30:00,2011-12-06 11:30:00,3,1,2,1,112,At Risk,3,False
15319.0,1,204.5,2011-03-01 12:48:00,2011-03-01 12:48:00,283,1,1,5,511,One-Time Buyers,283,True
15320.0,1,267.13,2011-10-26 13:27:00,2011-10-26 13:27:00,43,1,2,3,312,One-Time Buyers,43,False
15321.0,3,2748.31,2011-02-21 11:10:00,2011-09-30 09:40:00,70,2,5,3,325,Regular,70,False
15322.0,1,679.68,2011-09-15 09:34:00,2011-09-15 09:34:00,85,1,3,4,413,One-Time Buyers,85,False
15325.0,1,162.29,2011-08-28 11:55:00,2011-08-28 11:55:00,103,1,1,4,411,One-Time Buyers,103,True
15326.0,1,311.71,2011-01-10 11:38:00,2011-01-10 11:38:00,333,1,2,5,512,One-Time Buyers,333,True
15327.0,1,208.75,2011-10-18 11:55:00,2011-10-18 11:55:00,52,1,1,3,311,One-Time Buyers,52,False
15329.0,3,1049.7,2011-06-21 10:37:00,2011-10-31 15:36:00,38,2,4,3,324,Regular,38,False
15330.0,2,714.96,2011-10-10 12:30:00,2011-11-07 17:50:00,31,1,3,2,213,At Risk,31,False
15332.0,4,1661.06,2010-12-05 12:00:00,2010-12-08 14:43:00,365,3,4,5,534,Regular,365,True
15333.0,1,1028.56,2011-05-15 13:27:00,2011-05-15 13:27:00,207,1,4,5,514,One-Time Buyers,207,True
15334.0,3,351.67,2011-06-19 13:51:00,2011-07-06 11:22:00,156,2,2,4,422,Regular,156,True
15335.0,1,173.97,2011-10-17 12:50:00,2011-10-17 12:50:00,53,1,1,3,311,One-Time Buyers,53,False
15339.0,2,574.07,2011-01-25 13:15:00,2011-10-04 12:51:00,65,1,3,3,313,One-Time Buyers,65,False
15341.0,1,2020.52,2011-09-20 09:40:00,2011-09-20 09:40:00,80,1,4,4,414,One-Time Buyers,80,False
15342.0,1,406.09,2011-08-02 10:19:00,2011-08-02 10:19:00,129,1,2,4,412,One-Time Buyers,129,True
15343.0,1,364.5,2011-09-13 13:55:00,2011-09-13 13:55:00,86,1,2,4,412,One-Time Buyers,86,False
15344.0,3,563.94,2011-09-26 14:48:00,2011-12-09 10:45:00,0,2,3,1,123,At Risk,0,False
15345.0,1,393.54,2011-10-25 11:28:00,2011-10-25 11:28:00,45,1,2,3,312,One-Time Buyers,45,False
15346.0,1,252.42000000000002,2011-01-11 11:18:00,2011-01-11 11:18:00,332,1,2,5,512,One-Time Buyers,332,True
15347.0,1,201.60000000000002,2010-12-08 15:25:00,2010-12-08 15:25:00,365,1,1,5,511,One-Time Buyers,365,True
15348.0,1,158.04,2011-09-28 13:17:00,2011-09-28 13:17:00,71,1,1,3,311,One-Time Buyers,71,False
15349.0,2,473.81,2011-06-05 15:46:00,2011-07-04 16:06:00,157,1,2,4,412,One-Time Buyers,157,True
15350.0,1,115.65,2010-12-01 13:33:00,2010-12-01 13:33:00,372,1,1,5,511,One-Time Buyers,372,True
15351.0,7,1960.1100000000001,2010-12-05 11:49:00,2011-11-27 12:52:00,11,4,4,1,144,Loyal Customers,11,False
15353.0,2,777.02,2010-12-07 11:49:00,2011-03-30 12:15:00,254,1,3,5,513,One-Time Buyers,254,True
15355.0,2,277.05,2011-10-17 15:22:00,2011-11-10 13:44:00,28,1,2,2,212,At Risk,28,False
15356.0,10,2766.5,2010-12-06 14:05:00,2011-11-08 13:11:00,30,4,5,2,245,Loyal Customers,30,False
15358.0,22,8347.2,2010-12-09 10:04:00,2011-12-05 09:04:00,4,4,5,1,145,Loyal Customers,4,False
15360.0,1,427.93,2011-10-31 09:35:00,2011-10-31 09:35:00,39,1,2,3,312,One-Time Buyers,39,False
15361.0,1,418.92,2010-12-13 09:52:00,2010-12-13 09:52:00,361,1,2,5,512,One-Time Buyers,361,True
15363.0,1,326.0,2010-12-02 12:28:00,2010-12-02 12:28:00,372,1,2,5,512,One-Time Buyers,372,True
15364.0,2,913.19,2011-03-30 13:39:00,2011-09-05 09:46:00,95,1,3,4,413,One-Time Buyers,95,True
15365.0,7,2314.32,2011-01-28 13:08:00,2011-11-14 08:29:00,25,4,5,2,245,Loyal Customers,25,False
15366.0,2,602.51,2010-12-16 15:59:00,2011-09-25 15:01:00,74,1,3,4,413,One-Time Buyers,74,False
15367.0,4,1877.59,2011-03-09 13:53:00,2011-10-13 14:13:00,56,3,4,3,334,Regular,56,False
15368.0,1,446.94000000000005,2011-11-18 14:42:00,2011-11-18 14:42:00,20,1,2,2,212,At Risk,20,False
15370.0,7,2386.05,2011-01-11 11:32:00,2011-10-30 10:58:00,40,4,5,3,345,Loyal Customers,40,False
15372.0,1,2007.3999999999999,2011-07-25 16:39:00,2011-07-25 16:39:00,136,1,4,4,414,One-Time Buyers,136,True
15373.0,12,2415.91,2010-12-03 14:40:00,2011-12-01 15:05:00,7,4,5,1,145,Loyal Customers,7,False
15374.0,1,168.0,2011-08-03 09:59:00,2011-08-03 09:59:00,128,1,1,4,411,One-Time Buyers,128,True
15376.0,3,1233.3600000000001,2011-05-01 13:45:00,2011-10-30 15:04:00,39,2,4,3,324,Regular,39,False
15379.0,7,3703.29,2010-12-16 13:02:00,2011-06-23 13:13:00,168,4,5,4,445,Champions,168,True
15380.0,5,1690.2600000000002,2010-12-09 15:01:00,2011-12-01 12:13:00,8,3,4,1,134,At Risk,8,False
15381.0,2,596.85,2011-03-16 13:44:00,2011-05-10 11:55:00,213,1,3,5,513,One-Time Buyers,213,True
15382.0,6,5955.71,2011-02-17 12:01:00,2011-11-25 10:58:00,14,3,5,2,235,At Risk,14,False
15384.0,2,642.41,2010-12-15 11:34:00,2011-06-23 10:57:00,169,1,3,4,413,One-Time Buyers,169,True
15385.0,1,316.88,2011-10-30 15:11:00,2011-10-30 15:11:00,39,1,2,3,312,One-Time Buyers,39,False
15386.0,1,394.14,2011-06-06 13:47:00,2011-06-06 13:47:00,185,1,2,5,512,One-Time Buyers,185,True
15388.0,1,140.54,2011-03-14 13:53:00,2011-03-14 13:53:00,269,1,1,5,511,One-Time Buyers,269,True
15389.0,1,500.0,2011-06-20 16:18:00,2011-06-20 16:18:00,171,1,3,4,413,One-Time Buyers,171,True
15392.0,4,1535.53,2010-12-14 15:50:00,2011-12-05 11:01:00,4,3,4,1,134,At Risk,4,False
15393.0,2,231.86,2011-03-03 16:58:00,2011-11-23 16:48:00,15,1,1,2,211,At Risk,15,False
15394.0,4,2183.54,2010-12-16 12:46:00,2011-11-30 11:49:00,9,3,5,1,135,At Risk,9,False
15395.0,1,107.45,2011-01-18 12:40:00,2011-01-18 12:40:00,325,1,1,5,511,One-Time Buyers,325,True
15396.0,1,288.18,2011-08-19 10:56:00,2011-08-19 10:56:00,112,1,2,4,412,One-Time Buyers,112,True
15397.0,1,94.0,2011-02-23 09:25:00,2011-02-23 09:25:00,289,1,1,5,511,One-Time Buyers,289,True
15398.0,2,1345.53,2011-09-22 14:56:00,2011-11-23 16:47:00,15,1,4,2,214,At Risk,15,False
15399.0,3,815.77,2011-09-21 15:57:00,2011-12-08 13:04:00,0,2,3,1,123,At Risk,0,False
15400.0,5,716.2,2011-03-06 11:27:00,2011-09-08 13:57:00,91,3,3,4,433,Regular,91,True
15402.0,2,626.77,2011-05-27 13:32:00,2011-07-14 12:17:00,148,1,3,4,413,One-Time Buyers,148,True
15405.0,1,349.1,2011-06-03 14:44:00,2011-06-03 14:44:00,188,1,2,5,512,One-Time Buyers,188,True
15406.0,2,510.71000000000004,2011-02-11 16:19:00,2011-11-08 13:22:00,30,1,3,2,213,At Risk,30,False
15407.0,4,1056.44,2011-02-07 13:18:00,2011-11-06 11:55:00,33,3,4,3,334,Regular,33,False
15408.0,1,267.18,2011-03-20 15:02:00,2011-03-20 15:02:00,263,1,2,5,512,One-Time Buyers,263,True
15410.0,8,3450.84,2011-03-23 10:15:00,2011-09-16 14:47:00,83,4,5,4,445,Champions,83,False
15411.0,4,1358.88,2011-06-10 12:30:00,2011-11-13 15:19:00,25,3,4,2,234,At Risk,25,False
15412.0,1,190.53,2011-06-21 15:24:00,2011-06-21 15:24:00,170,1,1,4,411,One-Time Buyers,170,True
15414.0,3,774.9000000000001,2011-04-11 13:45:00,2011-11-30 09:50:00,9,2,3,1,123,At Risk,9,False
15415.0,1,572.8100000000001,2011-01-30 14:13:00,2011-01-30 14:13:00,312,1,3,5,513,One-Time Buyers,312,True
15416.0,4,3984.32,2011-03-02 08:41:00,2011-10-06 09:38:00,64,3,5,3,335,Regular,64,False
15417.0,1,508.8,2011-09-15 15:26:00,2011-09-15 15:26:00,84,1,3,4,413,One-Time Buyers,84,False
15419.0,1,135.86,2011-11-15 09:23:00,2011-11-15 09:23:00,24,1,1,2,211,At Risk,24,False
15421.0,4,950.36,2011-02-02 14:36:00,2011-10-12 09:20:00,58,3,4,3,334,Regular,58,False
15422.0,2,97.7,2011-01-20 14:17:00,2011-01-20 16:17:00,322,1,1,5,511,One-Time Buyers,322,True
15423.0,1,43.5,2011-11-01 14:01:00,2011-11-01 14:01:00,37,1,1,3,311,One-Time Buyers,37,False
15424.0,2,383.34,2011-03-30 13:00:00,2011-03-30 13:02:00,253,1,2,5,512,One-Time Buyers,253,True
15426.0,5,1447.39,2010-12-05 13:55:00,2011-11-20 15:36:00,18,3,4,2,234,At Risk,18,False
15427.0,3,1483.14,2011-10-23 14:47:00,2011-11-06 14:29:00,32,2,4,2,224,At Risk,32,False
15428.0,1,93.78,2011-11-24 16:54:00,2011-11-24 16:54:00,14,1,1,2,211,At Risk,14,False
15429.0,2,397.35,2011-09-25 13:42:00,2011-11-13 12:28:00,26,1,2,2,212,At Risk,26,False
15432.0,1,171.19,2011-11-16 16:30:00,2011-11-16 16:30:00,22,1,1,2,211,At Risk,22,False
15433.0,2,533.3,2011-03-17 14:12:00,2011-05-10 10:45:00,213,1,3,5,513,One-Time Buyers,213,True
15434.0,5,1041.48,2011-05-23 14:18:00,2011-12-01 13:33:00,7,3,4,1,134,At Risk,7,False
15435.0,1,149.29,2011-11-17 16:39:00,2011-11-17 16:39:00,21,1,1,2,211,At Risk,21,False
15436.0,3,1122.53,2011-04-19 16:52:00,2011-11-27 16:05:00,11,2,4,1,124,At Risk,11,False
15437.0,1,200.16,2011-03-22 13:11:00,2011-03-22 13:11:00,261,1,1,5,511,One-Time Buyers,261,True
15438.0,1,156.57999999999998,2011-07-31 14:19:00,2011-07-31 14:19:00,130,1,1,4,411,One-Time Buyers,130,True
15440.0,3,383.68,2011-05-15 11:30:00,2011-10-16 12:16:00,54,2,2,3,322,Regular,54,False
15442.0,1,594.0,2011-04-05 12:24:00,2011-04-05 12:24:00,248,1,3,5,513,One-Time Buyers,248,True
15443.0,7,3236.91,2011-01-23 13:25:00,2011-12-08 10:40:00,1,4,5,1,145,Loyal Customers,1,False
15444.0,2,1418.26,2011-10-30 16:12:00,2011-11-30 17:37:00,8,1,4,1,114,At Risk,8,False
15445.0,1,113.5,2011-03-20 15:06:00,2011-03-20 15:06:00,263,1,1,5,511,One-Time Buyers,263,True
15447.0,1,155.17,2011-01-13 11:26:00,2011-01-13 11:26:00,330,1,1,5,511,One-Time Buyers,330,True
15448.0,1,494.64,2011-01-31 10:42:00,2011-01-31 10:42:00,312,1,3,5,513,One-Time Buyers,312,True
15449.0,3,974.52,2011-03-23 10:43:00,2011-11-13 15:02:00,25,2,4,2,224,At Risk,25,False
15450.0,1,429.84,2011-11-09 17:11:00,2011-11-09 17:11:00,29,1,2,2,212,At Risk,29,False
15452.0,3,538.73,2011-03-20 15:21:00,2011-11-10 12:13:00,29,2,3,2,223,At Risk,29,False
15453.0,7,1388.37,2011-06-05 12:37:00,2011-12-08 10:59:00,1,4,4,1,144,Loyal Customers,1,False
15454.0,1,179.1,2010-12-12 14:21:00,2010-12-12 14:21:00,361,1,1,5,511,One-Time Buyers,361,True
15456.0,3,447.22,2010-12-15 15:34:00,2011-03-01 13:51:00,282,2,2,5,522,Regular,282,True
15457.0,1,237.07,2011-03-22 15:31:00,2011-03-22 15:31:00,261,1,1,5,511,One-Time Buyers,261,True
15458.0,1,161.64,2011-11-14 13:08:00,2011-11-14 13:08:00,24,1,1,2,211,At Risk,24,False
15460.0,1,216.76,2010-12-20 16:08:00,2010-12-20 16:08:00,353,1,1,5,511,One-Time Buyers,353,True
15462.0,3,234.6,2011-06-05 15:36:00,2011-09-06 13:11:00,93,2,1,4,421,Regular,93,True
15463.0,1,126.14,2011-11-10 12:57:00,2011-11-10 12:57:00,28,1,1,2,211,At Risk,28,False
15464.0,1,1048.85,2011-01-05 15:56:00,2011-01-05 15:56:00,337,1,4,5,514,One-Time Buyers,337,True
15465.0,18,7354.62,2010-12-05 10:12:00,2011-11-20 10:11:00,19,4,5,2,245,Loyal Customers,19,False
15466.0,1,334.53,2011-09-15 14:08:00,2011-09-15 14:08:00,84,1,2,4,412,One-Time Buyers,84,False
15467.0,3,524.88,2011-07-10 14:42:00,2011-11-30 14:17:00,8,2,3,1,123,At Risk,8,False
15468.0,2,467.51,2011-10-19 13:38:00,2011-10-19 13:49:00,50,1,2,3,312,One-Time Buyers,50,False
15469.0,2,538.55,2011-08-11 16:54:00,2011-10-20 16:21:00,49,1,3,3,313,One-Time Buyers,49,False
15471.0,1,469.48,2011-12-07 14:12:00,2011-12-07 14:12:00,1,1,2,1,112,At Risk,1,False
15472.0,1,371.56,2011-08-18 15:17:00,2011-08-18 15:17:00,112,1,2,4,412,One-Time Buyers,112,True
15473.0,7,1771.2,2011-10-10 11:12:00,2011-11-25 15:15:00,13,4,4,2,244,Loyal Customers,13,False
15475.0,1,454.10999999999996,2011-09-23 15:20:00,2011-09-23 15:20:00,76,1,2,4,412,One-Time Buyers,76,False
15478.0,2,1441.42,2011-10-14 11:09:00,2011-10-30 14:19:00,39,1,4,3,314,One-Time Buyers,39,False
15480.0,1,905.5,2011-08-15 14:32:00,2011-08-15 14:32:00,115,1,3,4,413,One-Time Buyers,115,True
15482.0,12,11054.96,2010-12-16 10:08:00,2011-11-24 10:46:00,15,4,5,2,245,Loyal Customers,15,False
15483.0,4,233.81,2011-03-18 12:26:00,2011-07-01 13:07:00,160,3,1,4,431,Regular,160,True
15484.0,4,3594.31,2011-09-22 13:31:00,2011-12-08 15:03:00,0,3,5,1,135,At Risk,0,False
15485.0,3,2575.0,2010-12-01 13:23:00,2011-11-09 14:31:00,29,2,5,2,225,At Risk,29,False
15488.0,1,91.32000000000001,2011-09-08 10:11:00,2011-09-08 10:11:00,92,1,1,4,411,One-Time Buyers,92,True
15489.0,3,1134.28,2011-05-12 12:54:00,2011-11-17 08:53:00,22,2,4,2,224,At Risk,22,False
15491.0,6,3100.09,2011-04-18 10:04:00,2011-09-05 15:56:00,94,3,5,4,435,Regular,94,True
15492.0,2,659.4599999999999,2011-09-26 14:02:00,2011-11-11 14:53:00,27,1,3,2,213,At Risk,27,False
15493.0,5,2001.8,2011-03-14 11:44:00,2011-11-07 12:04:00,32,3,4,2,234,At Risk,32,False
15494.0,2,1299.23,2011-08-10 15:29:00,2011-11-18 14:51:00,20,1,4,2,214,At Risk,20,False
15497.0,2,1262.2,2011-01-24 10:01:00,2011-11-22 11:51:00,17,1,4,2,214,At Risk,17,False
15498.0,27,13316.4,2010-12-08 12:29:00,2011-12-07 12:48:00,2,4,5,1,145,Loyal Customers,2,False
15500.0,4,1131.56,2011-09-19 13:47:00,2011-12-01 13:47:00,7,3,4,1,134,At Risk,7,False
15502.0,12,10384.93,2010-12-05 15:40:00,2011-11-24 12:48:00,15,4,5,2,245,Loyal Customers,15,False
15503.0,1,147.09,2010-12-12 10:57:00,2010-12-12 10:57:00,362,1,1,5,511,One-Time Buyers,362,True
15504.0,1,52.83,2011-09-19 13:45:00,2011-09-19 13:45:00,80,1,1,4,411,One-Time Buyers,80,False
15505.0,5,3610.96,2011-07-07 13:33:00,2011-10-18 07:56:00,52,3,5,3,335,Regular,52,False
15506.0,3,979.26,2011-07-24 11:45:00,2011-11-17 12:11:00,22,2,4,2,224,At Risk,22,False
15507.0,1,492.36,2011-06-21 11:19:00,2011-06-21 11:19:00,171,1,3,4,413,One-Time Buyers,171,True
15508.0,6,1000.27,2011-04-18 15:31:00,2011-06-03 15:43:00,188,3,4,5,534,Regular,188,True
15510.0,1,250.0,2011-01-13 12:10:00,2011-01-13 12:10:00,330,1,1,5,511,One-Time Buyers,330,True
15511.0,5,909.23,2011-09-15 15:05:00,2011-11-28 09:43:00,11,3,3,1,133,At Risk,11,False
15512.0,2,121.0,2010-12-15 12:01:00,2011-07-07 10:20:00,155,1,1,4,411,One-Time Buyers,155,True
15513.0,19,14758.220000000001,2010-12-01 11:22:00,2011-11-06 14:36:00,32,4,5,2,245,Loyal Customers,32,False
15514.0,11,4139.46,2010-12-10 13:50:00,2011-11-27 14:40:00,11,4,5,1,145,Loyal Customers,11,False
15516.0,3,62.43,2011-10-24 11:33:00,2011-10-26 10:51:00,44,2,1,3,321,Regular,44,False
15517.0,1,267.03,2011-04-20 14:02:00,2011-04-20 14:02:00,232,1,2,5,512,One-Time Buyers,232,True
15518.0,8,1942.45,2011-01-11 12:55:00,2011-10-06 13:05:00,63,4,4,3,344,Loyal Customers,63,False
15520.0,1,343.5,2011-12-08 10:58:00,2011-12-08 10:58:00,1,1,2,1,112,At Risk,1,False
15521.0,8,3000.2,2011-03-30 09:15:00,2011-10-30 13:42:00,39,4,5,3,345,Loyal Customers,39,False
15522.0,2,398.84,2011-09-13 12:26:00,2011-11-07 11:26:00,32,1,2,2,212,At Risk,32,False
15523.0,1,412.01000000000005,2011-09-16 16:29:00,2011-09-16 16:29:00,83,1,2,4,412,One-Time Buyers,83,False
15524.0,1,440.0,2011-11-15 12:09:00,2011-11-15 12:09:00,24,1,2,2,212,At Risk,24,False
15525.0,3,825.92,2010-12-01 13:17:00,2011-12-07 14:43:00,1,2,3,1,123,At Risk,1,False
15526.0,2,148.44,2011-11-06 15:01:00,2011-11-06 15:04:00,32,1,1,2,211,At Risk,32,False
15527.0,8,2429.78,2010-12-20 14:15:00,2011-11-21 12:17:00,18,4,5,2,245,Loyal Customers,18,False
15528.0,1,229.33,2011-03-30 16:14:00,2011-03-30 16:14:00,253,1,1,5,511,One-Time Buyers,253,True
15529.0,11,3995.23,2010-12-08 12:24:00,2011-11-17 11:29:00,22,4,5,2,245,Loyal Customers,22,False
15530.0,4,1502.35,2011-04-07 11:16:00,2011-11-18 12:25:00,21,3,4,2,234,At Risk,21,False
15531.0,2,2007.44,2011-11-09 17:47:00,2011-12-01 18:43:00,7,1,4,1,114,At Risk,7,False
15532.0,4,1580.93,2010-12-16 16:45:00,2011-11-14 14:51:00,24,3,4,2,234,At Risk,24,False
15533.0,3,807.57,2011-09-11 15:41:00,2011-11-20 15:35:00,18,2,3,2,223,At Risk,18,False
15535.0,4,536.4,2011-01-16 12:35:00,2011-06-19 16:02:00,172,3,3,4,433,Regular,172,True
15537.0,1,110.92,2011-06-29 13:10:00,2011-06-29 13:10:00,162,1,1,4,411,One-Time Buyers,162,True
15539.0,1,538.46,2011-12-02 13:36:00,2011-12-02 13:36:00,6,1,3,1,113,At Risk,6,False
15540.0,1,213.3,2011-11-28 13:51:00,2011-11-28 13:51:00,10,1,1,1,111,At Risk,10,False
15541.0,1,85.13000000000001,2011-08-17 14:58:00,2011-08-17 14:58:00,113,1,1,4,411,One-Time Buyers,113,True
15543.0,1,127.86,2011-02-24 15:26:00,2011-02-24 15:26:00,287,1,1,5,511,One-Time Buyers,287,True
15544.0,9,3546.71,2010-12-02 12:47:00,2011-11-30 16:43:00,8,4,5,1,145,Loyal Customers,8,False
15545.0,2,292.71999999999997,2010-12-03 17:28:00,2011-10-16 13:24:00,53,1,2,3,312,One-Time Buyers,53,False
15547.0,14,4954.84,2010-12-12 13:26:00,2011-12-02 12:52:00,6,4,5,1,145,Loyal Customers,6,False
15549.0,3,1693.26,2011-01-27 15:38:00,2011-09-23 16:22:00,76,2,4,4,424,Regular,76,False
15550.0,4,575.63,2011-02-11 12:49:00,2011-12-05 15:38:00,3,3,3,1,133,At Risk,3,False
15551.0,1,436.06,2011-11-03 12:37:00,2011-11-03 12:37:00,36,1,2,3,312,One-Time Buyers,36,False
15552.0,1,90.12,2011-05-06 14:47:00,2011-05-06 14:47:00,216,1,1,5,511,One-Time Buyers,216,True
15553.0,1,437.23,2011-10-10 14:02:00,2011-10-10 14:02:00,59,1,2,3,312,One-Time Buyers,59,False
15554.0,1,217.2,2011-03-07 09:00:00,2011-03-07 09:00:00,277,1,1,5,511,One-Time Buyers,277,True
15555.0,16,4805.17,2010-12-05 14:45:00,2011-11-27 16:19:00,11,4,5,1,145,Loyal Customers,11,False
15556.0,1,279.77,2011-11-15 16:08:00,2011-11-15 16:08:00,23,1,2,2,212,At Risk,23,False
15557.0,1,473.65000000000003,2011-11-11 12:46:00,2011-11-11 12:46:00,28,1,2,2,212,At Risk,28,False
15561.0,4,800.59,2011-05-08 11:38:00,2011-11-28 11:07:00,11,3,3,1,133,At Risk,11,False
15562.0,1,134.55,2010-12-23 09:55:00,2010-12-23 09:55:00,351,1,1,5,511,One-Time Buyers,351,True
15563.0,4,1400.44,2010-12-16 11:27:00,2011-11-17 14:50:00,21,3,4,2,234,At Risk,21,False
15565.0,2,173.16,2011-09-30 10:44:00,2011-10-20 14:33:00,49,1,1,3,311,One-Time Buyers,49,False
15567.0,1,186.01,2011-11-21 10:48:00,2011-11-21 10:48:00,18,1,1,2,211,At Risk,18,False
15568.0,3,758.29,2011-09-27 14:37:00,2011-12-07 11:27:00,2,2,3,1,123,At Risk,2,False
15569.0,5,1375.71,2011-01-11 13:26:00,2011-08-28 10:15:00,103,3,4,4,434,Regular,103,True
15570.0,12,4165.52,2010-12-05 12:57:00,2011-12-02 14:47:00,6,4,5,1,145,Loyal Customers,6,False
15571.0,4,650.4300000000001,2011-09-22 13:15:00,2011-11-28 10:02:00,11,3,3,1,133,At Risk,11,False
15572.0,7,2552.86,2011-03-06 14:44:00,2011-12-05 10:09:00,4,4,5,1,145,Loyal Customers,4,False
15573.0,2,607.45,2011-09-15 12:16:00,2011-11-08 11:38:00,31,1,3,2,213,At Risk,31,False
15574.0,4,702.25,2010-12-02 15:46:00,2011-06-15 12:01:00,177,3,3,4,433,Regular,177,True
15576.0,1,940.6700000000001,2011-11-02 12:03:00,2011-11-02 12:03:00,37,1,3,3,313,One-Time Buyers,37,False
15577.0,3,258.88,2011-02-07 13:32:00,2011-07-11 17:03:00,150,2,2,4,422,Regular,150,True
15578.0,1,127.1,2011-06-30 13:03:00,2011-06-30 13:03:00,161,1,1,4,411,One-Time Buyers,161,True
15579.0,2,348.6,2011-01-30 12:09:00,2011-10-02 12:45:00,68,1,2,3,312,One-Time Buyers,68,False
15581.0,13,3679.9700000000003,2010-12-08 14:38:00,2011-08-11 09:38:00,120,4,5,4,445,Champions,120,True
15582.0,3,682.9100000000001,2011-05-03 13:36:00,2011-11-15 09:55:00,24,2,3,2,223,At Risk,24,False
15584.0,4,725.11,2011-06-30 16:39:00,2011-11-16 10:55:00,23,3,3,2,233,At Risk,23,False
15585.0,1,455.3,2011-06-16 08:38:00,2011-06-16 08:38:00,176,1,2,4,412,One-Time Buyers,176,True
15587.0,4,913.6800000000001,2010-12-23 09:59:00,2011-10-20 13:37:00,49,3,3,3,333,Regular,49,False
15589.0,3,478.53000000000003,2011-02-02 10:46:00,2011-03-29 09:54:00,255,2,2,5,522,Regular,255,True
15592.0,1,388.58,2011-10-24 08:59:00,2011-10-24 08:59:00,46,1,2,3,312,One-Time Buyers,46,False
15593.0,1,199.8,2011-09-30 11:46:00,2011-09-30 11:46:00,70,1,1,3,311,One-Time Buyers,70,False
15594.0,5,1771.78,2011-04-19 10:08:00,2011-11-24 08:53:00,15,3,4,2,234,At Risk,15,False
15596.0,5,1406.59,2010-12-09 16:10:00,2011-08-31 10:55:00,100,3,4,4,434,Regular,100,True
15597.0,1,324.57,2011-11-04 13:26:00,2011-11-04 13:26:00,34,1,2,3,312,One-Time Buyers,34,False
15598.0,1,240.68,2011-10-17 16:04:00,2011-10-17 16:04:00,52,1,1,3,311,One-Time Buyers,52,False
15599.0,2,761.74,2011-05-19 13:05:00,2011-11-13 11:44:00,26,1,3,2,213,At Risk,26,False
15601.0,14,6776.56,2010-12-02 10:39:00,2011-11-28 15:15:00,10,4,5,1,145,Loyal Customers,10,False
15602.0,9,1297.8700000000001,2010-12-06 15:35:00,2011-12-01 14:14:00,7,4,4,1,144,Loyal Customers,7,False
15603.0,1,48.480000000000004,2011-09-22 10:04:00,2011-09-22 10:04:00,78,1,1,4,411,One-Time Buyers,78,False
15604.0,1,216.39,2011-10-18 14:47:00,2011-10-18 14:47:00,51,1,1,3,311,One-Time Buyers,51,False
15605.0,5,1198.23,2010-12-01 13:38:00,2011-11-03 14:17:00,35,3,4,3,334,Regular,35,False
15606.0,9,2920.16,2011-01-19 12:07:00,2011-10-09 15:47:00,60,4,5,3,345,Loyal Customers,60,False
15607.0,1,104.76,2011-01-07 12:44:00,2011-01-07 12:44:00,336,1,1,5,511,One-Time Buyers,336,True
15608.0,4,1093.68,2011-08-11 09:56:00,2011-11-11 13:20:00,27,3,4,2,234,At Risk,27,False
15609.0,1,298.48,2011-06-08 13:00:00,2011-06-08 13:00:00,183,1,2,5,512,One-Time Buyers,183,True
15610.0,1,112.46000000000001,2011-10-19 10:36:00,2011-10-19 10:36:00,51,1,1,3,311,One-Time Buyers,51,False
15611.0,13,1591.45,2011-01-09 11:32:00,2011-11-30 12:36:00,9,4,4,1,144,Loyal Customers,9,False
15612.0,2,195.15,2011-10-09 12:49:00,2011-11-03 14:52:00,35,1,1,3,311,One-Time Buyers,35,False
15615.0,23,10399.74,2010-12-15 16:21:00,2011-11-29 14:42:00,9,4,5,1,145,Loyal Customers,9,False
15618.0,4,776.851,2011-07-26 10:13:00,2011-11-07 08:34:00,32,3,3,2,233,At Risk,32,False
15619.0,1,336.40000000000003,2011-11-29 08:14:00,2011-11-29 08:14:00,10,1,2,1,112,At Risk,10,False
15620.0,3,1553.18,2010-12-16 14:34:00,2011-10-14 12:41:00,56,2,4,3,324,Regular,56,False
15621.0,4,1293.03,2011-11-18 11:49:00,2011-12-05 14:01:00,3,3,4,1,134,At Risk,3,False
15622.0,9,3709.56,2011-03-02 13:42:00,2011-10-27 16:44:00,42,4,5,3,345,Loyal Customers,42,False
15623.0,1,301.03,2011-07-21 17:26:00,2011-07-21 17:26:00,140,1,2,4,412,One-Time Buyers,140,True
15624.0,4,588.13,2011-03-28 13:32:00,2011-08-15 11:38:00,116,3,3,4,433,Regular,116,True
15625.0,4,1534.26,2011-04-18 14:01:00,2011-08-28 10:21:00,103,3,4,4,434,Regular,103,True
15626.0,2,675.8,2011-01-14 10:10:00,2011-09-26 10:03:00,74,1,3,4,413,One-Time Buyers,74,False
15628.0,9,2870.2400000000002,2010-12-08 09:51:00,2011-12-05 10:24:00,4,4,5,1,145,Loyal Customers,4,False
15630.0,2,1186.35,2011-05-19 10:16:00,2011-10-25 15:36:00,44,1,4,3,314,One-Time Buyers,44,False
15632.0,8,3285.31,2011-03-10 08:29:00,2011-11-24 09:51:00,15,4,5,2,245,Loyal Customers,15,False
15634.0,1,243.55,2011-11-22 16:28:00,2011-11-22 16:28:00,16,1,1,2,211,At Risk,16,False
15636.0,2,724.76,2011-03-02 14:50:00,2011-09-11 11:17:00,89,1,3,4,413,One-Time Buyers,89,False
15637.0,1,223.36,2011-10-18 08:28:00,2011-10-18 08:28:00,52,1,1,3,311,One-Time Buyers,52,False
15639.0,1,425.32,2011-07-28 14:30:00,2011-07-28 14:30:00,133,1,2,4,412,One-Time Buyers,133,True
15640.0,15,12515.66,2010-12-02 15:40:00,2011-12-05 14:35:00,3,4,5,1,145,Loyal Customers,3,False
15641.0,4,1887.2,2010-12-15 14:45:00,2011-08-26 14:04:00,104,3,4,4,434,Regular,104,True
15643.0,3,664.0,2011-03-02 14:34:00,2011-06-01 07:38:00,191,2,3,5,523,Regular,191,True
15644.0,4,813.0,2011-03-23 15:37:00,2011-06-26 14:54:00,165,3,3,4,433,Regular,165,True
15645.0,1,612.01,2011-11-21 11:55:00,2011-11-21 11:55:00,18,1,3,2,213,At Risk,18,False
15646.0,3,447.64000000000004,2010-12-02 16:59:00,2011-07-05 09:53:00,157,2,2,4,422,Regular,157,True
15648.0,2,657.35,2011-03-17 18:59:00,2011-05-19 15:53:00,203,1,3,5,513,One-Time Buyers,203,True
15649.0,2,816.0,2010-12-07 10:06:00,2011-01-07 13:34:00,335,1,3,5,513,One-Time Buyers,335,True
15651.0,3,646.3,2011-03-24 08:56:00,2011-11-03 08:41:00,36,2,3,3,323,Regular,36,False
15652.0,1,337.74,2011-09-09 14:22:00,2011-09-09 14:22:00,90,1,2,4,412,One-Time Buyers,90,False
15653.0,2,877.4399999999999,2011-08-16 09:50:00,2011-09-08 10:49:00,92,1,3,4,413,One-Time Buyers,92,True
15654.0,2,922.53,2011-11-13 15:15:00,2011-11-30 13:08:00,8,1,3,1,113,At Risk,8,False
15655.0,1,560.67,2011-04-10 15:25:00,2011-04-10 15:25:00,242,1,3,5,513,One-Time Buyers,242,True
15656.0,4,748.5,2011-02-28 15:32:00,2011-10-25 14:56:00,44,3,3,3,333,Regular,44,False
15657.0,1,30.0,2011-11-17 12:19:00,2011-11-17 12:19:00,22,1,1,2,211,At Risk,22,False
15658.0,5,1024.1000000000001,2010-12-02 10:53:00,2011-06-02 15:22:00,189,3,4,5,534,Regular,189,True
15659.0,1,306.45,2011-10-27 09:23:00,2011-10-27 09:23:00,43,1,2,3,312,One-Time Buyers,43,False
15660.0,9,1600.86,2010-12-09 09:49:00,2011-11-14 16:58:00,24,4,4,2,244,Loyal Customers,24,False
15661.0,2,309.8,2011-01-05 12:32:00,2011-01-26 13:56:00,316,1,2,5,512,One-Time Buyers,316,True
15663.0,1,138.14,2011-08-25 15:50:00,2011-08-25 15:50:00,105,1,1,4,411,One-Time Buyers,105,True
15664.0,1,386.43,2011-10-20 10:57:00,2011-10-20 10:57:00,50,1,2,3,312,One-Time Buyers,50,False
15665.0,2,2242.01,2011-04-10 15:09:00,2011-06-24 14:57:00,167,1,5,4,415,One-Time Buyers,167,True
15667.0,1,301.32,2011-10-31 10:56:00,2011-10-31 10:56:00,39,1,2,3,312,One-Time Buyers,39,False
15668.0,1,76.32000000000001,2011-05-06 10:39:00,2011-05-06 10:39:00,217,1,1,5,511,One-Time Buyers,217,True
15669.0,4,684.34,2011-03-21 09:13:00,2011-10-30 16:03:00,39,3,3,3,333,Regular,39,False
15670.0,1,173.05,2011-02-16 10:50:00,2011-02-16 10:50:00,296,1,1,5,511,One-Time Buyers,296,True
15671.0,7,2657.13,2011-03-14 09:37:00,2011-11-21 12:43:00,18,4,5,2,245,Loyal Customers,18,False
15673.0,4,2881.02,2011-01-16 16:25:00,2011-09-12 16:12:00,87,3,5,4,435,Regular,87,False
15674.0,5,2446.6,2011-03-30 09:19:00,2011-09-27 15:17:00,72,3,5,4,435,Regular,72,False
15675.0,3,323.69,2011-03-04 14:21:00,2011-09-19 13:48:00,80,2,2,4,422,Regular,80,False
15676.0,3,3435.76,2011-03-01 10:19:00,2011-11-21 12:40:00,18,2,5,2,225,At Risk,18,False
15677.0,1,657.23,2011-10-21 15:36:00,2011-10-21 15:36:00,48,1,3,3,313,One-Time Buyers,48,False
15678.0,1,352.7,2011-10-18 09:25:00,2011-10-18 09:25:00,52,1,2,3,312,One-Time Buyers,52,False
15679.0,4,781.28,2011-06-10 08:24:00,2011-11-15 16:19:00,23,3,3,2,233,At Risk,23,False
15680.0,3,1333.68,2010-12-08 14:43:00,2011-11-30 13:46:00,8,2,4,1,124,At Risk,8,False
15681.0,5,1426.16,2011-03-04 13:46:00,2011-11-14 16:30:00,24,3,4,2,234,At Risk,24,False
15683.0,1,193.75,2011-08-14 12:56:00,2011-08-14 12:56:00,116,1,1,4,411,One-Time Buyers,116,True
15687.0,9,2993.1,2011-01-13 15:13:00,2011-12-01 08:33:00,8,4,5,1,145,Loyal Customers,8,False
15689.0,2,254.1,2010-12-13 09:57:00,2011-08-12 09:37:00,119,1,2,4,412,One-Time Buyers,119,True
15690.0,2,239.76,2011-08-31 11:40:00,2011-12-05 15:59:00,3,1,1,1,111,At Risk,3,False
15691.0,1,136.8,2011-04-01 15:13:00,2011-04-01 15:13:00,251,1,1,5,511,One-Time Buyers,251,True
15692.0,1,191.04,2011-11-11 14:12:00,2011-11-11 14:12:00,27,1,1,2,211,At Risk,27,False
15694.0,14,6479.4,2010-12-02 07:49:00,2011-12-09 09:44:00,0,4,5,1,145,Loyal Customers,0,False
15695.0,2,409.98,2011-03-18 08:31:00,2011-03-18 08:32:00,266,1,2,5,512,One-Time Buyers,266,True
15696.0,8,2736.46,2011-01-17 11:24:00,2011-11-06 14:02:00,32,4,5,2,245,Loyal Customers,32,False
15699.0,1,309.65,2011-11-22 08:26:00,2011-11-22 08:26:00,17,1,2,2,212,At Risk,17,False
15700.0,2,696.68,2011-06-19 15:36:00,2011-06-20 16:53:00,171,1,3,4,413,One-Time Buyers,171,True
15701.0,4,1542.14,2011-08-21 12:36:00,2011-12-07 14:39:00,1,3,4,1,134,At Risk,1,False
15703.0,1,211.5,2011-03-20 10:51:00,2011-03-20 10:51:00,264,1,1,5,511,One-Time Buyers,264,True
15704.0,4,2293.62,2011-05-08 12:42:00,2011-07-22 13:35:00,139,3,5,4,435,Regular,139,True
15705.0,1,143.1,2011-05-22 15:37:00,2011-05-22 15:37:00,200,1,1,5,511,One-Time Buyers,200,True
15706.0,4,1060.56,2011-08-15 14:32:00,2011-10-07 10:09:00,63,3,4,3,334,Regular,63,False
15707.0,4,945.58,2011-09-14 14:19:00,2011-11-04 14:35:00,34,3,4,3,334,Regular,34,False
15708.0,7,3364.2400000000002,2010-12-05 11:12:00,2011-10-30 10:54:00,40,4,5,3,345,Loyal Customers,40,False
15709.0,1,133.25,2011-03-01 10:38:00,2011-03-01 10:38:00,283,1,1,5,511,One-Time Buyers,283,True
15712.0,5,1072.3600000000001,2011-02-25 11:32:00,2011-11-30 14:09:00,8,3,4,1,134,At Risk,8,False
15713.0,2,356.7,2010-12-08 15:16:00,2011-07-19 13:34:00,142,1,2,4,412,One-Time Buyers,142,True
15714.0,2,330.88,2011-09-23 11:25:00,2011-11-28 11:26:00,11,1,2,1,112,At Risk,11,False
15716.0,4,1118.81,2010-12-05 12:26:00,2011-07-17 11:59:00,145,3,4,4,434,Regular,145,True
15717.0,1,150.3,2011-04-19 13:21:00,2011-04-19 13:21:00,233,1,1,5,511,One-Time Buyers,233,True
15719.0,13,5045.61,2011-01-06 12:31:00,2011-11-07 12:29:00,32,4,5,2,245,Loyal Customers,32,False
15720.0,1,598.73,2011-11-15 14:48:00,2011-11-15 14:48:00,23,1,3,2,213,At Risk,23,False
15721.0,1,507.08,2011-11-28 12:14:00,2011-11-28 12:14:00,11,1,3,1,113,At Risk,11,False
15722.0,5,2222.56,2011-02-22 12:24:00,2011-11-04 11:43:00,35,3,5,3,335,Regular,35,False
15723.0,1,203.1,2010-12-10 11:12:00,2010-12-10 11:12:00,364,1,1,5,511,One-Time Buyers,364,True
15724.0,2,218.25,2011-02-28 10:40:00,2011-05-22 14:40:00,200,1,1,5,511,One-Time Buyers,200,True
15725.0,1,415.25,2011-11-24 14:51:00,2011-11-24 14:51:00,14,1,2,2,212,At Risk,14,False
15727.0,7,5178.96,2010-12-15 15:47:00,2011-11-23 12:36:00,16,4,5,2,245,Loyal Customers,16,False
15729.0,1,85.0,2011-05-11 12:36:00,2011-05-11 12:36:00,212,1,1,5,511,One-Time Buyers,212,True
15730.0,3,1120.88,2011-05-17 12:43:00,2011-10-05 12:31:00,65,2,4,3,324,Regular,65,False
15732.0,2,294.12,2010-12-02 15:00:00,2011-05-11 14:24:00,211,1,2,5,512,One-Time Buyers,211,True
15733.0,1,162.3,2011-03-02 09:05:00,2011-03-02 09:05:00,282,1,1,5,511,One-Time Buyers,282,True
15734.0,2,1339.45,2011-05-23 14:59:00,2011-08-17 10:50:00,114,1,4,4,414,One-Time Buyers,114,True
15737.0,8,1205.1200000000001,2011-04-11 10:01:00,2011-11-25 11:21:00,14,4,4,2,244,Loyal Customers,14,False
15738.0,16,4812.42,2010-12-02 12:50:00,2011-11-21 08:26:00,18,4,5,2,245,Loyal Customers,18,False
15739.0,1,449.12,2011-10-04 13:42:00,2011-10-04 13:42:00,65,1,2,3,312,One-Time Buyers,65,False
15740.0,1,154.88,2011-10-21 14:29:00,2011-10-21 14:29:00,48,1,1,3,311,One-Time Buyers,48,False
15743.0,4,784.46,2011-06-08 10:14:00,2011-11-23 17:19:00,15,3,3,2,233,At Risk,15,False
15744.0,1,34.8,2011-09-23 09:52:00,2011-09-23 09:52:00,77,1,1,4,411,One-Time Buyers,77,False
15745.0,4,1094.59,2011-04-17 13:04:00,2011-11-20 13:45:00,18,3,4,2,234,At Risk,18,False
15746.0,1,196.88,2011-07-28 15:21:00,2011-07-28 15:21:00,133,1,1,4,411,One-Time Buyers,133,True
15747.0,3,974.04,2011-06-20 11:30:00,2011-11-27 12:26:00,12,2,4,1,124,At Risk,12,False
15748.0,1,149.31,2011-10-30 12:51:00,2011-10-30 12:51:00,39,1,1,3,311,One-Time Buyers,39,False
15749.0,3,44534.3,2011-01-11 12:55:00,2011-04-18 13:20:00,234,2,5,5,525,Regular,234,True
15750.0,8,2465.48,2010-12-08 10:36:00,2011-12-07 12:34:00,2,4,5,1,145,Loyal Customers,2,False
15752.0,7,2637.38,2010-12-02 09:43:00,2011-10-31 11:37:00,39,4,5,3,345,Loyal Customers,39,False
15753.0,1,79.2,2011-02-08 12:41:00,2011-02-08 12:41:00,304,1,1,5,511,One-Time Buyers,304,True
15754.0,3,458.57,2011-04-07 12:24:00,2011-10-19 14:40:00,50,2,2,3,322,Regular,50,False
15755.0,6,2364.25,2011-02-18 11:53:00,2011-11-29 14:57:00,9,3,5,1,135,At Risk,9,False
15756.0,4,532.96,2011-04-04 14:00:00,2011-10-09 13:30:00,60,3,3,3,333,Regular,60,False
15757.0,2,714.42,2011-05-06 11:40:00,2011-10-05 12:14:00,65,1,3,3,313,One-Time Buyers,65,False
15758.0,1,205.25,2011-11-15 10:48:00,2011-11-15 10:48:00,24,1,1,2,211,At Risk,24,False
15759.0,3,253.04,2010-12-16 15:29:00,2011-05-05 15:13:00,217,2,2,5,522,Regular,217,True
15762.0,2,583.75,2011-09-23 15:17:00,2011-10-05 16:15:00,64,1,3,3,313,One-Time Buyers,64,False
15763.0,2,1086.92,2011-09-23 12:10:00,2011-11-08 09:44:00,31,1,4,2,214,At Risk,31,False
15764.0,6,3279.97,2011-03-08 09:23:00,2011-09-12 17:58:00,87,3,5,4,435,Regular,87,False
15766.0,1,315.06,2011-10-06 17:03:00,2011-10-06 17:03:00,63,1,2,3,312,One-Time Buyers,63,False
15768.0,3,621.8299999999999,2011-04-28 09:20:00,2011-08-16 10:48:00,115,2,3,4,423,Regular,115,True
15769.0,26,56252.72,2010-12-03 15:16:00,2011-12-02 13:52:00,6,4,5,1,145,Loyal Customers,6,False
15773.0,1,635.6800000000001,2011-12-04 12:48:00,2011-12-04 12:48:00,5,1,3,1,113,At Risk,5,False
15774.0,1,270.8,2011-10-02 12:04:00,2011-10-02 12:04:00,68,1,2,3,312,One-Time Buyers,68,False
15775.0,1,104.9,2011-04-08 12:56:00,2011-04-08 12:56:00,244,1,1,5,511,One-Time Buyers,244,True
15776.0,1,241.62,2011-07-29 13:46:00,2011-07-29 13:46:00,132,1,1,4,411,One-Time Buyers,132,True
15777.0,4,1047.11,2010-12-13 16:38:00,2011-04-12 16:43:00,240,3,4,5,534,Regular,240,True
15780.0,3,475.28000000000003,2010-12-17 11:43:00,2011-06-09 12:01:00,183,2,2,5,522,Regular,183,True
15781.0,3,345.46,2011-02-07 09:15:00,2011-11-14 14:57:00,24,2,2,2,222,At Risk,24,False
15782.0,3,2614.7400000000002,2011-09-11 14:29:00,2011-11-30 10:49:00,9,2,5,1,125,At Risk,9,False
15783.0,1,246.3,2011-11-29 09:50:00,2011-11-29 09:50:00,10,1,1,1,111,At Risk,10,False
15785.0,5,2328.9700000000003,2011-02-17 14:17:00,2011-11-07 11:33:00,32,3,5,2,235,At Risk,32,False
15786.0,3,4932.2,2011-08-17 13:33:00,2011-10-24 14:13:00,45,2,5,3,325,Regular,45,False
15787.0,3,948.05,2011-10-09 13:11:00,2011-11-13 14:55:00,25,2,4,2,224,At Risk,25,False
15789.0,1,351.3,2010-12-16 14:35:00,2010-12-16 14:35:00,357,1,2,5,512,One-Time Buyers,357,True
15790.0,1,220.85,2011-11-29 14:53:00,2011-11-29 14:53:00,9,1,1,1,111,At Risk,9,False
15791.0,2,1612.69,2011-05-19 15:15:00,2011-10-27 10:14:00,43,1,4,3,314,One-Time Buyers,43,False
15793.0,3,965.61,2011-03-16 10:45:00,2011-11-25 09:31:00,14,2,4,2,224,At Risk,14,False
15795.0,1,610.01,2011-07-13 10:43:00,2011-07-13 10:43:00,149,1,3,4,413,One-Time Buyers,149,True
15796.0,8,2711.56,2011-02-10 15:40:00,2011-12-08 19:55:00,0,4,5,1,145,Loyal Customers,0,False
15797.0,4,2207.4,2011-01-24 15:47:00,2011-08-18 17:04:00,112,3,5,4,435,Regular,112,True
15799.0,3,884.14,2011-01-09 15:13:00,2011-09-25 12:46:00,75,2,3,4,423,Regular,75,False
15800.0,2,699.08,2011-04-07 12:39:00,2011-08-24 14:23:00,106,1,3,4,413,One-Time Buyers,106,True
15801.0,3,1063.95,2011-08-22 09:53:00,2011-10-24 13:52:00,45,2,4,3,324,Regular,45,False
15802.0,1,451.42,2011-07-20 11:38:00,2011-07-20 11:38:00,142,1,2,4,412,One-Time Buyers,142,True
15803.0,1,415.82000000000005,2011-10-19 14:56:00,2011-10-19 14:56:00,50,1,2,3,312,One-Time Buyers,50,False
15804.0,13,4206.39,2011-05-25 10:12:00,2011-12-09 12:31:00,0,4,5,1,145,Loyal Customers,0,False
15805.0,17,5528.4800000000005,2010-12-10 09:33:00,2011-11-16 16:32:00,22,4,5,2,245,Loyal Customers,22,False
15806.0,3,784.58,2011-03-08 09:24:00,2011-10-24 14:35:00,45,2,3,3,323,Regular,45,False
15807.0,3,903.9,2011-09-23 14:43:00,2011-10-20 14:10:00,49,2,3,3,323,Regular,49,False
15808.0,4,3734.9700000000003,2010-12-05 13:05:00,2011-02-06 14:33:00,305,3,5,5,535,Regular,305,True
15809.0,5,515.77,2011-02-10 11:16:00,2011-11-03 16:40:00,35,3,3,3,333,Regular,35,False
15810.0,4,1391.98,2011-02-16 09:11:00,2011-09-22 09:38:00,78,3,4,4,434,Regular,78,False
15811.0,6,2218.62,2010-12-09 15:29:00,2011-11-17 15:31:00,21,3,5,2,235,At Risk,21,False
15812.0,5,1801.14,2011-01-26 12:12:00,2011-08-24 14:19:00,106,3,4,4,434,Regular,106,True
15813.0,2,1303.9099999999999,2011-04-14 09:09:00,2011-05-16 08:13:00,207,1,4,5,514,One-Time Buyers,207,True
15814.0,4,1945.33,2011-10-20 09:04:00,2011-11-23 08:17:00,16,3,4,2,234,At Risk,16,False
15815.0,5,2100.6,2011-03-25 08:43:00,2011-10-07 12:42:00,63,3,5,3,335,Regular,63,False
15819.0,4,1905.45,2011-03-08 09:45:00,2011-10-21 14:50:00,48,3,4,3,334,Regular,48,False
15820.0,1,206.98,2011-01-24 12:00:00,2011-01-24 12:00:00,319,1,1,5,511,One-Time Buyers,319,True
15821.0,2,570.96,2011-10-09 13:28:00,2011-10-26 15:48:00,43,1,3,3,313,One-Time Buyers,43,False
15822.0,2,885.47,2010-12-15 13:38:00,2011-12-06 14:50:00,2,1,3,1,113,At Risk,2,False
15823.0,1,15.0,2010-12-02 15:08:00,2010-12-02 15:08:00,371,1,1,5,511,One-Time Buyers,371,True
15825.0,1,532.94,2011-06-20 13:27:00,2011-06-20 13:27:00,171,1,3,4,413,One-Time Buyers,171,True
15826.0,3,1654.31,2011-05-13 10:44:00,2011-10-14 16:05:00,55,2,4,3,324,Regular,55,False
15827.0,14,1836.0900000000001,2010-12-02 13:06:00,2011-09-27 15:35:00,72,4,4,4,444,Champions,72,False
15829.0,2,636.14,2011-07-22 10:23:00,2011-09-01 16:45:00,98,1,3,4,413,One-Time Buyers,98,True
15830.0,1,576.0,2011-11-02 10:40:00,2011-11-02 10:40:00,37,1,3,3,313,One-Time Buyers,37,False
15831.0,3,801.76,2011-01-19 14:52:00,2011-10-12 13:14:00,57,2,3,3,323,Regular,57,False
15832.0,1,836.79,2011-03-30 15:29:00,2011-03-30 15:29:00,253,1,3,5,513,One-Time Buyers,253,True
15834.0,4,2233.75,2011-03-07 17:52:00,2011-09-30 14:41:00,69,3,5,3,335,Regular,69,False
15835.0,4,954.09,2011-01-13 10:35:00,2011-10-26 15:47:00,43,3,4,3,334,Regular,43,False
15836.0,1,137.37,2011-10-20 17:13:00,2011-10-20 17:13:00,49,1,1,3,311,One-Time Buyers,49,False
15837.0,1,391.98,2011-10-06 09:01:00,2011-10-06 09:01:00,64,1,2,3,312,One-Time Buyers,64,False
15838.0,19,33643.08,2010-12-07 11:26:00,2011-11-28 14:00:00,10,4,5,1,145,Loyal Customers,10,False
15839.0,3,1048.49,2011-07-14 16:35:00,2011-11-06 13:54:00,32,2,4,2,224,At Risk,32,False
15840.0,2,355.56,2011-06-20 11:42:00,2011-10-12 09:08:00,58,1,2,3,312,One-Time Buyers,58,False
15841.0,4,1224.06,2011-01-05 11:25:00,2011-09-28 12:15:00,72,3,4,4,434,Regular,72,False
15843.0,1,118.95000000000002,2011-02-09 10:19:00,2011-02-09 10:19:00,303,1,1,5,511,One-Time Buyers,303,True
15844.0,1,130.73999999999998,2011-10-24 15:19:00,2011-10-24 15:19:00,45,1,1,3,311,One-Time Buyers,45,False
15845.0,8,3711.77,2011-01-06 17:19:00,2011-11-22 09:42:00,17,4,5,2,245,Loyal Customers,17,False
15847.0,2,389.27,2011-02-24 16:46:00,2011-11-01 14:41:00,37,1,2,3,312,One-Time Buyers,37,False
15850.0,2,238.85,2011-06-24 14:16:00,2011-11-20 14:14:00,18,1,1,2,211,At Risk,18,False
15852.0,2,160.71,2011-05-26 13:26:00,2011-06-06 11:22:00,186,1,1,5,511,One-Time Buyers,186,True
15853.0,1,110.8,2011-10-19 10:38:00,2011-10-19 10:38:00,51,1,1,3,311,One-Time Buyers,51,False
15854.0,12,2974.65,2010-12-13 11:47:00,2011-12-05 13:39:00,3,4,5,1,145,Loyal Customers,3,False
15855.0,5,712.24,2011-03-21 12:32:00,2011-07-26 10:20:00,136,3,3,4,433,Regular,136,True
15856.0,27,16387.57,2010-12-09 13:34:00,2011-12-05 17:09:00,3,4,5,1,145,Loyal Customers,3,False
15857.0,1,297.0,2011-11-21 12:18:00,2011-11-21 12:18:00,18,1,2,2,212,At Risk,18,False
15858.0,5,1438.85,2010-12-07 14:31:00,2011-11-24 12:48:00,15,3,4,2,234,At Risk,15,False
15860.0,8,977.21,2010-12-06 11:38:00,2011-10-30 11:25:00,40,4,4,3,344,Loyal Customers,40,False
15861.0,8,3165.36,2011-03-17 20:12:00,2011-11-27 15:59:00,11,4,5,1,145,Loyal Customers,11,False
15862.0,4,832.88,2010-12-01 11:21:00,2011-12-01 13:28:00,7,3,3,1,133,At Risk,7,False
15863.0,2,68.84,2011-05-31 11:36:00,2011-11-14 12:49:00,25,1,1,2,211,At Risk,25,False
15864.0,6,1936.3200000000002,2011-01-27 16:43:00,2011-11-17 13:32:00,21,3,4,2,234,At Risk,21,False
15865.0,3,895.13,2011-05-10 11:44:00,2011-10-30 12:43:00,40,2,3,3,323,Regular,40,False
15866.0,1,230.53,2011-08-30 14:09:00,2011-08-30 14:09:00,100,1,1,4,411,One-Time Buyers,100,True
15867.0,15,3812.64,2010-12-05 14:17:00,2011-12-04 13:32:00,4,4,5,1,145,Loyal Customers,4,False
15869.0,2,149.64,2011-03-07 17:19:00,2011-03-07 17:23:00,276,1,1,5,511,One-Time Buyers,276,True
15870.0,1,354.09000000000003,2011-11-07 10:58:00,2011-11-07 10:58:00,32,1,2,2,212,At Risk,32,False
15872.0,2,360.93,2011-11-25 11:54:00,2011-11-25 11:55:00,14,1,2,2,212,At Risk,14,False
15874.0,7,4405.88,2011-02-28 13:28:00,2011-10-07 12:31:00,63,4,5,3,345,Loyal Customers,63,False
15877.0,2,493.28,2011-11-22 11:18:00,2011-12-08 11:53:00,1,1,3,1,113,At Risk,1,False
15880.0,1,343.28000000000003,2010-12-05 13:00:00,2010-12-05 13:00:00,368,1,2,5,512,One-Time Buyers,368,True
15881.0,5,501.39000000000004,2010-12-10 13:32:00,2011-01-31 16:59:00,311,3,3,5,533,Regular,311,True
15882.0,4,516.36,2010-12-06 13:01:00,2011-05-25 11:35:00,198,3,3,5,533,Regular,198,True
15883.0,2,396.48,2011-11-06 14:50:00,2011-12-07 17:05:00,1,1,2,1,112,At Risk,1,False
15885.0,3,379.35,2011-02-03 15:28:00,2011-09-08 10:43:00,92,2,2,4,422,Regular,92,True
15886.0,1,181.09,2011-10-10 14:25:00,2011-10-10 14:25:00,59,1,1,3,311,One-Time Buyers,59,False
15888.0,1,168.31,2011-09-20 12:30:00,2011-09-20 12:30:00,80,1,1,4,411,One-Time Buyers,80,False
15889.0,2,446.87,2010-12-05 15:12:00,2011-07-06 11:10:00,156,1,2,4,412,One-Time Buyers,156,True
15891.0,1,524.52,2011-04-27 12:35:00,2011-04-27 12:35:00,226,1,3,5,513,One-Time Buyers,226,True
15894.0,2,263.55,2010-12-05 14:06:00,2011-03-31 13:50:00,252,1,2,5,512,One-Time Buyers,252,True
15895.0,1,179.17,2011-07-13 10:27:00,2011-07-13 10:27:00,149,1,1,4,411,One-Time Buyers,149,True
15897.0,2,222.05,2011-05-29 13:32:00,2011-05-29 13:50:00,193,1,1,5,511,One-Time Buyers,193,True
15898.0,5,1388.88,2010-12-06 11:01:00,2011-12-08 15:23:00,0,3,4,1,134,At Risk,0,False
15899.0,1,56.25,2010-12-06 10:36:00,2010-12-06 10:36:00,368,1,1,5,511,One-Time Buyers,368,True
15900.0,1,351.11,2011-11-16 12:19:00,2011-11-16 12:19:00,23,1,2,2,212,At Risk,23,False
15901.0,3,363.88,2011-07-08 12:18:00,2011-11-23 12:43:00,16,2,2,2,222,At Risk,16,False
15903.0,7,5126.76,2011-02-17 14:04:00,2011-11-30 08:08:00,9,4,5,1,145,Loyal Customers,9,False
15904.0,1,164.68,2011-12-01 14:50:00,2011-12-01 14:50:00,7,1,1,1,111,At Risk,7,False
15906.0,7,1567.69,2011-03-29 13:28:00,2011-11-20 12:24:00,19,4,4,2,244,Loyal Customers,19,False
15907.0,3,967.45,2011-05-13 13:01:00,2011-12-06 12:21:00,3,2,4,1,124,At Risk,3,False
15909.0,1,191.94,2011-06-19 10:38:00,2011-06-19 10:38:00,173,1,1,4,411,One-Time Buyers,173,True
15910.0,8,1232.18,2011-01-27 11:55:00,2011-12-09 10:51:00,0,4,4,1,144,Loyal Customers,0,False
15912.0,2,264.62,2011-04-20 17:10:00,2011-06-14 14:29:00,177,1,2,4,412,One-Time Buyers,177,True
15916.0,8,1528.09,2010-12-08 13:07:00,2011-11-23 13:46:00,15,4,4,2,244,Loyal Customers,15,False
15917.0,1,123.1,2011-04-06 10:40:00,2011-04-06 10:40:00,247,1,1,5,511,One-Time Buyers,247,True
15918.0,2,334.23,2011-03-13 15:55:00,2011-06-02 11:42:00,190,1,2,5,512,One-Time Buyers,190,True
15919.0,2,639.89,2010-12-06 11:26:00,2011-11-20 11:28:00,19,1,3,2,213,At Risk,19,False
15920.0,4,167.5,2011-07-08 15:16:00,2011-07-08 15:31:00,153,3,1,4,431,Regular,153,True
15921.0,1,336.03000000000003,2011-06-20 11:03:00,2011-06-20 11:03:00,172,1,2,4,412,One-Time Buyers,172,True
15922.0,1,369.5,2010-12-01 13:51:00,2010-12-01 13:51:00,372,1,2,5,512,One-Time Buyers,372,True
15923.0,1,127.08,2010-12-02 12:16:00,2010-12-02 12:16:00,372,1,1,5,511,One-Time Buyers,372,True
15925.0,1,207.15,2011-05-29 15:35:00,2011-05-29 15:35:00,193,1,1,5,511,One-Time Buyers,193,True
15930.0,1,426.63,2011-10-03 14:52:00,2011-10-03 14:52:00,66,1,2,3,312,One-Time Buyers,66,False
15932.0,8,2495.87,2011-02-23 14:50:00,2011-12-05 17:13:00,3,4,5,1,145,Loyal Customers,3,False
15933.0,3,1107.46,2011-09-14 12:05:00,2011-11-18 13:14:00,20,2,4,2,224,At Risk,20,False
15935.0,2,416.86,2011-04-12 09:35:00,2011-04-14 13:27:00,238,1,2,5,512,One-Time Buyers,238,True
15937.0,1,145.35,2011-10-06 15:48:00,2011-10-06 15:48:00,63,1,1,3,311,One-Time Buyers,63,False
15938.0,5,404.58,2011-01-20 10:11:00,2011-08-19 12:56:00,111,3,2,4,432,Regular,111,True
15939.0,15,6115.01,2011-01-12 12:43:00,2011-09-11 11:30:00,89,4,5,4,445,Champions,89,False
15940.0,1,35.8,2011-02-01 16:18:00,2011-02-01 16:18:00,310,1,1,5,511,One-Time Buyers,310,True
15942.0,1,337.44,2011-07-29 09:01:00,2011-07-29 09:01:00,133,1,2,4,412,One-Time Buyers,133,True
15944.0,1,325.1,2011-03-08 10:33:00,2011-03-08 10:33:00,276,1,2,5,512,One-Time Buyers,276,True
15945.0,1,181.0,2010-12-09 13:14:00,2010-12-09 13:14:00,364,1,1,5,511,One-Time Buyers,364,True
15947.0,1,1708.24,2011-09-18 10:46:00,2011-09-18 10:46:00,82,1,4,4,414,One-Time Buyers,82,False
15948.0,2,955.24,2011-10-27 08:35:00,2011-12-01 15:32:00,7,1,4,1,114,At Risk,7,False
15949.0,2,364.72,2011-09-29 17:34:00,2011-11-23 09:09:00,16,1,2,2,212,At Risk,16,False
15950.0,4,1765.51,2010-12-15 11:56:00,2011-11-08 11:09:00,31,3,4,2,234,At Risk,31,False
15951.0,2,708.22,2011-02-27 11:57:00,2011-12-01 08:34:00,8,1,3,1,113,At Risk,8,False
15952.0,4,806.57,2011-04-28 12:55:00,2011-11-06 11:18:00,33,3,3,3,333,Regular,33,False
15953.0,8,1659.3799999999999,2010-12-05 15:15:00,2011-11-24 15:32:00,14,4,4,2,244,Loyal Customers,14,False
15955.0,14,4416.26,2010-12-02 11:22:00,2011-11-15 14:15:00,23,4,5,2,245,Loyal Customers,23,False
15957.0,1,428.89,2011-11-08 12:14:00,2011-11-08 12:14:00,31,1,2,2,212,At Risk,31,False
15958.0,1,104.35,2011-09-26 13:41:00,2011-09-26 13:41:00,73,1,1,4,411,One-Time Buyers,73,False
15963.0,2,470.76,2011-10-25 13:05:00,2011-11-20 11:33:00,19,1,2,2,212,At Risk,19,False
15965.0,4,845.64,2010-12-07 13:18:00,2011-11-22 16:44:00,16,3,3,2,233,At Risk,16,False
15967.0,2,418.83,2011-01-25 11:57:00,2011-11-16 15:41:00,22,1,2,2,212,At Risk,22,False
15969.0,3,666.1,2011-06-07 12:19:00,2011-12-07 11:06:00,2,2,3,1,123,At Risk,2,False
15970.0,1,314.1,2011-02-09 12:08:00,2011-02-09 12:08:00,303,1,2,5,512,One-Time Buyers,303,True
15971.0,12,4199.85,2011-02-01 16:47:00,2011-11-22 12:50:00,17,4,5,2,245,Loyal Customers,17,False
15973.0,1,307.82000000000005,2010-12-08 11:42:00,2010-12-08 11:42:00,366,1,2,5,512,One-Time Buyers,366,True
15974.0,7,3442.15,2011-02-24 10:10:00,2011-10-31 13:13:00,38,4,5,3,345,Loyal Customers,38,False
15975.0,1,371.01,2011-09-16 13:33:00,2011-09-16 13:33:00,83,1,2,4,412,One-Time Buyers,83,False
15976.0,2,430.94,2011-05-03 17:12:00,2011-06-27 13:00:00,164,1,2,4,412,One-Time Buyers,164,True
15977.0,2,1054.73,2011-10-31 16:24:00,2011-11-22 13:29:00,16,1,4,2,214,At Risk,16,False
15978.0,1,1098.78,2011-09-23 15:21:00,2011-09-23 15:21:00,76,1,4,4,414,One-Time Buyers,76,False
15980.0,3,2398.86,2011-03-30 15:05:00,2011-09-12 09:41:00,88,2,5,4,425,Regular,88,False
15981.0,8,3408.48,2011-02-01 13:50:00,2011-11-15 08:00:00,24,4,5,2,245,Loyal Customers,24,False
15983.0,4,1475.02,2010-12-01 12:15:00,2011-11-17 17:34:00,21,3,4,2,234,At Risk,21,False
15984.0,10,2837.67,2010-12-06 13:21:00,2011-12-07 12:16:00,2,4,5,1,145,Loyal Customers,2,False
15985.0,2,1142.42,2011-04-17 11:04:00,2011-08-08 16:31:00,122,1,4,4,414,One-Time Buyers,122,True
15986.0,1,168.12,2011-11-09 15:17:00,2011-11-09 15:17:00,29,1,1,2,211,At Risk,29,False
15987.0,7,1451.28,2010-12-06 08:34:00,2011-11-27 15:38:00,11,4,4,1,144,Loyal Customers,11,False
15988.0,1,158.03,2011-11-20 13:23:00,2011-11-20 13:23:00,18,1,1,2,211,At Risk,18,False
15990.0,2,792.11,2011-02-25 15:35:00,2011-10-26 15:58:00,43,1,3,3,313,One-Time Buyers,43,False
15992.0,1,41.989999999999995,2011-12-06 11:00:00,2011-12-06 11:00:00,3,1,1,1,111,At Risk,3,False
15993.0,7,2797.57,2011-10-26 16:21:00,2011-12-01 10:45:00,8,4,5,1,145,Loyal Customers,8,False
15994.0,1,427.07,2011-10-16 12:28:00,2011-10-16 12:28:00,54,1,2,3,312,One-Time Buyers,54,False
15996.0,6,1060.68,2010-12-08 15:59:00,2011-09-12 15:14:00,87,3,4,4,434,Regular,87,False
15998.0,5,3089.97,2010-12-12 13:32:00,2011-11-03 12:45:00,36,3,5,3,335,Regular,36,False
16000.0,3,12393.7,2011-12-07 12:14:00,2011-12-07 12:17:00,2,2,5,1,125,At Risk,2,False
16003.0,5,2735.37,2010-12-15 12:09:00,2011-11-10 09:57:00,29,3,5,2,235,At Risk,29,False
16005.0,4,615.39,2011-03-14 11:46:00,2011-11-27 13:47:00,11,3,3,1,133,At Risk,11,False
16006.0,1,101.4,2011-05-12 13:12:00,2011-05-12 13:12:00,210,1,1,5,511,One-Time Buyers,210,True
16007.0,4,1701.94,2011-05-08 13:32:00,2011-10-23 11:05:00,47,3,4,3,334,Regular,47,False
16008.0,3,478.78,2011-05-19 10:54:00,2011-11-16 10:32:00,23,2,2,2,222,At Risk,23,False
16009.0,4,992.71,2011-07-03 11:26:00,2011-11-17 16:51:00,21,3,4,2,234,At Risk,21,False
16010.0,3,407.5,2010-12-12 12:18:00,2011-04-08 10:14:00,245,2,2,5,522,Regular,245,True
16011.0,16,3362.71,2010-12-08 16:34:00,2011-12-01 16:31:00,7,4,5,1,145,Loyal Customers,7,False
16012.0,3,1415.29,2011-07-07 18:02:00,2011-11-04 13:25:00,34,2,4,3,324,Regular,34,False
16013.0,47,37130.6,2010-12-03 13:09:00,2011-12-06 10:36:00,3,4,5,1,145,Loyal Customers,3,False
16014.0,3,662.38,2011-02-21 17:42:00,2011-11-02 12:04:00,37,2,3,3,323,Regular,37,False
16015.0,3,705.39,2011-10-21 12:56:00,2011-12-06 10:58:00,3,2,3,1,123,At Risk,3,False
16016.0,8,1508.76,2010-12-08 12:36:00,2011-12-06 14:35:00,2,4,4,1,144,Loyal Customers,2,False
16017.0,1,211.88,2011-10-23 12:56:00,2011-10-23 12:56:00,46,1,1,3,311,One-Time Buyers,46,False
16018.0,2,408.90000000000003,2011-06-12 13:52:00,2011-10-31 14:13:00,38,1,2,3,312,One-Time Buyers,38,False
16019.0,9,3786.2400000000002,2010-12-10 12:29:00,2011-10-24 11:51:00,46,4,5,3,345,Loyal Customers,46,False
16020.0,3,851.01,2011-10-05 13:54:00,2011-11-23 11:18:00,16,2,3,2,223,At Risk,16,False
16022.0,1,628.28,2011-03-24 13:16:00,2011-03-24 13:16:00,259,1,3,5,513,One-Time Buyers,259,True
16023.0,3,719.81,2011-03-18 13:32:00,2011-10-24 16:34:00,45,2,3,3,323,Regular,45,False
16024.0,1,251.24,2011-11-27 13:26:00,2011-11-27 13:26:00,11,1,2,1,112,At Risk,11,False
16025.0,1,439.65999999999997,2011-11-10 11:45:00,2011-11-10 11:45:00,29,1,2,2,212,At Risk,29,False
16026.0,1,236.09,2011-10-27 13:53:00,2011-10-27 13:53:00,42,1,1,3,311,One-Time Buyers,42,False
16027.0,6,934.62,2011-02-10 12:19:00,2011-09-09 10:47:00,91,3,3,4,433,Regular,91,True
16029.0,63,81024.84,2010-12-01 09:57:00,2011-11-01 10:27:00,38,4,5,3,345,Loyal Customers,38,False
16030.0,1,331.24,2011-02-03 11:28:00,2011-02-03 11:28:00,309,1,2,5,512,One-Time Buyers,309,True
16031.0,2,548.94,2011-04-06 14:23:00,2011-09-08 13:07:00,91,1,3,4,413,One-Time Buyers,91,True
16033.0,20,8816.4,2010-12-05 10:36:00,2011-12-04 12:44:00,5,4,5,1,145,Loyal Customers,5,False
16034.0,3,437.7,2011-01-11 11:54:00,2011-05-27 16:17:00,195,2,2,5,522,Regular,195,True
16036.0,2,758.92,2011-03-21 13:01:00,2011-09-13 14:53:00,86,1,3,4,413,One-Time Buyers,86,False
16037.0,3,855.02,2010-12-16 10:18:00,2011-03-15 09:13:00,269,2,3,5,523,Regular,269,True
16038.0,3,471.78000000000003,2011-05-22 11:29:00,2011-12-02 12:40:00,7,2,2,1,122,At Risk,7,False
16040.0,3,1313.55,2011-03-16 09:58:00,2011-10-05 13:47:00,64,2,4,3,324,Regular,64,False
16041.0,3,3166.4,2011-07-21 16:27:00,2011-11-09 12:25:00,30,2,5,2,225,At Risk,30,False
16042.0,5,1197.27,2011-01-11 13:25:00,2011-11-17 17:50:00,21,3,4,2,234,At Risk,21,False
16043.0,4,773.99,2011-01-26 11:14:00,2011-11-02 12:50:00,37,3,3,3,333,Regular,37,False
16045.0,4,1340.7,2011-02-22 14:55:00,2011-08-12 12:41:00,119,3,4,4,434,Regular,119,True
16048.0,2,256.44,2010-12-01 15:27:00,2010-12-01 15:28:00,372,1,2,5,512,One-Time Buyers,372,True
16049.0,3,1111.79,2011-09-25 14:33:00,2011-10-30 13:19:00,39,2,4,3,324,Regular,39,False
16050.0,1,137.9,2011-06-19 11:44:00,2011-06-19 11:44:00,173,1,1,4,411,One-Time Buyers,173,True
16052.0,1,362.06,2011-10-16 15:13:00,2011-10-16 15:13:00,53,1,2,3,312,One-Time Buyers,53,False
16053.0,2,1511.95,2011-08-09 14:57:00,2011-11-07 11:21:00,32,1,4,2,214,At Risk,32,False
16054.0,1,783.9,2011-07-17 13:08:00,2011-07-17 13:08:00,144,1,3,4,413,One-Time Buyers,144,True
16055.0,1,134.8,2011-05-03 09:26:00,2011-05-03 09:26:00,220,1,1,5,511,One-Time Buyers,220,True
16056.0,1,664.85,2011-10-25 15:19:00,2011-10-25 15:19:00,44,1,3,3,313,One-Time Buyers,44,False
16057.0,7,2263.12,2011-02-28 10:35:00,2011-11-23 15:23:00,15,4,5,2,245,Loyal Customers,15,False
16059.0,6,1459.8600000000001,2010-12-07 10:36:00,2011-10-05 09:56:00,65,3,4,3,334,Regular,65,False
16062.0,4,1153.62,2010-12-10 12:00:00,2011-11-30 12:15:00,9,3,4,1,134,At Risk,9,False
16063.0,1,335.32,2011-03-24 14:55:00,2011-03-24 14:56:00,259,1,2,5,512,One-Time Buyers,259,True
16065.0,1,372.09,2010-12-09 13:03:00,2010-12-09 13:03:00,364,1,2,5,512,One-Time Buyers,364,True
16066.0,5,1521.87,2011-08-07 14:33:00,2011-11-23 11:54:00,16,3,4,2,234,At Risk,16,False
16070.0,2,852.15,2011-11-07 16:36:00,2011-11-17 15:50:00,21,1,3,2,213,At Risk,21,False
16071.0,1,326.24,2011-10-26 11:14:00,2011-10-26 11:14:00,44,1,2,3,312,One-Time Buyers,44,False
16072.0,1,584.3199999999999,2011-02-24 14:32:00,2011-02-24 14:32:00,287,1,3,5,513,One-Time Buyers,287,True
16073.0,1,122.39999999999999,2011-02-15 15:41:00,2011-02-15 15:41:00,296,1,1,5,511,One-Time Buyers,296,True
16076.0,10,2234.73,2011-05-15 12:31:00,2011-12-06 14:59:00,2,4,5,1,145,Loyal Customers,2,False
16078.0,1,79.2,2011-03-01 09:47:00,2011-03-01 09:47:00,283,1,1,5,511,One-Time Buyers,283,True
16079.0,3,1352.0,2011-10-30 13:06:00,2011-11-23 12:48:00,16,2,4,2,224,At Risk,16,False
16080.0,2,217.16,2011-03-10 14:44:00,2011-09-19 10:42:00,81,1,1,4,411,One-Time Buyers,81,False
16081.0,5,2806.9,2010-12-08 11:16:00,2011-10-14 13:06:00,55,3,5,3,335,Regular,55,False
16083.0,2,1317.62,2010-12-14 11:51:00,2011-08-31 10:47:00,100,1,4,4,414,One-Time Buyers,100,True
16084.0,1,436.18,2011-02-13 16:05:00,2011-02-13 16:05:00,298,1,2,5,512,One-Time Buyers,298,True
16085.0,5,981.51,2011-01-23 12:07:00,2011-11-16 13:24:00,22,3,4,2,234,At Risk,22,False
16086.0,5,1121.39,2010-12-07 13:45:00,2011-10-11 13:09:00,58,3,4,3,334,Regular,58,False
16091.0,2,315.06,2011-05-25 09:18:00,2011-07-08 08:45:00,154,1,2,4,412,One-Time Buyers,154,True
16092.0,3,817.86,2011-03-30 15:38:00,2011-08-17 10:46:00,114,2,3,4,423,Regular,114,True
16093.0,1,17.0,2011-08-25 11:09:00,2011-08-25 11:09:00,106,1,1,4,411,One-Time Buyers,106,True
16094.0,4,1078.23,2011-05-04 13:57:00,2011-11-28 12:45:00,11,3,4,1,134,At Risk,11,False
16096.0,1,320.62,2011-03-20 13:38:00,2011-03-20 13:38:00,263,1,2,5,512,One-Time Buyers,263,True
16097.0,1,185.04999999999998,2011-04-13 13:47:00,2011-04-13 13:47:00,239,1,1,5,511,One-Time Buyers,239,True
16098.0,7,2005.63,2010-12-01 09:45:00,2011-09-13 09:59:00,87,4,4,4,444,Champions,87,False
16099.0,3,731.9,2011-04-28 08:34:00,2011-10-20 13:13:00,49,2,3,3,323,Regular,49,False
16101.0,1,1290.7,2011-09-30 10:18:00,2011-09-30 10:18:00,70,1,4,3,314,One-Time Buyers,70,False
16102.0,3,1842.14,2011-08-03 12:50:00,2011-10-28 13:19:00,41,2,4,3,324,Regular,41,False
16103.0,6,1429.64,2011-04-20 12:28:00,2011-12-02 14:16:00,6,3,4,1,134,At Risk,6,False
16104.0,1,302.36,2011-10-09 10:23:00,2011-10-09 10:23:00,61,1,2,3,312,One-Time Buyers,61,False
16105.0,1,336.96,2011-04-05 10:13:00,2011-04-05 10:13:00,248,1,2,5,512,One-Time Buyers,248,True
16106.0,1,108.38,2011-10-05 10:37:00,2011-10-05 10:37:00,65,1,1,3,311,One-Time Buyers,65,False
16107.0,7,3204.1600000000003,2011-06-09 18:42:00,2011-11-22 09:40:00,17,4,5,2,245,Loyal Customers,17,False
16108.0,1,842.5,2011-09-16 11:48:00,2011-09-16 11:48:00,84,1,3,4,413,One-Time Buyers,84,False
16109.0,2,611.88,2011-02-04 12:37:00,2011-05-05 09:17:00,218,1,3,5,513,One-Time Buyers,218,True
16110.0,3,1337.48,2011-02-01 14:01:00,2011-10-25 14:35:00,44,2,4,3,324,Regular,44,False
16112.0,4,195.73999999999998,2011-01-05 11:47:00,2011-07-19 14:28:00,142,3,1,4,431,Regular,142,True
16113.0,1,161.38,2011-06-09 16:16:00,2011-06-09 16:16:00,182,1,1,5,511,One-Time Buyers,182,True
16114.0,1,135.75000000000003,2011-06-22 10:13:00,2011-06-22 10:13:00,170,1,1,4,411,One-Time Buyers,170,True
16115.0,8,1667.97,2011-02-20 12:14:00,2011-11-30 11:32:00,9,4,4,1,144,Loyal Customers,9,False
16116.0,1,612.78,2011-05-12 12:01:00,2011-05-12 12:01:00,211,1,3,5,513,One-Time Buyers,211,True
16117.0,1,232.21,2011-06-03 11:42:00,2011-06-03 11:42:00,189,1,1,5,511,One-Time Buyers,189,True
16119.0,2,423.36,2011-09-28 10:15:00,2011-12-01 15:11:00,7,1,2,1,112,At Risk,7,False
16120.0,4,1309.14,2011-10-11 14:10:00,2011-10-11 14:22:00,58,3,4,3,334,Regular,58,False
16121.0,2,867.11,2011-05-08 11:52:00,2011-10-13 12:59:00,56,1,3,3,313,One-Time Buyers,56,False
16122.0,4,684.4200000000001,2010-12-08 11:41:00,2011-09-27 15:34:00,72,3,3,4,433,Regular,72,False
16123.0,1,307.78,2011-10-19 09:18:00,2011-10-19 09:18:00,51,1,2,3,312,One-Time Buyers,51,False
16124.0,1,249.0,2011-01-26 14:45:00,2011-01-26 14:45:00,316,1,1,5,511,One-Time Buyers,316,True
16125.0,1,289.35,2010-12-07 15:48:00,2010-12-07 15:48:00,366,1,2,5,512,One-Time Buyers,366,True
16126.0,4,6287.77,2011-02-16 11:18:00,2011-11-10 16:03:00,28,3,5,2,235,At Risk,28,False
16127.0,1,656.25,2011-10-31 13:58:00,2011-10-31 13:58:00,38,1,3,3,313,One-Time Buyers,38,False
16128.0,5,1880.22,2011-03-02 12:21:00,2011-11-22 11:14:00,17,3,4,2,234,At Risk,17,False
16131.0,6,3506.54,2011-04-14 08:32:00,2011-10-19 11:53:00,51,3,5,3,335,Regular,51,False
16133.0,33,14589.04,2011-01-25 15:55:00,2011-12-06 11:24:00,3,4,5,1,145,Loyal Customers,3,False
16134.0,2,618.09,2010-12-15 14:00:00,2011-11-18 10:05:00,21,1,3,2,213,At Risk,21,False
16135.0,1,517.55,2011-03-22 12:30:00,2011-03-22 12:30:00,262,1,3,5,513,One-Time Buyers,262,True
16136.0,3,709.38,2011-03-07 09:52:00,2011-10-11 09:10:00,59,2,3,3,323,Regular,59,False
16139.0,3,635.41,2011-05-17 10:23:00,2011-11-21 08:37:00,18,2,3,2,223,At Risk,18,False
16140.0,2,725.18,2010-12-03 14:40:00,2011-10-05 12:15:00,65,1,3,3,313,One-Time Buyers,65,False
16141.0,1,620.4,2011-09-12 13:11:00,2011-09-12 13:11:00,87,1,3,4,413,One-Time Buyers,87,False
16142.0,1,535.34,2011-04-04 10:16:00,2011-04-04 10:16:00,249,1,3,5,513,One-Time Buyers,249,True
16143.0,6,2424.94,2010-12-05 15:18:00,2011-12-06 14:13:00,2,3,5,1,135,At Risk,2,False
16144.0,1,175.2,2011-04-07 10:09:00,2011-04-07 10:09:00,246,1,1,5,511,One-Time Buyers,246,True
16145.0,11,3799.4900000000002,2010-12-15 09:09:00,2011-12-01 10:33:00,8,4,5,1,145,Loyal Customers,8,False
16146.0,3,734.13,2011-04-21 15:25:00,2011-07-05 14:20:00,156,2,3,4,423,Regular,156,True
16147.0,1,375.0,2011-07-29 09:57:00,2011-07-29 09:57:00,133,1,2,4,412,One-Time Buyers,133,True
16148.0,1,76.32000000000001,2011-02-16 14:01:00,2011-02-16 14:01:00,295,1,1,5,511,One-Time Buyers,295,True
16149.0,2,280.52,2011-07-20 14:54:00,2011-12-05 11:29:00,4,1,2,1,112,At Risk,4,False
16150.0,5,2053.02,2010-12-02 18:27:00,2011-10-28 12:39:00,42,3,4,3,334,Regular,42,False
16152.0,1,1829.04,2011-03-16 09:47:00,2011-03-16 09:47:00,268,1,4,5,514,One-Time Buyers,268,True
16153.0,5,1824.23,2010-12-20 09:22:00,2011-10-21 10:50:00,49,3,4,3,334,Regular,49,False
16156.0,9,3122.04,2011-02-02 12:02:00,2011-12-01 12:42:00,8,4,5,1,145,Loyal Customers,8,False
16157.0,3,656.69,2011-09-28 11:48:00,2011-11-24 11:41:00,15,2,3,2,223,At Risk,15,False
16159.0,1,348.2,2011-03-03 12:27:00,2011-03-03 12:27:00,281,1,2,5,512,One-Time Buyers,281,True
16160.0,2,1025.44,2011-09-15 10:53:00,2011-10-05 14:19:00,64,1,4,3,314,One-Time Buyers,64,False
16161.0,19,5575.56,2010-12-06 10:03:00,2011-12-08 12:10:00,1,4,5,1,145,Loyal Customers,1,False
16162.0,1,37.4,2011-04-01 15:03:00,2011-04-01 15:03:00,251,1,1,5,511,One-Time Buyers,251,True
16163.0,2,856.6,2010-12-09 16:28:00,2011-04-21 15:15:00,231,1,3,5,513,One-Time Buyers,231,True
16164.0,3,822.48,2011-10-28 09:12:00,2011-11-22 15:04:00,16,2,3,2,223,At Risk,16,False
16168.0,27,3787.6,2010-12-05 11:38:00,2011-11-29 12:45:00,10,4,5,1,145,Loyal Customers,10,False
16169.0,4,1822.97,2011-09-25 11:33:00,2011-12-01 15:28:00,7,3,4,1,134,At Risk,7,False
16170.0,6,1885.05,2011-04-05 13:42:00,2011-10-20 08:21:00,50,3,4,3,334,Regular,50,False
16171.0,1,73.2,2011-10-11 14:51:00,2011-10-11 14:51:00,58,1,1,3,311,One-Time Buyers,58,False
16172.0,5,1140.21,2011-04-12 12:02:00,2011-09-05 13:22:00,94,3,4,4,434,Regular,94,True
16173.0,6,1418.32,2011-09-02 15:23:00,2011-11-24 10:53:00,15,3,4,2,234,At Risk,15,False
16174.0,3,1009.5500000000001,2011-07-11 09:23:00,2011-08-05 13:26:00,125,2,4,4,424,Regular,125,True
16175.0,4,1037.59,2011-04-13 14:38:00,2011-09-06 14:32:00,93,3,4,4,434,Regular,93,True
16177.0,1,331.95,2011-10-20 12:57:00,2011-10-20 12:57:00,49,1,2,3,312,One-Time Buyers,49,False
16178.0,1,197.9,2011-07-24 16:05:00,2011-07-24 16:05:00,137,1,1,4,411,One-Time Buyers,137,True
16179.0,1,215.83,2011-10-10 09:41:00,2011-10-10 09:41:00,60,1,1,3,311,One-Time Buyers,60,False
16180.0,8,10254.18,2011-04-01 10:23:00,2011-08-31 16:28:00,99,4,5,4,445,Champions,99,True
16181.0,1,305.54,2011-09-27 13:38:00,2011-09-27 13:38:00,72,1,2,4,412,One-Time Buyers,72,False
16182.0,4,6617.65,2011-02-18 10:11:00,2011-09-28 13:23:00,71,3,5,3,335,Regular,71,False
16183.0,1,338.71000000000004,2011-10-03 14:59:00,2011-10-03 14:59:00,66,1,2,3,312,One-Time Buyers,66,False
16184.0,6,1158.79,2011-05-12 13:33:00,2011-10-06 17:43:00,63,3,4,3,334,Regular,63,False
16185.0,2,529.41,2011-04-21 11:59:00,2011-11-23 09:41:00,16,1,3,2,213,At Risk,16,False
16186.0,12,4006.94,2010-12-02 14:40:00,2011-11-17 12:43:00,22,4,5,2,245,Loyal Customers,22,False
16187.0,15,6911.4400000000005,2011-02-28 13:34:00,2011-11-08 09:50:00,31,4,5,2,245,Loyal Customers,31,False
16188.0,4,981.86,2011-04-11 09:44:00,2011-10-26 12:19:00,44,3,4,3,334,Regular,44,False
16189.0,2,215.48,2011-09-15 15:21:00,2011-11-24 11:47:00,15,1,1,2,211,At Risk,15,False
16190.0,1,215.08,2011-10-30 15:59:00,2011-10-30 15:59:00,39,1,1,3,311,One-Time Buyers,39,False
16191.0,13,5180.52,2010-12-14 12:38:00,2011-12-07 11:26:00,2,4,5,1,145,Loyal Customers,2,False
16193.0,1,314.45,2011-04-17 11:45:00,2011-04-17 11:45:00,236,1,2,5,512,One-Time Buyers,236,True
16198.0,1,400.68100000000004,2011-09-25 14:58:00,2011-09-25 14:58:00,74,1,2,4,412,One-Time Buyers,74,False
16200.0,2,1080.6200000000001,2011-06-28 15:47:00,2011-12-05 14:40:00,3,1,4,1,114,At Risk,3,False
16201.0,4,1863.47,2011-08-22 10:47:00,2011-12-06 16:02:00,2,3,4,1,134,At Risk,2,False
16202.0,1,365.27,2010-12-14 10:43:00,2010-12-14 10:43:00,360,1,2,5,512,One-Time Buyers,360,True
16203.0,4,592.9,2010-12-02 15:39:00,2011-10-12 12:31:00,58,3,3,3,333,Regular,58,False
16204.0,1,405.71,2011-11-16 13:40:00,2011-11-16 13:40:00,22,1,2,2,212,At Risk,22,False
16205.0,4,761.38,2011-06-13 11:33:00,2011-11-09 09:32:00,30,3,3,2,233,At Risk,30,False
16206.0,4,537.0600000000001,2011-01-16 11:07:00,2011-10-16 10:41:00,54,3,3,3,333,Regular,54,False
16207.0,1,394.38,2011-11-14 13:51:00,2011-11-14 13:51:00,24,1,2,2,212,At Risk,24,False
16208.0,2,664.26,2011-02-23 13:37:00,2011-10-26 11:36:00,44,1,3,3,313,One-Time Buyers,44,False
16209.0,5,2262.62,2011-04-07 12:23:00,2011-09-12 11:58:00,88,3,5,4,435,Regular,88,False
16210.0,18,21086.3,2010-12-01 12:27:00,2011-12-08 12:36:00,1,4,5,1,145,Loyal Customers,1,False
16211.0,1,547.02,2011-09-12 12:11:00,2011-09-12 12:11:00,88,1,3,4,413,One-Time Buyers,88,False
16212.0,2,690.34,2011-03-01 12:51:00,2011-11-20 13:00:00,18,1,3,2,213,At Risk,18,False
16213.0,1,159.0,2011-09-22 10:03:00,2011-09-22 10:03:00,78,1,1,4,411,One-Time Buyers,78,False
16214.0,3,1062.75,2011-03-15 13:23:00,2011-06-22 11:30:00,170,2,4,4,424,Regular,170,True
16215.0,1,242.35,2011-09-20 10:18:00,2011-09-20 10:18:00,80,1,1,4,411,One-Time Buyers,80,False
16216.0,1,914.9300000000001,2011-03-17 15:34:00,2011-03-17 15:34:00,266,1,3,5,513,One-Time Buyers,266,True
16217.0,2,304.25,2011-03-02 15:28:00,2011-04-18 13:31:00,234,1,2,5,512,One-Time Buyers,234,True
16218.0,7,3084.68,2010-12-01 11:29:00,2011-11-10 09:59:00,29,4,5,2,245,Loyal Customers,29,False
16221.0,3,864.86,2010-12-07 13:13:00,2011-11-03 11:43:00,36,2,3,3,323,Regular,36,False
16222.0,1,846.72,2011-01-25 13:38:00,2011-01-25 13:38:00,317,1,3,5,513,One-Time Buyers,317,True
16224.0,4,1295.3,2011-04-04 12:00:00,2011-10-13 17:51:00,56,3,4,3,334,Regular,56,False
16225.0,5,1096.32,2011-03-07 12:17:00,2011-10-26 08:30:00,44,3,4,3,334,Regular,44,False
16226.0,3,255.12,2011-04-18 12:58:00,2011-05-20 14:41:00,202,2,2,5,522,Regular,202,True
16227.0,1,314.22,2011-04-28 13:33:00,2011-04-28 13:33:00,224,1,2,5,512,One-Time Buyers,224,True
16229.0,2,1010.6,2011-05-11 10:18:00,2011-09-13 17:16:00,86,1,4,4,414,One-Time Buyers,86,False
16230.0,2,542.03,2011-05-03 15:12:00,2011-06-03 10:06:00,189,1,3,5,513,One-Time Buyers,189,True
16232.0,4,990.88,2011-05-08 14:05:00,2011-10-27 12:16:00,43,3,4,3,334,Regular,43,False
16233.0,3,536.6800000000001,2010-12-08 12:51:00,2011-09-29 17:27:00,70,2,3,3,323,Regular,70,False
16235.0,5,867.31,2011-01-11 15:42:00,2011-10-30 10:56:00,40,3,3,3,333,Regular,40,False
16236.0,1,432.2,2011-09-22 14:10:00,2011-09-22 14:10:00,77,1,2,4,412,One-Time Buyers,77,False
16239.0,2,414.2,2011-06-03 09:30:00,2011-10-14 08:29:00,56,1,2,3,312,One-Time Buyers,56,False
16240.0,2,3718.8,2011-09-23 13:44:00,2011-11-15 14:30:00,23,1,5,2,215,At Risk,23,False
16241.0,13,2607.87,2010-12-05 11:04:00,2011-11-30 11:08:00,9,4,5,1,145,Loyal Customers,9,False
16242.0,7,3603.21,2011-03-07 17:04:00,2011-12-01 15:12:00,7,4,5,1,145,Loyal Customers,7,False
16243.0,2,409.1,2011-10-16 12:09:00,2011-11-06 12:32:00,33,1,2,3,312,One-Time Buyers,33,False
16244.0,2,1522.75,2010-12-02 11:41:00,2011-05-12 10:18:00,211,1,4,5,514,One-Time Buyers,211,True
16245.0,3,1413.66,2011-03-28 09:30:00,2011-11-16 10:14:00,23,2,4,2,224,At Risk,23,False
16247.0,1,114.56,2011-06-22 14:23:00,2011-06-22 14:23:00,169,1,1,4,411,One-Time Buyers,169,True
16248.0,1,152.94,2011-10-09 11:32:00,2011-10-09 11:32:00,61,1,1,3,311,One-Time Buyers,61,False
16249.0,5,1800.07,2011-04-14 13:50:00,2011-10-18 10:07:00,52,3,4,3,334,Regular,52,False
16250.0,2,389.44,2010-12-01 09:59:00,2011-03-23 15:07:00,260,1,2,5,512,One-Time Buyers,260,True
16253.0,2,3683.86,2011-03-29 13:33:00,2011-10-04 09:09:00,66,1,5,3,315,One-Time Buyers,66,False
16255.0,8,2619.91,2010-12-09 14:25:00,2011-11-23 12:40:00,16,4,5,2,245,Loyal Customers,16,False
16256.0,1,752.4300000000001,2011-03-18 12:18:00,2011-03-18 12:18:00,266,1,3,5,513,One-Time Buyers,266,True
16257.0,1,46.95,2011-06-16 10:11:00,2011-06-16 10:11:00,176,1,1,4,411,One-Time Buyers,176,True
16258.0,5,5203.51,2011-05-04 14:33:00,2011-10-25 13:30:00,44,3,5,3,335,Regular,44,False
16260.0,1,1035.45,2011-10-20 09:40:00,2011-10-20 09:40:00,50,1,4,3,314,One-Time Buyers,50,False
16261.0,4,746.83,2011-04-07 19:05:00,2011-11-22 17:23:00,16,3,3,2,233,At Risk,16,False
16265.0,9,5447.0,2010-12-10 10:21:00,2011-11-30 16:41:00,8,4,5,1,145,Loyal Customers,8,False
16266.0,7,861.89,2011-05-17 14:50:00,2011-09-27 12:08:00,73,4,3,4,443,Champions,73,False
16268.0,2,667.65,2011-09-29 18:30:00,2011-09-29 18:30:00,70,1,3,3,313,One-Time Buyers,70,False
16270.0,1,1141.24,2010-12-21 14:26:00,2010-12-21 14:26:00,352,1,4,5,514,One-Time Buyers,352,True
16271.0,5,1429.24,2010-12-16 16:36:00,2011-12-07 12:45:00,2,3,4,1,134,At Risk,2,False
16272.0,1,411.7,2011-08-15 10:53:00,2011-08-15 10:54:00,116,1,2,4,412,One-Time Buyers,116,True
16274.0,1,357.95,2010-12-01 15:35:00,2010-12-01 15:35:00,372,1,2,5,512,One-Time Buyers,372,True
16275.0,1,559.87,2011-05-27 12:41:00,2011-05-27 12:41:00,196,1,3,5,513,One-Time Buyers,196,True
16276.0,1,810.6000000000001,2011-06-16 09:34:00,2011-06-16 09:34:00,176,1,3,4,413,One-Time Buyers,176,True
16278.0,1,566.38,2011-08-31 17:12:00,2011-08-31 17:12:00,99,1,3,4,413,One-Time Buyers,99,True
16279.0,3,1509.58,2011-06-16 11:50:00,2011-11-18 15:00:00,20,2,4,2,224,At Risk,20,False
16281.0,1,2062.06,2011-09-28 14:57:00,2011-09-28 14:57:00,71,1,5,3,315,One-Time Buyers,71,False
16282.0,1,168.3,2011-01-04 11:42:00,2011-01-04 11:42:00,339,1,1,5,511,One-Time Buyers,339,True
16283.0,5,1570.81,2011-05-15 13:37:00,2011-12-04 12:08:00,5,3,4,1,134,At Risk,5,False
16284.0,2,823.97,2011-10-20 13:54:00,2011-11-08 16:12:00,30,1,3,2,213,At Risk,30,False
16287.0,1,142.5,2011-06-23 09:08:00,2011-06-23 09:08:00,169,1,1,4,411,One-Time Buyers,169,True
16292.0,1,302.25,2011-08-10 12:24:00,2011-08-10 12:24:00,121,1,2,4,412,One-Time Buyers,121,True
16293.0,10,2248.9900000000002,2010-12-07 15:02:00,2011-11-18 09:58:00,21,4,5,2,245,Loyal Customers,21,False
16295.0,4,1328.55,2011-10-06 10:45:00,2011-11-30 08:17:00,9,3,4,1,134,At Risk,9,False
16297.0,1,301.9,2011-03-16 08:29:00,2011-03-16 08:29:00,268,1,2,5,512,One-Time Buyers,268,True
16298.0,3,598.2,2011-06-06 10:06:00,2011-11-17 11:59:00,22,2,3,2,223,At Risk,22,False
16302.0,1,233.22,2011-08-05 09:44:00,2011-08-05 09:44:00,126,1,1,4,411,One-Time Buyers,126,True
16303.0,3,5360.63,2011-01-10 14:16:00,2011-11-14 10:49:00,25,2,5,2,225,At Risk,25,False
16305.0,1,361.21999999999997,2011-07-24 12:18:00,2011-07-24 12:18:00,138,1,2,4,412,One-Time Buyers,138,True
16306.0,6,632.27,2010-12-07 15:18:00,2011-05-10 12:12:00,213,3,3,5,533,Regular,213,True
16308.0,4,2560.0,2011-03-23 14:46:00,2011-11-02 11:24:00,37,3,5,3,335,Regular,37,False
16309.0,2,706.57,2011-04-13 11:46:00,2011-08-25 15:35:00,105,1,3,4,413,One-Time Buyers,105,True
16311.0,2,616.26,2011-10-21 13:13:00,2011-11-22 08:54:00,17,1,3,2,213,At Risk,17,False
16313.0,2,274.15000000000003,2011-10-21 09:04:00,2011-12-06 13:02:00,2,1,2,1,112,At Risk,2,False
16315.0,1,226.37,2011-01-13 11:57:00,2011-01-13 11:57:00,330,1,1,5,511,One-Time Buyers,330,True
16316.0,8,2938.91,2010-12-16 14:26:00,2011-10-06 13:48:00,63,4,5,3,345,Loyal Customers,63,False
16317.0,3,1341.65,2011-02-15 14:30:00,2011-08-12 12:46:00,119,2,4,4,424,Regular,119,True
16318.0,1,328.15,2011-11-04 13:05:00,2011-11-04 13:05:00,34,1,2,3,312,One-Time Buyers,34,False
16319.0,1,404.40000000000003,2011-05-06 11:27:00,2011-05-06 11:27:00,217,1,2,5,512,One-Time Buyers,217,True
16320.0,2,1038.46,2011-05-10 15:31:00,2011-06-20 15:25:00,171,1,4,4,414,One-Time Buyers,171,True
16321.0,5,373.65000000000003,2011-01-20 12:11:00,2011-09-28 14:55:00,71,3,2,3,332,Regular,71,False
16322.0,2,326.75,2011-11-03 14:33:00,2011-12-08 15:41:00,0,1,2,1,112,At Risk,0,False
16323.0,1,207.50000000000003,2011-05-27 14:48:00,2011-05-27 14:48:00,195,1,1,5,511,One-Time Buyers,195,True
16324.0,3,428.68,2011-06-15 14:26:00,2011-08-03 12:58:00,127,2,2,4,422,Regular,127,True
16325.0,3,594.24,2011-04-08 09:20:00,2011-10-24 08:48:00,46,2,3,3,323,Regular,46,False
16326.0,14,3110.96,2011-01-09 12:01:00,2011-12-04 10:11:00,5,4,5,1,145,Loyal Customers,5,False
16327.0,6,3844.22,2010-12-05 12:43:00,2011-11-25 13:23:00,13,3,5,2,235,At Risk,13,False
16330.0,3,251.91,2011-08-19 17:08:00,2011-11-22 12:24:00,17,2,2,2,222,At Risk,17,False
16332.0,7,1593.2,2011-02-07 14:16:00,2011-11-11 14:22:00,27,4,4,2,244,Loyal Customers,27,False
16333.0,22,26626.8,2011-02-03 10:50:00,2011-12-02 12:19:00,7,4,5,1,145,Loyal Customers,7,False
16337.0,1,151.05,2011-11-03 10:03:00,2011-11-03 10:03:00,36,1,1,3,311,One-Time Buyers,36,False
16338.0,1,214.79999999999998,2011-07-05 13:56:00,2011-07-05 13:56:00,156,1,1,4,411,One-Time Buyers,156,True
16339.0,1,109.95,2011-02-28 13:41:00,2011-02-28 13:41:00,283,1,1,5,511,One-Time Buyers,283,True
16340.0,1,549.07,2011-08-24 14:53:00,2011-08-24 14:53:00,106,1,3,4,413,One-Time Buyers,106,True
16341.0,4,1971.87,2011-05-22 13:20:00,2011-11-15 09:12:00,24,3,4,2,234,At Risk,24,False
16342.0,4,322.41,2011-06-13 10:10:00,2011-09-25 14:36:00,74,3,2,4,432,Regular,74,False
16343.0,2,370.47999999999996,2011-11-23 17:43:00,2011-11-23 17:45:00,15,1,2,2,212,At Risk,15,False
16344.0,1,101.10000000000001,2011-07-04 15:50:00,2011-07-04 15:50:00,157,1,1,4,411,One-Time Buyers,157,True
16345.0,1,575.41,2011-10-26 16:03:00,2011-10-26 16:03:00,43,1,3,3,313,One-Time Buyers,43,False
16347.0,2,887.65,2011-11-03 13:01:00,2011-11-28 13:14:00,10,1,3,1,113,At Risk,10,False
16348.0,7,1469.45,2011-04-13 15:49:00,2011-11-07 15:44:00,31,4,4,2,244,Loyal Customers,31,False
16349.0,1,53.5,2011-02-22 12:40:00,2011-02-22 12:40:00,290,1,1,5,511,One-Time Buyers,290,True
16350.0,4,1116.47,2011-01-10 09:44:00,2011-11-18 15:53:00,20,3,4,2,234,At Risk,20,False
16351.0,1,153.9,2011-01-11 10:26:00,2011-01-11 10:26:00,332,1,1,5,511,One-Time Buyers,332,True
16352.0,2,494.44,2011-11-02 08:44:00,2011-11-22 10:32:00,17,1,3,2,213,At Risk,17,False
16353.0,23,6675.71,2010-12-05 12:09:00,2011-12-06 12:23:00,3,4,5,1,145,Loyal Customers,3,False
16354.0,2,395.8,2011-09-27 16:28:00,2011-10-07 14:28:00,62,1,2,3,312,One-Time Buyers,62,False
16356.0,3,211.77,2011-03-07 12:31:00,2011-05-26 11:51:00,197,2,1,5,521,Regular,197,True
16357.0,3,658.88,2011-05-10 10:35:00,2011-11-06 16:04:00,32,2,3,2,223,At Risk,32,False
16358.0,4,2027.5,2011-06-08 15:05:00,2011-12-08 15:09:00,0,3,4,1,134,At Risk,0,False
16359.0,9,1750.92,2011-01-12 10:49:00,2011-12-02 17:04:00,6,4,4,1,144,Loyal Customers,6,False
16360.0,6,3512.53,2011-09-12 13:50:00,2011-12-05 12:16:00,4,3,5,1,135,At Risk,4,False
16361.0,4,896.66,2011-09-29 13:13:00,2011-11-30 12:32:00,9,3,3,1,133,At Risk,9,False
16362.0,5,734.77,2011-09-09 14:47:00,2011-11-07 13:01:00,31,3,3,2,233,At Risk,31,False
16363.0,1,109.36000000000001,2011-10-17 14:14:00,2011-10-17 14:14:00,52,1,1,3,311,One-Time Buyers,52,False
16364.0,2,707.04,2011-07-25 14:35:00,2011-11-28 11:27:00,11,1,3,1,113,At Risk,11,False
16365.0,9,1540.42,2010-12-07 17:19:00,2011-11-22 11:24:00,17,4,4,2,244,Loyal Customers,17,False
16366.0,1,327.3,2011-11-21 08:19:00,2011-11-21 08:19:00,18,1,2,2,212,At Risk,18,False
16367.0,2,804.49,2010-12-12 12:01:00,2011-11-02 13:13:00,36,1,3,3,313,One-Time Buyers,36,False
16368.0,2,497.43,2011-11-11 15:08:00,2011-12-07 13:12:00,1,1,3,1,113,At Risk,1,False
16369.0,3,1553.66,2011-05-27 09:39:00,2011-11-21 16:25:00,17,2,4,2,224,At Risk,17,False
16370.0,4,1320.56,2011-04-28 16:40:00,2011-09-18 15:55:00,81,3,4,4,434,Regular,81,False
16372.0,2,367.93,2011-11-06 12:50:00,2011-11-06 13:08:00,32,1,2,2,212,At Risk,32,False
16374.0,2,473.03000000000003,2011-03-22 13:46:00,2011-10-04 15:21:00,65,1,2,3,312,One-Time Buyers,65,False
16376.0,2,987.01,2011-11-22 16:47:00,2011-12-01 11:38:00,8,1,4,1,114,At Risk,8,False
16377.0,1,676.2,2011-03-17 15:41:00,2011-03-17 15:41:00,266,1,3,5,513,One-Time Buyers,266,True
16378.0,3,362.95,2011-02-02 12:42:00,2011-04-06 15:07:00,246,2,2,5,522,Regular,246,True
16379.0,4,2157.4,2011-09-22 09:33:00,2011-12-05 15:38:00,3,3,5,1,135,At Risk,3,False
16380.0,1,1780.59,2011-10-09 15:40:00,2011-10-09 15:40:00,60,1,4,3,314,One-Time Buyers,60,False
16383.0,2,668.36,2011-03-16 13:00:00,2011-09-26 12:45:00,74,1,3,4,413,One-Time Buyers,74,False
16384.0,2,584.5,2011-03-21 10:13:00,2011-09-11 11:19:00,89,1,3,4,413,One-Time Buyers,89,False
16385.0,3,555.89,2010-12-08 12:56:00,2011-10-10 13:12:00,59,2,3,3,323,Regular,59,False
16386.0,2,317.2,2011-03-31 12:19:00,2011-11-11 12:28:00,28,1,2,2,212,At Risk,28,False
16387.0,1,94.36,2011-01-21 11:34:00,2011-01-21 11:34:00,322,1,1,5,511,One-Time Buyers,322,True
16389.0,4,1382.07,2011-03-01 15:47:00,2011-10-17 14:41:00,52,3,4,3,334,Regular,52,False
16392.0,1,221.19,2011-03-15 12:11:00,2011-03-15 12:11:00,269,1,1,5,511,One-Time Buyers,269,True
16393.0,13,3046.21,2010-12-05 13:10:00,2011-12-07 12:51:00,1,4,5,1,145,Loyal Customers,1,False
16394.0,5,1555.34,2011-02-23 10:58:00,2011-10-14 09:48:00,56,3,4,3,334,Regular,56,False
16395.0,5,1486.9,2011-01-13 12:10:00,2011-10-10 12:50:00,60,3,4,3,334,Regular,60,False
16398.0,2,1705.8,2011-03-31 09:38:00,2011-07-08 15:16:00,153,1,4,4,414,One-Time Buyers,153,True
16399.0,2,408.57,2011-04-18 13:46:00,2011-11-20 16:12:00,18,1,2,2,212,At Risk,18,False
16400.0,1,303.93,2011-09-06 12:27:00,2011-09-06 12:27:00,94,1,2,4,412,One-Time Buyers,94,True
16401.0,12,4098.32,2011-01-16 10:56:00,2011-12-08 18:15:00,0,4,5,1,145,Loyal Customers,0,False
16402.0,2,299.6,2010-12-05 13:42:00,2011-03-20 12:25:00,264,1,2,5,512,One-Time Buyers,264,True
16403.0,1,177.5,2011-01-31 13:39:00,2011-01-31 13:39:00,311,1,1,5,511,One-Time Buyers,311,True
16404.0,1,443.05,2011-09-30 14:55:00,2011-09-30 14:55:00,69,1,2,3,312,One-Time Buyers,69,False
16405.0,2,167.25,2011-02-02 17:08:00,2011-02-10 15:24:00,301,1,1,5,511,One-Time Buyers,301,True
16406.0,1,163.07,2011-11-21 11:57:00,2011-11-21 11:57:00,18,1,1,2,211,At Risk,18,False
16407.0,10,2126.93,2011-01-31 14:02:00,2011-11-27 11:05:00,12,4,5,1,145,Loyal Customers,12,False
16409.0,5,2028.88,2011-01-26 14:51:00,2011-11-03 16:45:00,35,3,4,3,334,Regular,35,False
16411.0,2,214.65,2010-12-05 13:26:00,2011-11-20 13:23:00,18,1,1,2,211,At Risk,18,False
16412.0,1,151.83,2011-10-17 12:35:00,2011-10-17 12:35:00,53,1,1,3,311,One-Time Buyers,53,False
16413.0,1,262.2,2011-10-14 12:08:00,2011-10-14 12:08:00,56,1,2,3,312,One-Time Buyers,56,False
16414.0,2,126.25,2011-03-04 13:27:00,2011-11-18 09:42:00,21,1,1,2,211,At Risk,21,False
16415.0,1,210.35,2011-10-26 13:35:00,2011-10-26 13:35:00,43,1,1,3,311,One-Time Buyers,43,False
16416.0,3,1051.4,2011-10-14 13:35:00,2011-11-13 12:50:00,26,2,4,2,224,At Risk,26,False
16418.0,3,675.27,2011-04-27 16:54:00,2011-10-26 12:39:00,44,2,3,3,323,Regular,44,False
16419.0,6,972.23,2011-02-01 12:25:00,2011-08-19 12:33:00,112,3,4,4,434,Regular,112,True
16422.0,51,34684.4,2010-12-05 15:35:00,2011-11-22 14:00:00,16,4,5,2,245,Loyal Customers,16,False
16423.0,1,346.12,2011-11-15 09:21:00,2011-11-15 09:21:00,24,1,2,2,212,At Risk,24,False
16424.0,1,133.56,2011-06-01 13:40:00,2011-06-01 13:40:00,190,1,1,5,511,One-Time Buyers,190,True
16425.0,1,302.7,2011-02-10 14:30:00,2011-02-10 14:30:00,301,1,2,5,512,One-Time Buyers,301,True
16426.0,10,1908.25,2011-03-08 15:45:00,2011-12-07 14:01:00,1,4,4,1,144,Loyal Customers,1,False
16427.0,2,241.06,2011-02-28 15:18:00,2011-03-21 17:10:00,262,1,1,5,511,One-Time Buyers,262,True
16429.0,1,284.55,2011-08-25 13:54:00,2011-08-25 13:54:00,105,1,2,4,412,One-Time Buyers,105,True
16430.0,1,300.85,2011-10-13 14:47:00,2011-10-13 14:47:00,56,1,2,3,312,One-Time Buyers,56,False
16431.0,3,642.81,2011-02-15 14:02:00,2011-05-10 14:09:00,212,2,3,5,523,Regular,212,True
16432.0,1,287.4,2011-10-06 13:59:00,2011-10-06 13:59:00,63,1,2,3,312,One-Time Buyers,63,False
16433.0,1,184.26,2011-11-11 14:09:00,2011-11-11 14:09:00,27,1,1,2,211,At Risk,27,False
16434.0,7,1522.25,2011-02-13 12:17:00,2011-11-10 14:28:00,28,4,4,2,244,Loyal Customers,28,False
16438.0,5,798.35,2011-09-18 13:31:00,2011-12-04 10:51:00,5,3,3,1,133,At Risk,5,False
16440.0,5,3640.67,2011-05-09 12:25:00,2011-12-02 12:02:00,7,3,5,1,135,At Risk,7,False
16441.0,2,381.2,2011-02-21 17:35:00,2011-10-03 17:48:00,66,1,2,3,312,One-Time Buyers,66,False
16442.0,3,616.79,2010-12-14 10:46:00,2011-12-08 11:43:00,1,2,3,1,123,At Risk,1,False
16444.0,4,654.67,2011-03-20 12:14:00,2011-10-24 13:50:00,45,3,3,3,333,Regular,45,False
16445.0,1,230.51,2011-11-06 12:32:00,2011-11-06 12:32:00,33,1,1,3,311,One-Time Buyers,33,False
16446.0,2,168472.5,2011-05-18 09:52:00,2011-12-09 09:15:00,0,1,5,1,115,At Risk,0,False
16447.0,1,259.01,2011-07-27 12:45:00,2011-07-27 12:45:00,135,1,2,4,412,One-Time Buyers,135,True
16448.0,1,188.89000000000001,2011-05-25 16:28:00,2011-05-25 16:28:00,197,1,1,5,511,One-Time Buyers,197,True
16449.0,2,707.69,2011-03-04 12:15:00,2011-05-26 10:25:00,197,1,3,5,513,One-Time Buyers,197,True
16450.0,1,311.92,2011-07-13 11:47:00,2011-07-13 11:47:00,149,1,2,4,412,One-Time Buyers,149,True
16451.0,1,266.97,2011-09-13 09:17:00,2011-09-13 09:17:00,87,1,2,4,412,One-Time Buyers,87,False
16454.0,2,6.9,2011-10-06 16:57:00,2011-10-26 11:40:00,44,1,1,3,311,One-Time Buyers,44,False
16455.0,7,1841.18,2010-12-03 16:44:00,2011-10-07 12:17:00,63,4,4,3,344,Loyal Customers,63,False
16456.0,5,2158.37,2010-12-01 14:11:00,2011-09-01 13:50:00,98,3,5,4,435,Regular,98,True
16457.0,1,208.36,2011-05-05 13:19:00,2011-05-05 13:19:00,217,1,1,5,511,One-Time Buyers,217,True
16458.0,18,3482.7400000000002,2010-12-14 11:51:00,2011-12-07 09:34:00,2,4,5,1,145,Loyal Customers,2,False
16460.0,3,814.72,2011-09-19 10:15:00,2011-11-11 13:46:00,27,2,3,2,223,At Risk,27,False
16461.0,1,151.42,2011-06-15 12:07:00,2011-06-15 12:07:00,177,1,1,4,411,One-Time Buyers,177,True
16462.0,3,136.0,2011-03-01 08:58:00,2011-09-27 10:24:00,73,2,1,4,421,Regular,73,False
16463.0,4,1422.4,2011-05-19 14:45:00,2011-11-18 14:01:00,20,3,4,2,234,At Risk,20,False
16464.0,3,1314.68,2011-07-20 13:53:00,2011-11-20 12:11:00,19,2,4,2,224,At Risk,19,False
16466.0,7,1603.46,2011-02-20 11:39:00,2011-11-06 11:35:00,33,4,4,3,344,Loyal Customers,33,False
16468.0,1,74.9,2011-09-26 14:13:00,2011-09-26 14:13:00,73,1,1,4,411,One-Time Buyers,73,False
16469.0,4,650.43,2011-04-07 13:11:00,2011-11-16 12:25:00,23,3,3,2,233,At Risk,23,False
16470.0,4,762.39,2010-12-16 11:53:00,2011-10-19 12:11:00,51,3,3,3,333,Regular,51,False
16471.0,1,223.95000000000002,2011-03-10 09:41:00,2011-03-10 09:41:00,274,1,1,5,511,One-Time Buyers,274,True
16473.0,3,316.11,2011-01-07 10:55:00,2011-06-28 09:10:00,164,2,2,4,422,Regular,164,True
16474.0,7,1871.5,2011-07-17 14:51:00,2011-12-02 13:02:00,6,4,4,1,144,Loyal Customers,6,False
16475.0,4,544.3,2011-03-11 09:39:00,2011-09-12 14:37:00,87,3,3,4,433,Regular,87,False
16477.0,7,2494.46,2010-12-03 12:48:00,2011-10-07 09:44:00,63,4,5,3,345,Loyal Customers,63,False
16478.0,3,331.0,2011-10-05 12:02:00,2011-11-14 15:51:00,24,2,2,2,222,At Risk,24,False
16479.0,2,300.83,2011-11-29 13:04:00,2011-11-29 13:40:00,9,1,2,1,112,At Risk,9,False
16480.0,1,769.29,2011-09-25 11:40:00,2011-09-25 11:40:00,75,1,3,4,413,One-Time Buyers,75,False
16482.0,1,220.62,2011-11-24 12:33:00,2011-11-24 12:33:00,15,1,1,2,211,At Risk,15,False
16483.0,1,139.35,2011-05-31 13:08:00,2011-05-31 13:08:00,191,1,1,5,511,One-Time Buyers,191,True
16484.0,2,404.3,2011-06-02 10:39:00,2011-06-19 12:06:00,173,1,2,4,412,One-Time Buyers,173,True
16485.0,1,363.65,2011-09-23 15:50:00,2011-09-23 15:50:00,76,1,2,4,412,One-Time Buyers,76,False
16488.0,3,498.8,2011-07-14 11:46:00,2011-11-06 13:42:00,32,2,3,2,223,At Risk,32,False
16491.0,1,731.5,2011-10-24 10:18:00,2011-10-24 10:18:00,46,1,3,3,313,One-Time Buyers,46,False
16493.0,4,1351.63,2011-01-14 08:16:00,2011-09-21 11:10:00,79,3,4,4,434,Regular,79,False
16494.0,1,826.53,2011-02-16 12:49:00,2011-02-16 12:49:00,296,1,3,5,513,One-Time Buyers,296,True
16495.0,3,684.41,2011-03-08 16:38:00,2011-12-06 13:20:00,2,2,3,1,123,At Risk,2,False
16496.0,3,1599.52,2011-01-27 09:42:00,2011-12-01 10:31:00,8,2,4,1,124,At Risk,8,False
16497.0,6,2965.69,2011-01-10 13:20:00,2011-10-21 10:55:00,49,3,5,3,335,Regular,49,False
16498.0,2,100.97,2011-06-30 19:52:00,2011-07-01 15:07:00,160,1,1,4,411,One-Time Buyers,160,True
16499.0,2,365.45,2010-12-10 10:27:00,2010-12-14 13:31:00,359,1,2,5,512,One-Time Buyers,359,True
16500.0,6,400.86,2011-01-13 10:28:00,2011-12-05 12:04:00,4,3,2,1,132,At Risk,4,False
16503.0,4,1431.93,2010-12-14 13:50:00,2011-08-25 11:46:00,106,3,4,4,434,Regular,106,True
16504.0,1,484.38,2011-11-14 15:18:00,2011-11-14 15:18:00,24,1,2,2,212,At Risk,24,False
16505.0,1,777.6,2011-11-08 12:14:00,2011-11-08 12:14:00,31,1,3,2,213,At Risk,31,False
16506.0,2,90.30000000000001,2011-10-30 15:50:00,2011-11-20 12:17:00,19,1,1,2,211,At Risk,19,False
16509.0,1,363.7,2011-02-16 09:25:00,2011-02-16 09:25:00,296,1,2,5,512,One-Time Buyers,296,True
16510.0,1,248.1,2010-12-02 13:39:00,2010-12-02 13:39:00,371,1,1,5,511,One-Time Buyers,371,True
16511.0,3,950.26,2011-03-18 11:24:00,2011-11-18 10:41:00,21,2,4,2,224,At Risk,21,False
16513.0,4,874.59,2011-10-27 14:56:00,2011-12-05 10:18:00,4,3,3,1,133,At Risk,4,False
16515.0,5,1627.13,2011-02-01 13:09:00,2011-10-18 13:10:00,51,3,4,3,334,Regular,51,False
16516.0,1,101.69999999999999,2011-11-09 14:59:00,2011-11-09 14:59:00,29,1,1,2,211,At Risk,29,False
16517.0,1,162.7,2011-03-07 13:50:00,2011-03-07 13:50:00,276,1,1,5,511,One-Time Buyers,276,True
16518.0,2,484.32,2011-02-28 16:36:00,2011-10-09 15:04:00,60,1,2,3,312,One-Time Buyers,60,False
16519.0,2,215.07999999999998,2010-12-09 14:08:00,2011-11-14 15:41:00,24,1,1,2,211,At Risk,24,False
16520.0,3,1046.57,2010-12-09 13:08:00,2011-06-06 13:24:00,185,2,4,5,524,Regular,185,True
16523.0,21,9418.470000000001,2011-01-28 12:06:00,2011-12-08 09:06:00,1,4,5,1,145,Loyal Customers,1,False
16525.0,26,13027.45,2010-12-08 11:31:00,2011-12-07 15:07:00,1,4,5,1,145,Loyal Customers,1,False
16526.0,1,290.36,2011-06-21 12:02:00,2011-06-21 12:02:00,171,1,2,4,412,One-Time Buyers,171,True
16527.0,1,228.06,2011-09-19 16:21:00,2011-09-19 16:21:00,80,1,1,4,411,One-Time Buyers,80,False
16528.0,1,244.41,2011-12-06 12:45:00,2011-12-06 12:45:00,3,1,1,1,111,At Risk,3,False
16529.0,1,455.25,2011-06-02 17:23:00,2011-06-02 17:23:00,189,1,2,5,512,One-Time Buyers,189,True
16531.0,7,1244.59,2010-12-14 13:19:00,2011-11-17 16:29:00,21,4,4,2,244,Loyal Customers,21,False
16532.0,3,6748.8,2011-01-05 12:37:00,2011-11-22 11:08:00,17,2,5,2,225,At Risk,17,False
16533.0,3,1095.56,2011-10-02 15:07:00,2011-11-20 13:08:00,18,2,4,2,224,At Risk,18,False
16535.0,1,593.75,2011-12-04 15:18:00,2011-12-04 15:18:00,4,1,3,1,113,At Risk,4,False
16536.0,1,548.97,2011-08-21 15:54:00,2011-08-21 15:54:00,109,1,3,4,413,One-Time Buyers,109,True
16539.0,4,1388.81,2010-12-01 15:40:00,2011-12-07 08:41:00,2,3,4,1,134,At Risk,2,False
16542.0,1,119.62,2011-10-17 10:47:00,2011-10-17 10:47:00,53,1,1,3,311,One-Time Buyers,53,False
16545.0,1,339.3,2011-06-28 10:37:00,2011-06-28 10:37:00,164,1,2,4,412,One-Time Buyers,164,True
16546.0,2,787.15,2010-12-02 12:07:00,2011-02-22 11:20:00,290,1,3,5,513,One-Time Buyers,290,True
16549.0,10,4154.64,2011-01-09 14:03:00,2011-11-29 15:06:00,9,4,5,1,145,Loyal Customers,9,False
16550.0,5,2298.97,2010-12-06 13:53:00,2011-08-23 11:12:00,108,3,5,4,435,Regular,108,True
16551.0,3,922.12,2011-01-07 10:24:00,2011-09-05 09:38:00,95,2,3,4,423,Regular,95,True
16552.0,2,379.73,2010-12-01 12:36:00,2011-04-11 10:04:00,242,1,2,5,512,One-Time Buyers,242,True
16553.0,12,5719.82,2010-12-14 13:58:00,2011-06-29 15:42:00,162,4,5,4,445,Champions,162,True
16554.0,3,837.1,2011-01-12 12:41:00,2011-10-28 14:51:00,41,2,3,3,323,Regular,41,False
16555.0,2,285.89,2011-08-22 12:32:00,2011-11-04 14:31:00,34,1,2,3,312,One-Time Buyers,34,False
16556.0,7,3313.79,2010-12-14 13:32:00,2011-10-04 11:36:00,66,4,5,3,345,Loyal Customers,66,False
16557.0,2,281.85,2011-07-25 13:28:00,2011-11-15 14:04:00,23,1,2,2,212,At Risk,23,False
16558.0,20,8338.49,2010-12-08 12:01:00,2011-12-09 10:20:00,0,4,5,1,145,Loyal Customers,0,False
16560.0,2,841.41,2010-12-16 14:36:00,2011-11-13 10:35:00,26,1,3,2,213,At Risk,26,False
16561.0,2,511.12,2011-10-11 09:53:00,2011-12-04 11:50:00,5,1,3,1,113,At Risk,5,False
16563.0,1,1077.74,2011-10-17 11:51:00,2011-10-17 11:51:00,53,1,4,3,314,One-Time Buyers,53,False
16565.0,1,173.7,2010-12-10 15:21:00,2010-12-10 15:21:00,363,1,1,5,511,One-Time Buyers,363,True
16566.0,5,614.66,2011-02-20 10:29:00,2011-11-24 16:34:00,14,3,3,2,233,At Risk,14,False
16567.0,2,865.6,2011-01-07 09:31:00,2011-05-29 13:57:00,193,1,3,5,513,One-Time Buyers,193,True
16569.0,1,124.2,2011-12-06 15:32:00,2011-12-06 15:32:00,2,1,1,1,111,At Risk,2,False
16570.0,10,3738.4,2011-02-01 10:37:00,2011-11-24 17:02:00,14,4,5,2,245,Loyal Customers,14,False
16571.0,3,1421.69,2011-03-03 09:41:00,2011-11-13 11:46:00,26,2,4,2,224,At Risk,26,False
16572.0,3,1009.6,2011-03-09 12:04:00,2011-08-04 16:34:00,126,2,4,4,424,Regular,126,True
16573.0,2,663.61,2011-02-22 15:14:00,2011-09-16 09:13:00,84,1,3,4,413,One-Time Buyers,84,False
16574.0,1,451.44,2011-09-29 13:39:00,2011-09-29 13:39:00,70,1,2,3,312,One-Time Buyers,70,False
16581.0,1,105.84,2011-06-10 10:05:00,2011-06-10 10:05:00,182,1,1,5,511,One-Time Buyers,182,True
16582.0,1,313.62,2011-08-18 17:02:00,2011-08-18 17:02:00,112,1,2,4,412,One-Time Buyers,112,True
16583.0,1,233.45,2010-12-01 12:03:00,2010-12-01 12:03:00,373,1,1,5,511,One-Time Buyers,373,True
16584.0,2,936.08,2011-03-30 13:14:00,2011-09-20 13:45:00,79,1,3,4,413,One-Time Buyers,79,False
16586.0,1,463.95,2011-04-05 09:32:00,2011-04-05 09:32:00,248,1,2,5,512,One-Time Buyers,248,True
16587.0,1,225.15,2011-04-21 15:51:00,2011-04-21 15:51:00,231,1,1,5,511,One-Time Buyers,231,True
16589.0,3,459.24,2011-07-01 13:31:00,2011-09-29 14:50:00,70,2,2,3,322,Regular,70,False
16591.0,1,213.5,2011-10-02 10:43:00,2011-10-02 10:43:00,68,1,1,3,311,One-Time Buyers,68,False
16592.0,16,4113.68,2011-02-25 10:19:00,2011-12-05 13:49:00,3,4,5,1,145,Loyal Customers,3,False
16593.0,3,330.03,2011-01-16 12:11:00,2011-10-20 12:41:00,50,2,2,3,322,Regular,50,False
16594.0,1,181.09,2011-09-25 14:08:00,2011-09-25 14:08:00,74,1,1,4,411,One-Time Buyers,74,False
16595.0,1,360.16,2011-10-09 13:15:00,2011-10-09 13:15:00,60,1,2,3,312,One-Time Buyers,60,False
16596.0,2,250.15,2010-12-08 16:18:00,2011-11-24 10:02:00,15,1,2,2,212,At Risk,15,False
16597.0,1,90.04,2011-12-05 15:44:00,2011-12-05 15:44:00,3,1,1,1,111,At Risk,3,False
16598.0,1,145.04999999999998,2011-02-27 11:42:00,2011-02-27 11:42:00,285,1,1,5,511,One-Time Buyers,285,True
16600.0,6,813.52,2011-01-05 12:13:00,2011-12-05 16:00:00,3,3,3,1,133,At Risk,3,False
16601.0,1,244.79999999999998,2011-10-30 11:09:00,2011-10-30 11:09:00,40,1,1,3,311,One-Time Buyers,40,False
16602.0,1,528.08,2011-11-03 15:54:00,2011-11-03 15:54:00,35,1,3,3,313,One-Time Buyers,35,False
16603.0,2,482.47,2011-09-09 13:02:00,2011-09-26 10:06:00,74,1,2,4,412,One-Time Buyers,74,False
16607.0,14,3347.71,2010-12-16 08:41:00,2011-11-22 10:24:00,17,4,5,2,245,Loyal Customers,17,False
16609.0,7,5493.46,2011-04-01 10:11:00,2011-11-24 13:32:00,14,4,5,2,245,Loyal Customers,14,False
16610.0,1,75.66,2011-05-04 13:13:00,2011-05-04 13:13:00,218,1,1,5,511,One-Time Buyers,218,True
16611.0,1,129.49,2011-06-06 15:46:00,2011-06-06 15:46:00,185,1,1,5,511,One-Time Buyers,185,True
16612.0,4,1187.66,2011-02-01 10:38:00,2011-11-07 07:38:00,32,3,4,2,234,At Risk,32,False
16613.0,1,618.59,2011-09-30 15:52:00,2011-09-30 15:52:00,69,1,3,3,313,One-Time Buyers,69,False
16614.0,1,506.19,2011-06-10 11:36:00,2011-06-10 11:36:00,182,1,3,5,513,One-Time Buyers,182,True
16616.0,2,500.42,2011-07-05 13:38:00,2011-11-24 16:31:00,14,1,3,2,213,At Risk,14,False
16617.0,1,151.85,2011-04-18 10:35:00,2011-04-18 10:35:00,235,1,1,5,511,One-Time Buyers,235,True
16618.0,5,2647.59,2011-01-21 11:55:00,2011-11-08 13:52:00,30,3,5,2,235,At Risk,30,False
16619.0,1,226.21,2011-03-21 08:18:00,2011-03-21 08:18:00,263,1,1,5,511,One-Time Buyers,263,True
16620.0,2,178.96,2011-03-24 10:37:00,2011-12-06 12:19:00,3,1,1,1,111,At Risk,3,False
16621.0,4,813.48,2011-03-07 11:32:00,2011-10-19 11:38:00,51,3,3,3,333,Regular,51,False
16623.0,1,129.45,2011-04-08 10:09:00,2011-04-08 10:09:00,245,1,1,5,511,One-Time Buyers,245,True
16624.0,2,810.5699999999999,2011-05-26 14:20:00,2011-09-20 12:39:00,80,1,3,4,413,One-Time Buyers,80,False
16625.0,1,333.08,2011-03-10 12:50:00,2011-03-10 12:50:00,274,1,2,5,512,One-Time Buyers,274,True
16626.0,17,4413.1,2011-03-18 12:27:00,2011-12-09 11:56:00,0,4,5,1,145,Loyal Customers,0,False
16627.0,1,322.8,2011-09-21 14:38:00,2011-09-21 14:38:00,78,1,2,4,412,One-Time Buyers,78,False
16628.0,5,2188.05,2011-04-19 08:55:00,2011-11-10 12:45:00,29,3,5,2,235,At Risk,29,False
16629.0,2,417.73,2011-09-04 16:12:00,2011-09-27 10:34:00,73,1,2,4,412,One-Time Buyers,73,False
16633.0,6,2883.1,2011-04-19 14:36:00,2011-11-22 13:41:00,16,3,5,2,235,At Risk,16,False
16634.0,2,217.9,2010-12-02 17:41:00,2011-05-01 12:09:00,222,1,1,5,511,One-Time Buyers,222,True
16637.0,4,1154.47,2011-04-28 10:20:00,2011-11-07 13:17:00,31,3,4,2,234,At Risk,31,False
16638.0,10,1680.72,2010-12-06 10:19:00,2011-11-17 11:09:00,22,4,4,2,244,Loyal Customers,22,False
16639.0,3,1257.51,2011-04-18 09:31:00,2011-11-08 13:20:00,30,2,4,2,224,At Risk,30,False
16641.0,1,231.10000000000002,2011-08-26 12:49:00,2011-08-26 12:49:00,105,1,1,4,411,One-Time Buyers,105,True
16642.0,2,688.33,2011-05-16 12:35:00,2011-12-05 11:31:00,4,1,3,1,113,At Risk,4,False
16643.0,1,487.51,2011-04-08 08:24:00,2011-04-08 08:24:00,245,1,2,5,512,One-Time Buyers,245,True
16644.0,2,833.78,2011-05-11 12:53:00,2011-06-15 12:39:00,177,1,3,4,413,One-Time Buyers,177,True
16647.0,2,214.06,2011-05-19 09:31:00,2011-06-23 11:47:00,169,1,1,4,411,One-Time Buyers,169,True
16648.0,1,290.65999999999997,2011-10-28 08:58:00,2011-10-28 08:58:00,42,1,2,3,312,One-Time Buyers,42,False
16650.0,1,518.42,2011-09-29 09:51:00,2011-09-29 09:51:00,71,1,3,3,313,One-Time Buyers,71,False
16652.0,7,6773.97,2011-03-11 13:13:00,2011-10-12 09:38:00,58,4,5,3,345,Loyal Customers,58,False
16653.0,2,1212.66,2011-09-29 13:38:00,2011-11-23 14:51:00,15,1,4,2,214,At Risk,15,False
16654.0,4,601.27,2010-12-06 15:09:00,2011-07-21 15:23:00,140,3,3,4,433,Regular,140,True
16655.0,6,3794.52,2011-01-12 10:16:00,2011-11-22 11:25:00,17,3,5,2,235,At Risk,17,False
16656.0,15,8625.8,2010-12-10 11:23:00,2011-11-17 14:43:00,21,4,5,2,245,Loyal Customers,21,False
16657.0,4,933.62,2011-03-30 12:02:00,2011-11-30 11:48:00,9,3,3,1,133,At Risk,9,False
16658.0,1,123.24,2010-12-06 13:47:00,2010-12-06 13:47:00,367,1,1,5,511,One-Time Buyers,367,True
16659.0,1,39.12,2011-06-03 15:03:00,2011-06-03 15:03:00,188,1,1,5,511,One-Time Buyers,188,True
16660.0,4,1267.6499999999999,2011-01-24 12:44:00,2011-11-23 14:53:00,15,3,4,2,234,At Risk,15,False
16665.0,1,135.39999999999998,2010-12-12 14:03:00,2010-12-12 14:03:00,361,1,1,5,511,One-Time Buyers,361,True
16666.0,1,118.98,2011-11-20 14:01:00,2011-11-20 14:01:00,18,1,1,2,211,At Risk,18,False
16667.0,2,570.13,2011-02-28 12:57:00,2011-10-02 15:26:00,67,1,3,3,313,One-Time Buyers,67,False
16668.0,6,306.71999999999997,2011-02-28 12:46:00,2011-11-24 17:43:00,14,3,2,2,232,At Risk,14,False
16669.0,3,1374.8700000000001,2011-09-22 14:13:00,2011-11-16 12:26:00,23,2,4,2,224,At Risk,23,False
16670.0,11,4095.9,2010-12-16 10:30:00,2011-11-23 09:34:00,16,4,5,2,245,Loyal Customers,16,False
16671.0,3,1692.27,2011-06-28 11:20:00,2011-11-11 13:40:00,27,2,4,2,224,At Risk,27,False
16672.0,20,8134.9400000000005,2011-03-18 10:15:00,2011-12-07 16:29:00,1,4,5,1,145,Loyal Customers,1,False
16674.0,2,319.61,2011-09-02 13:59:00,2011-10-16 11:31:00,54,1,2,3,312,One-Time Buyers,54,False
16676.0,4,1592.1200000000001,2011-01-06 13:00:00,2011-11-06 12:01:00,33,3,4,3,334,Regular,33,False
16678.0,12,3109.99,2011-03-02 09:24:00,2011-12-07 12:17:00,2,4,5,1,145,Loyal Customers,2,False
16679.0,1,129.75,2010-12-08 13:51:00,2010-12-08 13:51:00,365,1,1,5,511,One-Time Buyers,365,True
16680.0,1,183.7,2011-10-27 17:35:00,2011-10-27 17:35:00,42,1,1,3,311,One-Time Buyers,42,False
16681.0,6,1770.34,2011-03-31 13:46:00,2011-09-28 11:11:00,72,3,4,4,434,Regular,72,False
16682.0,5,1028.0,2011-06-05 11:02:00,2011-12-05 12:13:00,4,3,4,1,134,At Risk,4,False
16684.0,28,66653.56,2010-12-16 17:34:00,2011-12-05 14:06:00,3,4,5,1,145,Loyal Customers,3,False
16685.0,2,324.24,2011-10-09 13:44:00,2011-10-09 13:58:00,60,1,2,3,312,One-Time Buyers,60,False
16686.0,7,3062.83,2010-12-19 14:41:00,2011-10-23 13:49:00,46,4,5,3,345,Loyal Customers,46,False
16688.0,4,1260.86,2011-10-10 12:23:00,2011-12-08 15:24:00,0,3,4,1,134,At Risk,0,False
16689.0,2,422.59999999999997,2011-09-18 13:29:00,2011-09-25 11:39:00,75,1,2,4,412,One-Time Buyers,75,False
16690.0,2,225.57999999999998,2011-05-22 10:53:00,2011-09-28 15:02:00,71,1,1,3,311,One-Time Buyers,71,False
16692.0,2,1276.0,2011-02-23 15:41:00,2011-03-28 14:46:00,255,1,4,5,514,One-Time Buyers,255,True
16693.0,2,482.01,2011-03-13 11:06:00,2011-10-02 11:10:00,68,1,2,3,312,One-Time Buyers,68,False
16696.0,4,657.9000000000001,2011-04-05 15:20:00,2011-07-27 14:23:00,134,3,3,4,433,Regular,134,True
16697.0,1,112.75,2011-04-12 17:12:00,2011-04-12 17:12:00,240,1,1,5,511,One-Time Buyers,240,True
16698.0,2,1998.0,2011-03-31 13:33:00,2011-04-27 10:52:00,226,1,4,5,514,One-Time Buyers,226,True
16700.0,13,5076.55,2010-12-08 16:34:00,2011-12-01 11:00:00,8,4,5,1,145,Loyal Customers,8,False
16701.0,13,5398.3,2010-12-13 11:51:00,2011-12-01 11:10:00,8,4,5,1,145,Loyal Customers,8,False
16705.0,20,14034.99,2010-12-16 10:51:00,2011-12-09 12:08:00,0,4,5,1,145,Loyal Customers,0,False
16706.0,3,531.35,2011-08-17 15:53:00,2011-11-02 13:50:00,36,2,3,3,323,Regular,36,False
16708.0,1,656.63,2011-10-25 12:20:00,2011-10-25 12:20:00,45,1,3,3,313,One-Time Buyers,45,False
16709.0,5,3029.87,2011-03-03 10:55:00,2011-09-16 10:56:00,84,3,5,4,435,Regular,84,False
16710.0,10,2483.04,2010-12-06 13:13:00,2011-11-20 14:50:00,18,4,5,2,245,Loyal Customers,18,False
16711.0,5,1651.03,2010-12-17 12:43:00,2011-12-06 16:32:00,2,3,4,1,134,At Risk,2,False
16712.0,11,3645.43,2011-03-08 15:07:00,2011-11-30 13:48:00,8,4,5,1,145,Loyal Customers,8,False
16713.0,15,6923.13,2010-12-08 13:01:00,2011-11-21 12:36:00,18,4,5,2,245,Loyal Customers,18,False
16714.0,3,1161.53,2011-01-26 13:40:00,2011-05-05 11:09:00,218,2,4,5,524,Regular,218,True
16715.0,1,301.71999999999997,2011-09-22 18:15:00,2011-09-22 18:15:00,77,1,2,4,412,One-Time Buyers,77,False
16716.0,2,901.2,2011-02-01 15:35:00,2011-03-18 10:03:00,266,1,3,5,513,One-Time Buyers,266,True
16717.0,6,3858.38,2010-12-08 16:48:00,2011-11-16 12:16:00,23,3,5,2,235,At Risk,23,False
16718.0,1,623.75,2010-12-05 13:03:00,2010-12-05 13:03:00,368,1,3,5,513,One-Time Buyers,368,True
16719.0,7,1790.42,2010-12-06 12:06:00,2011-11-25 09:27:00,14,4,4,2,244,Loyal Customers,14,False
16720.0,1,155.24,2011-11-13 16:22:00,2011-11-13 16:22:00,25,1,1,2,211,At Risk,25,False
16721.0,1,292.47,2011-03-22 16:08:00,2011-03-22 16:08:00,261,1,2,5,512,One-Time Buyers,261,True
16722.0,13,4730.81,2010-12-06 12:59:00,2011-11-22 13:28:00,16,4,5,2,245,Loyal Customers,16,False
16723.0,2,589.15,2011-08-24 11:31:00,2011-09-09 13:01:00,90,1,3,4,413,One-Time Buyers,90,False
16725.0,7,781.02,2010-12-03 16:02:00,2011-02-10 16:52:00,301,4,3,5,543,Champions,301,True
16726.0,5,1382.02,2010-12-13 13:28:00,2011-11-13 14:53:00,25,3,4,2,234,At Risk,25,False
16727.0,1,272.82,2010-12-10 13:48:00,2010-12-10 13:48:00,363,1,2,5,512,One-Time Buyers,363,True
16728.0,4,1054.67,2011-03-20 13:28:00,2011-10-24 14:36:00,45,3,4,3,334,Regular,45,False
16729.0,21,7239.92,2011-04-12 14:22:00,2011-11-01 14:29:00,37,4,5,3,345,Loyal Customers,37,False
16730.0,3,743.11,2011-01-24 14:01:00,2011-10-18 14:11:00,51,2,3,3,323,Regular,51,False
16732.0,1,603.75,2011-11-08 09:54:00,2011-11-08 09:54:00,31,1,3,2,213,At Risk,31,False
16734.0,3,650.51,2011-08-17 15:00:00,2011-10-18 13:44:00,51,2,3,3,323,Regular,51,False
16735.0,5,2300.56,2011-01-09 12:53:00,2011-09-22 11:49:00,78,3,5,4,435,Regular,78,False
16737.0,1,417.59999999999997,2011-10-17 13:03:00,2011-10-17 13:03:00,52,1,2,3,312,One-Time Buyers,52,False
16738.0,1,3.75,2011-02-15 09:46:00,2011-02-15 09:46:00,297,1,1,5,511,One-Time Buyers,297,True
16739.0,1,323.0,2011-06-16 09:17:00,2011-06-16 09:17:00,176,1,2,4,412,One-Time Buyers,176,True
16742.0,1,464.9,2011-10-24 12:02:00,2011-10-24 12:02:00,46,1,2,3,312,One-Time Buyers,46,False
16743.0,7,2238.09,2010-12-16 12:15:00,2011-11-10 13:13:00,28,4,5,2,245,Loyal Customers,28,False
16744.0,7,1304.76,2011-06-19 15:13:00,2011-11-28 13:06:00,10,4,4,1,144,Loyal Customers,10,False
16745.0,17,7194.3,2011-02-01 11:31:00,2011-09-14 11:58:00,86,4,5,4,445,Champions,86,False
16746.0,18,6697.66,2010-12-16 11:43:00,2011-12-05 12:33:00,4,4,5,1,145,Loyal Customers,4,False
16747.0,2,836.06,2011-10-03 10:18:00,2011-11-02 11:37:00,37,1,3,3,313,One-Time Buyers,37,False
16748.0,5,1515.9,2011-01-09 13:50:00,2011-11-22 10:17:00,17,3,4,2,234,At Risk,17,False
16750.0,5,623.93,2011-04-21 16:53:00,2011-10-26 12:48:00,44,3,3,3,333,Regular,44,False
16751.0,1,1764.72,2011-11-09 10:48:00,2011-11-09 10:48:00,30,1,4,2,214,At Risk,30,False
16752.0,1,207.5,2010-12-02 12:18:00,2010-12-02 12:18:00,372,1,1,5,511,One-Time Buyers,372,True
16753.0,1,223.92000000000002,2011-10-12 13:14:00,2011-10-12 13:14:00,57,1,1,3,311,One-Time Buyers,57,False
16754.0,1,2002.4,2010-12-02 17:38:00,2010-12-02 17:38:00,371,1,4,5,514,One-Time Buyers,371,True
16755.0,3,1496.83,2011-01-28 10:47:00,2011-08-17 13:21:00,113,2,4,4,424,Regular,113,True
16756.0,1,239.4,2011-05-09 09:33:00,2011-05-09 09:33:00,214,1,1,5,511,One-Time Buyers,214,True
16757.0,1,106.83000000000001,2011-01-25 11:59:00,2011-01-25 11:59:00,318,1,1,5,511,One-Time Buyers,318,True
16758.0,1,369.34000000000003,2011-10-05 14:47:00,2011-10-05 14:47:00,64,1,2,3,312,One-Time Buyers,64,False
16759.0,3,789.79,2011-11-09 09:06:00,2011-12-02 12:42:00,7,2,3,1,123,At Risk,7,False
16761.0,1,316.62,2011-09-04 11:15:00,2011-09-04 11:15:00,96,1,2,4,412,One-Time Buyers,96,True
16762.0,3,1501.38,2011-07-18 12:52:00,2011-11-20 11:43:00,19,2,4,2,224,At Risk,19,False
16763.0,1,611.85,2011-05-25 11:52:00,2011-05-25 11:52:00,198,1,3,5,513,One-Time Buyers,198,True
16764.0,13,2799.25,2011-07-19 17:17:00,2011-12-06 11:41:00,3,4,5,1,145,Loyal Customers,3,False
16765.0,1,34.0,2011-02-18 15:41:00,2011-02-18 15:41:00,293,1,1,5,511,One-Time Buyers,293,True
16766.0,2,1145.6,2011-03-11 13:34:00,2011-03-11 15:22:00,272,1,4,5,514,One-Time Buyers,272,True
16767.0,11,5580.6,2011-01-27 13:38:00,2011-11-09 09:42:00,30,4,5,2,245,Loyal Customers,30,False
16768.0,3,478.09000000000003,2011-03-13 10:25:00,2011-10-23 10:38:00,47,2,2,3,322,Regular,47,False
16769.0,1,380.39,2011-03-24 13:41:00,2011-03-24 13:41:00,259,1,2,5,512,One-Time Buyers,259,True
16770.0,5,770.1,2010-12-02 15:49:00,2011-10-13 12:21:00,57,3,3,3,333,Regular,57,False
16771.0,5,2246.81,2011-01-05 13:57:00,2011-11-06 13:28:00,32,3,5,2,235,At Risk,32,False
16773.0,1,171.59,2011-10-13 14:37:00,2011-10-13 14:37:00,56,1,1,3,311,One-Time Buyers,56,False
16774.0,4,661.52,2011-06-14 12:45:00,2011-10-03 12:41:00,67,3,3,3,333,Regular,67,False
16775.0,11,1695.66,2010-12-07 15:15:00,2011-11-29 15:22:00,9,4,4,1,144,Loyal Customers,9,False
16776.0,1,388.28,2011-10-10 13:04:00,2011-10-10 13:04:00,59,1,2,3,312,One-Time Buyers,59,False
16777.0,2,226.35,2011-03-27 14:34:00,2011-09-20 13:41:00,79,1,1,4,411,One-Time Buyers,79,False
16778.0,2,245.94,2011-03-10 15:21:00,2011-09-26 13:48:00,73,1,1,4,411,One-Time Buyers,73,False
16779.0,22,10629.720000000001,2010-12-08 09:56:00,2011-12-07 14:54:00,1,4,5,1,145,Loyal Customers,1,False
16780.0,2,425.19,2011-03-25 17:34:00,2011-08-31 16:09:00,99,1,2,4,412,One-Time Buyers,99,True
16781.0,1,311.25,2010-12-02 14:26:00,2010-12-02 14:26:00,371,1,2,5,512,One-Time Buyers,371,True
16782.0,13,2279.9,2010-12-09 11:28:00,2011-11-29 13:20:00,9,4,5,1,145,Loyal Customers,9,False
16784.0,1,107.6,2011-11-20 12:20:00,2011-11-20 12:20:00,19,1,1,2,211,At Risk,19,False
16788.0,2,597.48,2011-03-30 13:05:00,2011-08-08 14:53:00,122,1,3,4,413,One-Time Buyers,122,True
16789.0,1,80.8,2011-12-01 15:12:00,2011-12-01 15:12:00,7,1,1,1,111,At Risk,7,False
16790.0,6,1545.6200000000001,2011-11-02 11:23:00,2011-12-06 11:53:00,3,3,4,1,134,At Risk,3,False
16791.0,7,1721.78,2011-01-11 15:42:00,2011-11-10 19:12:00,28,4,4,2,244,Loyal Customers,28,False
16792.0,2,110.38000000000001,2011-03-02 14:39:00,2011-03-02 14:41:00,281,1,1,5,511,One-Time Buyers,281,True
16793.0,1,243.84,2011-10-13 15:08:00,2011-10-13 15:08:00,56,1,1,3,311,One-Time Buyers,56,False
16794.0,10,1222.71,2011-06-12 14:15:00,2011-12-08 17:54:00,0,4,4,1,144,Loyal Customers,0,False
16795.0,1,414.88,2010-12-09 14:08:00,2010-12-09 14:08:00,364,1,2,5,512,One-Time Buyers,364,True
16796.0,1,305.62,2011-09-11 14:01:00,2011-09-11 14:01:00,88,1,2,4,412,One-Time Buyers,88,False
16800.0,1,1201.49,2011-11-28 14:06:00,2011-11-28 14:06:00,10,1,4,1,114,At Risk,10,False
16801.0,4,1619.73,2011-03-11 13:56:00,2011-06-29 15:33:00,162,3,4,4,434,Regular,162,True
16803.0,1,332.3,2011-10-05 14:28:00,2011-10-05 14:28:00,64,1,2,3,312,One-Time Buyers,64,False
16804.0,3,536.99,2011-03-14 15:48:00,2011-11-16 16:43:00,22,2,3,2,223,At Risk,22,False
16805.0,2,460.59,2010-12-14 13:35:00,2011-06-19 11:23:00,173,1,2,4,412,One-Time Buyers,173,True
16806.0,4,801.49,2011-04-14 19:59:00,2011-08-28 15:27:00,102,3,3,4,433,Regular,102,True
16807.0,3,1121.59,2011-03-14 09:46:00,2011-07-20 12:00:00,142,2,4,4,424,Regular,142,True
16808.0,2,288.42,2011-03-10 19:05:00,2011-09-01 19:34:00,98,1,2,4,412,One-Time Buyers,98,True
16809.0,5,914.69,2011-03-22 15:20:00,2011-11-16 15:45:00,22,3,3,2,233,At Risk,22,False
16810.0,1,309.54,2011-05-31 15:32:00,2011-05-31 15:32:00,191,1,2,5,512,One-Time Buyers,191,True
16811.0,2,547.07,2011-11-22 17:19:00,2011-12-05 11:39:00,4,1,3,1,113,At Risk,4,False
16812.0,1,479.35,2010-12-14 12:35:00,2010-12-14 12:35:00,360,1,2,5,512,One-Time Buyers,360,True
16813.0,10,1692.98,2011-05-19 13:28:00,2011-12-01 14:03:00,7,4,4,1,144,Loyal Customers,7,False
16814.0,21,6509.1,2010-12-05 11:45:00,2011-11-25 13:27:00,13,4,5,2,245,Loyal Customers,13,False
16816.0,4,417.06,2010-12-16 17:01:00,2011-08-28 14:16:00,102,3,2,4,432,Regular,102,True
16817.0,9,1604.75,2010-12-06 14:19:00,2011-12-07 11:03:00,2,4,4,1,144,Loyal Customers,2,False
16818.0,11,3349.57,2011-05-18 11:42:00,2011-11-29 10:41:00,10,4,5,1,145,Loyal Customers,10,False
16820.0,1,497.61,2011-09-05 12:06:00,2011-09-05 12:06:00,95,1,3,4,413,One-Time Buyers,95,True
16823.0,1,358.38,2011-04-26 15:00:00,2011-04-26 15:00:00,226,1,2,5,512,One-Time Buyers,226,True
16824.0,2,460.64,2011-06-28 13:36:00,2011-11-24 12:38:00,15,1,2,2,212,At Risk,15,False
16825.0,2,775.1800000000001,2011-06-07 09:44:00,2011-11-01 11:51:00,38,1,3,3,313,One-Time Buyers,38,False
16826.0,1,341.7,2011-10-19 14:05:00,2011-10-19 14:05:00,50,1,2,3,312,One-Time Buyers,50,False
16828.0,2,128.5,2011-08-19 13:24:00,2011-09-07 15:10:00,92,1,1,4,411,One-Time Buyers,92,True
16829.0,1,197.22,2011-07-06 10:48:00,2011-07-06 10:48:00,156,1,1,4,411,One-Time Buyers,156,True
16830.0,1,325.91,2011-11-01 11:35:00,2011-11-01 11:35:00,38,1,2,3,312,One-Time Buyers,38,False
16832.0,3,199.15,2011-05-06 14:12:00,2011-06-08 15:36:00,183,2,1,5,521,Regular,183,True
16833.0,4,1106.53,2011-01-09 13:02:00,2011-12-08 14:39:00,0,3,4,1,134,At Risk,0,False
16834.0,1,413.46,2011-04-26 09:37:00,2011-04-26 09:37:00,227,1,2,5,512,One-Time Buyers,227,True
16835.0,2,180.85,2010-12-01 17:15:00,2011-08-03 13:50:00,127,1,1,4,411,One-Time Buyers,127,True
16836.0,2,251.87,2011-08-15 12:38:00,2011-10-31 10:05:00,39,1,2,3,312,One-Time Buyers,39,False
16837.0,11,3170.98,2011-04-08 08:48:00,2011-11-08 14:27:00,30,4,5,2,245,Loyal Customers,30,False
16838.0,2,588.85,2011-02-24 15:01:00,2011-05-26 13:13:00,196,1,3,5,513,One-Time Buyers,196,True
16839.0,34,16594.35,2010-12-05 11:15:00,2011-12-01 09:03:00,8,4,5,1,145,Loyal Customers,8,False
16841.0,6,1869.82,2011-02-25 12:40:00,2011-11-03 11:51:00,36,3,4,3,334,Regular,36,False
16842.0,3,1264.19,2011-02-10 14:51:00,2011-08-31 10:42:00,100,2,4,4,424,Regular,100,True
16843.0,16,10196.57,2011-01-16 16:10:00,2011-10-28 09:06:00,42,4,5,3,345,Loyal Customers,42,False
16846.0,1,214.32,2011-10-20 13:55:00,2011-10-20 13:55:00,49,1,1,3,311,One-Time Buyers,49,False
16847.0,1,193.44,2011-10-27 13:29:00,2011-10-27 13:29:00,42,1,1,3,311,One-Time Buyers,42,False
16848.0,1,281.42,2011-10-18 08:42:00,2011-10-18 08:42:00,52,1,2,3,312,One-Time Buyers,52,False
16849.0,1,124.57,2011-06-06 09:16:00,2011-06-06 09:16:00,186,1,1,5,511,One-Time Buyers,186,True
16850.0,1,332.41,2011-01-10 11:09:00,2011-01-10 11:09:00,333,1,2,5,512,One-Time Buyers,333,True
16851.0,3,342.45,2011-10-19 09:48:00,2011-12-05 13:32:00,3,2,2,1,122,At Risk,3,False
16852.0,2,144.91000000000003,2011-06-16 15:49:00,2011-11-29 13:22:00,9,1,1,1,111,At Risk,9,False
16855.0,2,328.4,2011-10-27 16:31:00,2011-11-16 12:03:00,23,1,2,2,212,At Risk,23,False
16856.0,1,35.400000000000006,2011-11-25 08:59:00,2011-11-25 08:59:00,14,1,1,2,211,At Risk,14,False
16858.0,1,375.69000000000005,2010-12-06 09:52:00,2010-12-06 09:52:00,368,1,2,5,512,One-Time Buyers,368,True
16859.0,2,747.81,2011-03-23 13:39:00,2011-07-18 12:19:00,144,1,3,4,413,One-Time Buyers,144,True
16861.0,2,173.76,2011-07-04 15:38:00,2011-10-11 09:05:00,59,1,1,3,311,One-Time Buyers,59,False
16863.0,2,502.8,2010-12-08 08:58:00,2011-11-08 15:26:00,30,1,3,2,213,At Risk,30,False
16866.0,3,207.73999999999998,2011-07-01 12:34:00,2011-07-22 10:06:00,140,2,1,4,421,Regular,140,True
16869.0,4,825.42,2011-06-17 13:01:00,2011-11-17 12:02:00,22,3,3,2,233,At Risk,22,False
16871.0,6,2812.34,2011-03-14 10:31:00,2011-11-17 19:27:00,21,3,5,2,235,At Risk,21,False
16872.0,3,680.02,2011-06-08 14:32:00,2011-09-23 16:05:00,76,2,3,4,423,Regular,76,False
16873.0,6,7123.62,2010-12-10 15:45:00,2011-12-05 12:05:00,4,3,5,1,135,At Risk,4,False
16875.0,5,2095.53,2011-01-04 10:37:00,2011-10-03 13:39:00,66,3,5,3,335,Regular,66,False
16877.0,6,853.72,2011-05-15 16:13:00,2011-11-27 13:47:00,11,3,3,1,133,At Risk,11,False
16878.0,1,13.3,2011-09-16 17:39:00,2011-09-16 17:39:00,83,1,1,4,411,One-Time Buyers,83,False
16880.0,7,1519.08,2011-06-03 16:45:00,2011-11-09 11:33:00,30,4,4,2,244,Loyal Customers,30,False
16881.0,1,432.0,2011-10-04 10:33:00,2011-10-04 10:33:00,66,1,2,3,312,One-Time Buyers,66,False
16882.0,3,705.12,2011-01-26 17:43:00,2011-10-04 10:42:00,66,2,3,3,323,Regular,66,False
16883.0,2,276.73,2010-12-03 10:33:00,2011-06-05 12:51:00,186,1,2,5,512,One-Time Buyers,186,True
16884.0,2,429.84000000000003,2011-11-02 10:16:00,2011-11-02 11:52:00,37,1,2,3,312,One-Time Buyers,37,False
16885.0,3,471.51,2010-12-17 17:23:00,2011-11-24 13:40:00,14,2,2,2,222,At Risk,14,False
16887.0,1,194.88,2011-11-04 14:07:00,2011-11-04 14:07:00,34,1,1,3,311,One-Time Buyers,34,False
16889.0,3,1578.67,2011-01-07 10:47:00,2011-05-29 11:05:00,194,2,4,5,524,Regular,194,True
16891.0,5,809.7,2010-12-03 11:35:00,2011-12-08 11:15:00,1,3,3,1,133,At Risk,1,False
16892.0,5,525.54,2011-06-09 11:35:00,2011-12-08 13:18:00,0,3,3,1,133,At Risk,0,False
16893.0,1,145.93,2010-12-08 12:06:00,2010-12-08 12:06:00,366,1,1,5,511,One-Time Buyers,366,True
16895.0,1,219.14,2011-10-06 12:15:00,2011-10-06 12:15:00,64,1,1,3,311,One-Time Buyers,64,False
16897.0,2,289.78,2011-01-30 11:52:00,2011-02-13 15:02:00,298,1,2,5,512,One-Time Buyers,298,True
16898.0,3,508.81,2010-12-06 12:23:00,2011-11-13 15:44:00,25,2,3,2,223,At Risk,25,False
16899.0,6,1281.56,2010-12-14 13:11:00,2011-12-02 12:03:00,7,3,4,1,134,At Risk,7,False
16900.0,3,887.11,2011-10-07 13:17:00,2011-11-23 10:32:00,16,2,3,2,223,At Risk,16,False
16902.0,1,1706.88,2011-08-15 14:17:00,2011-08-15 14:17:00,115,1,4,4,414,One-Time Buyers,115,True
16903.0,1,373.24,2011-11-10 15:32:00,2011-11-10 15:32:00,28,1,2,2,212,At Risk,28,False
16904.0,16,3754.27,2010-12-07 13:29:00,2011-12-05 13:10:00,3,4,5,1,145,Loyal Customers,3,False
16905.0,7,3102.43,2010-12-03 10:43:00,2011-12-04 14:01:00,4,4,5,1,145,Loyal Customers,4,False
16906.0,4,579.77,2011-04-05 12:30:00,2011-09-19 11:49:00,81,3,3,4,433,Regular,81,False
16907.0,5,981.65,2010-12-09 16:52:00,2011-11-10 18:04:00,28,3,4,2,234,At Risk,28,False
16909.0,1,379.14,2011-09-28 16:45:00,2011-09-28 16:45:00,71,1,2,3,312,One-Time Buyers,71,False
16910.0,8,1510.06,2011-09-09 14:14:00,2011-12-05 12:51:00,3,4,4,1,144,Loyal Customers,3,False
16912.0,11,2575.38,2011-01-20 15:42:00,2011-11-11 12:18:00,28,4,5,2,245,Loyal Customers,28,False
16913.0,1,113.44,2011-02-22 12:56:00,2011-02-22 12:56:00,289,1,1,5,511,One-Time Buyers,289,True
16914.0,1,208.46,2011-11-03 15:27:00,2011-11-03 15:27:00,35,1,1,3,311,One-Time Buyers,35,False
16915.0,6,621.6800000000001,2011-03-01 09:52:00,2011-11-30 16:39:00,8,3,3,1,133,At Risk,8,False
16916.0,2,576.26,2010-12-02 13:14:00,2011-11-16 12:08:00,23,1,3,2,213,At Risk,23,False
16917.0,1,391.52,2011-03-08 11:55:00,2011-03-08 11:55:00,276,1,2,5,512,One-Time Buyers,276,True
16918.0,6,1068.82,2011-01-26 17:37:00,2011-10-21 12:50:00,49,3,4,3,334,Regular,49,False
16919.0,11,2596.45,2010-12-06 12:52:00,2011-07-06 13:35:00,155,4,5,4,445,Champions,155,True
16921.0,1,169.79,2011-10-09 16:22:00,2011-10-09 16:22:00,60,1,1,3,311,One-Time Buyers,60,False
16923.0,19,7247.61,2010-12-12 11:06:00,2011-11-27 13:00:00,11,4,5,1,145,Loyal Customers,11,False
16924.0,3,846.75,2011-09-16 12:54:00,2011-11-18 12:53:00,20,2,3,2,223,At Risk,20,False
16926.0,1,230.25,2010-12-03 13:42:00,2010-12-03 13:42:00,370,1,1,5,511,One-Time Buyers,370,True
16927.0,3,543.05,2010-12-13 11:57:00,2011-08-16 11:10:00,115,2,3,4,423,Regular,115,True
16928.0,17,2847.6,2010-12-01 15:21:00,2011-09-20 15:10:00,79,4,5,4,445,Champions,79,False
16929.0,7,1295.39,2011-07-07 12:39:00,2011-12-06 08:37:00,3,4,4,1,144,Loyal Customers,3,False
16930.0,3,380.55,2011-10-02 14:25:00,2011-11-13 16:13:00,25,2,2,2,222,At Risk,25,False
16931.0,21,4604.22,2010-12-05 11:40:00,2011-12-04 13:15:00,4,4,5,1,145,Loyal Customers,4,False
16932.0,1,161.94,2011-10-17 14:12:00,2011-10-17 14:12:00,52,1,1,3,311,One-Time Buyers,52,False
16933.0,2,563.23,2011-04-14 13:33:00,2011-12-08 12:54:00,0,1,3,1,113,At Risk,0,False
16934.0,2,950.9300000000001,2011-10-16 12:25:00,2011-10-16 12:40:00,54,1,4,3,314,One-Time Buyers,54,False
16936.0,1,262.68,2011-11-14 11:04:00,2011-11-14 11:04:00,25,1,2,2,212,At Risk,25,False
16938.0,4,2736.38,2011-02-04 09:34:00,2011-12-01 10:20:00,8,3,5,1,135,At Risk,8,False
16940.0,3,3049.88,2011-02-23 12:27:00,2011-10-18 13:15:00,51,2,5,3,325,Regular,51,False
16942.0,9,1920.59,2011-04-26 11:59:00,2011-11-27 12:40:00,12,4,4,1,144,Loyal Customers,12,False
16943.0,3,816.73,2011-01-25 14:00:00,2011-05-12 11:57:00,211,2,3,5,523,Regular,211,True
16945.0,19,4345.5,2010-12-16 17:49:00,2011-11-18 11:39:00,21,4,5,2,245,Loyal Customers,21,False
16947.0,1,406.48,2011-04-18 09:38:00,2011-04-18 09:38:00,235,1,2,5,512,One-Time Buyers,235,True
16948.0,3,435.02,2011-01-18 10:58:00,2011-07-24 12:46:00,138,2,2,4,422,Regular,138,True
16949.0,6,1286.27,2011-01-27 12:11:00,2011-12-06 11:07:00,3,3,4,1,134,At Risk,3,False
16950.0,3,1178.56,2010-12-07 15:20:00,2011-10-14 09:06:00,56,2,4,3,324,Regular,56,False
16951.0,3,1277.75,2011-02-08 14:58:00,2011-07-28 12:05:00,134,2,4,4,424,Regular,134,True
16952.0,2,167.61,2011-08-22 12:58:00,2011-08-22 13:03:00,108,1,1,4,411,One-Time Buyers,108,True
16953.0,1,20.8,2011-11-09 15:54:00,2011-11-09 15:54:00,29,1,1,2,211,At Risk,29,False
16954.0,9,2085.08,2010-12-15 10:41:00,2011-12-09 09:46:00,0,4,5,1,145,Loyal Customers,0,False
16955.0,4,518.67,2010-12-01 13:31:00,2011-06-08 10:36:00,184,3,3,5,533,Regular,184,True
16956.0,1,308.74,2011-11-22 08:56:00,2011-11-22 08:56:00,17,1,2,2,212,At Risk,17,False
16957.0,2,416.64,2011-03-03 09:25:00,2011-04-14 13:56:00,238,1,2,5,512,One-Time Buyers,238,True
16959.0,1,117.35000000000001,2011-09-13 15:03:00,2011-09-13 15:03:00,86,1,1,4,411,One-Time Buyers,86,False
16960.0,3,507.05,2011-04-01 11:54:00,2011-11-01 11:35:00,38,2,3,3,323,Regular,38,False
16961.0,1,234.17,2011-08-15 13:46:00,2011-08-15 13:46:00,115,1,1,4,411,One-Time Buyers,115,True
16963.0,1,110.55000000000001,2011-06-05 13:48:00,2011-06-05 13:48:00,186,1,1,5,511,One-Time Buyers,186,True
16965.0,1,201.19,2011-04-27 12:08:00,2011-04-27 12:08:00,226,1,1,5,511,One-Time Buyers,226,True
16966.0,7,2154.97,2011-04-13 14:17:00,2011-12-01 13:40:00,7,4,5,1,145,Loyal Customers,7,False
16967.0,1,319.02,2011-06-03 14:24:00,2011-06-03 14:24:00,188,1,2,5,512,One-Time Buyers,188,True
16968.0,2,439.43,2011-08-24 10:51:00,2011-12-05 15:02:00,3,1,2,1,112,At Risk,3,False
16969.0,3,650.41,2011-06-01 12:10:00,2011-10-31 13:12:00,38,2,3,3,323,Regular,38,False
16971.0,1,357.21,2011-11-01 15:06:00,2011-11-01 15:06:00,37,1,2,3,312,One-Time Buyers,37,False
16976.0,1,251.51999999999998,2011-03-17 16:33:00,2011-03-17 16:33:00,266,1,2,5,512,One-Time Buyers,266,True
16978.0,1,344.33,2011-09-23 12:50:00,2011-09-23 12:50:00,77,1,2,4,412,One-Time Buyers,77,False
16979.0,6,1852.0,2011-02-15 09:20:00,2011-12-06 12:21:00,3,3,4,1,134,At Risk,3,False
16980.0,2,1078.96,2011-02-21 12:58:00,2011-03-29 16:36:00,254,1,4,5,514,One-Time Buyers,254,True
16982.0,1,384.06,2011-10-10 12:28:00,2011-10-10 12:28:00,60,1,2,3,312,One-Time Buyers,60,False
16983.0,7,1931.25,2010-12-05 12:34:00,2011-11-27 12:10:00,12,4,4,1,144,Loyal Customers,12,False
16984.0,2,4481.35,2011-08-01 17:37:00,2011-09-12 13:43:00,87,1,5,4,415,One-Time Buyers,87,False
16985.0,10,5464.12,2010-12-16 10:38:00,2011-11-22 13:33:00,16,4,5,2,245,Loyal Customers,16,False
16986.0,2,1873.2,2011-11-09 15:52:00,2011-11-10 11:55:00,29,1,4,2,214,At Risk,29,False
16987.0,7,1625.05,2011-05-18 15:55:00,2011-12-06 17:26:00,2,4,4,1,144,Loyal Customers,2,False
16988.0,1,126.12,2011-12-04 16:02:00,2011-12-04 16:02:00,4,1,1,1,111,At Risk,4,False
16989.0,6,1133.25,2011-07-12 09:11:00,2011-12-02 16:39:00,6,3,4,1,134,At Risk,6,False
16990.0,1,179.0,2011-05-05 08:30:00,2011-05-05 08:30:00,218,1,1,5,511,One-Time Buyers,218,True
16992.0,5,1614.31,2011-02-28 10:37:00,2011-11-29 11:50:00,10,3,4,1,134,At Risk,10,False
16996.0,6,1456.96,2010-12-21 13:22:00,2011-11-09 16:43:00,29,3,4,2,234,At Risk,29,False
16997.0,3,702.0,2011-01-18 11:51:00,2011-02-24 17:28:00,287,2,3,5,523,Regular,287,True
16998.0,4,295.0,2011-02-08 15:42:00,2011-07-13 09:44:00,149,3,2,4,432,Regular,149,True
16999.0,2,484.82,2011-09-26 15:43:00,2011-11-16 13:53:00,22,1,2,2,212,At Risk,22,False
17001.0,11,3989.57,2010-12-16 09:35:00,2011-12-09 09:38:00,0,4,5,1,145,Loyal Customers,0,False
17002.0,3,1493.73,2011-02-22 11:46:00,2011-09-15 12:40:00,85,2,4,4,424,Regular,85,False
17004.0,2,1412.94,2011-09-08 12:16:00,2011-10-24 14:25:00,45,1,4,3,314,One-Time Buyers,45,False
17006.0,4,781.78,2011-09-25 12:15:00,2011-12-05 12:09:00,4,3,3,1,133,At Risk,4,False
17007.0,6,889.9300000000001,2010-12-17 13:57:00,2011-10-20 10:47:00,50,3,3,3,333,Regular,50,False
17010.0,1,195.36,2011-11-21 14:49:00,2011-11-21 14:49:00,17,1,1,2,211,At Risk,17,False
17011.0,1,270.9,2011-11-09 13:30:00,2011-11-09 13:30:00,29,1,2,2,212,At Risk,29,False
17014.0,3,586.33,2011-10-04 11:36:00,2011-12-01 14:09:00,7,2,3,1,123,At Risk,7,False
17015.0,3,1842.56,2011-06-07 13:19:00,2011-11-11 10:45:00,28,2,4,2,224,At Risk,28,False
17017.0,20,8694.26,2010-12-02 10:17:00,2011-12-07 09:32:00,2,4,5,1,145,Loyal Customers,2,False
17018.0,2,920.1,2011-01-18 08:46:00,2011-10-30 11:42:00,40,1,3,3,313,One-Time Buyers,40,False
17019.0,4,1272.61,2010-12-06 12:55:00,2011-11-28 13:06:00,10,3,4,1,134,At Risk,10,False
17022.0,1,71.0,2011-11-08 17:09:00,2011-11-08 17:09:00,30,1,1,2,211,At Risk,30,False
17024.0,3,95.85,2011-07-05 09:31:00,2011-10-25 13:47:00,44,2,1,3,321,Regular,44,False
17025.0,3,357.77,2010-12-01 15:45:00,2011-10-10 09:06:00,60,2,2,3,322,Regular,60,False
17026.0,2,154.82999999999998,2010-12-05 12:47:00,2011-06-07 14:28:00,184,1,1,5,511,One-Time Buyers,184,True
17027.0,6,890.29,2011-01-26 14:19:00,2011-09-22 12:24:00,78,3,3,4,433,Regular,78,False
17029.0,2,716.0,2011-04-17 10:57:00,2011-08-21 11:06:00,110,1,3,4,413,One-Time Buyers,110,True
17030.0,1,146.87,2011-10-07 08:49:00,2011-10-07 08:49:00,63,1,1,3,311,One-Time Buyers,63,False
17031.0,2,380.35,2011-07-08 09:38:00,2011-11-28 10:23:00,11,1,2,1,112,At Risk,11,False
17033.0,3,1030.14,2010-12-15 13:21:00,2011-09-14 14:34:00,85,2,4,4,424,Regular,85,False
17034.0,3,745.52,2011-02-25 10:10:00,2011-11-23 15:14:00,15,2,3,2,223,At Risk,15,False
17035.0,2,433.53000000000003,2011-02-01 12:27:00,2011-04-08 11:23:00,245,1,2,5,512,One-Time Buyers,245,True
17037.0,1,1267.32,2011-09-13 12:49:00,2011-09-13 12:49:00,87,1,4,4,414,One-Time Buyers,87,False
17038.0,1,112.4,2011-11-09 13:50:00,2011-11-09 13:50:00,29,1,1,2,211,At Risk,29,False
17040.0,1,449.73,2011-07-25 10:19:00,2011-07-25 10:19:00,137,1,2,4,412,One-Time Buyers,137,True
17041.0,3,1081.57,2010-12-14 11:43:00,2011-11-13 11:21:00,26,2,4,2,224,At Risk,26,False
17042.0,5,1044.3799999999999,2011-04-06 14:53:00,2011-12-07 12:26:00,2,3,4,1,134,At Risk,2,False
17043.0,4,1735.18,2011-03-18 14:53:00,2011-11-07 15:33:00,31,3,4,2,234,At Risk,31,False
17044.0,1,948.48,2011-11-14 14:28:00,2011-11-14 14:28:00,24,1,4,2,214,At Risk,24,False
17045.0,3,339.44,2011-04-06 12:08:00,2011-08-18 17:09:00,112,2,2,4,422,Regular,112,True
17046.0,1,642.02,2011-07-05 14:24:00,2011-07-05 14:24:00,156,1,3,4,413,One-Time Buyers,156,True
17047.0,3,1100.9,2011-05-18 16:50:00,2011-09-15 13:27:00,84,2,4,4,424,Regular,84,False
17048.0,3,925.35,2011-01-12 16:51:00,2011-08-14 11:49:00,117,2,3,4,423,Regular,117,True
17049.0,9,5659.9800000000005,2011-03-09 08:33:00,2011-12-07 10:48:00,2,4,5,1,145,Loyal Customers,2,False
17050.0,6,3228.84,2011-02-13 12:41:00,2011-09-04 13:48:00,95,3,5,4,435,Regular,95,True
17051.0,1,247.14000000000001,2011-05-29 14:13:00,2011-05-29 14:13:00,193,1,1,5,511,One-Time Buyers,193,True
17052.0,1,413.75,2011-11-11 14:50:00,2011-11-11 14:50:00,27,1,2,2,212,At Risk,27,False
17053.0,1,498.48,2011-08-01 10:23:00,2011-08-01 10:23:00,130,1,3,4,413,One-Time Buyers,130,True
17054.0,5,1356.33,2011-04-08 13:14:00,2011-11-11 12:56:00,27,3,4,2,234,At Risk,27,False
17058.0,3,1179.89,2011-04-14 09:18:00,2011-09-19 10:13:00,81,2,4,4,424,Regular,81,False
17059.0,5,3095.04,2010-12-05 12:35:00,2011-11-10 12:27:00,29,3,5,2,235,At Risk,29,False
17060.0,1,234.24,2011-03-18 13:27:00,2011-03-18 13:27:00,265,1,1,5,511,One-Time Buyers,265,True
17061.0,11,5232.2300000000005,2011-04-21 13:29:00,2011-09-27 11:24:00,73,4,5,4,445,Champions,73,False
17062.0,4,538.37,2010-12-05 11:59:00,2011-01-30 11:01:00,313,3,3,5,533,Regular,313,True
17063.0,7,1461.14,2011-02-23 13:44:00,2011-11-18 16:19:00,20,4,4,2,244,Loyal Customers,20,False
17064.0,3,859.35,2011-01-16 16:10:00,2011-10-12 10:18:00,58,2,3,3,323,Regular,58,False
17068.0,21,4552.14,2010-12-06 13:58:00,2011-11-27 13:14:00,11,4,5,1,145,Loyal Customers,11,False
17069.0,9,2709.7000000000003,2010-12-01 16:49:00,2011-11-11 17:13:00,27,4,5,2,245,Loyal Customers,27,False
17070.0,1,312.14,2011-08-17 17:01:00,2011-08-17 17:01:00,113,1,2,4,412,One-Time Buyers,113,True
17071.0,9,2429.03,2011-02-03 08:18:00,2011-11-11 16:31:00,27,4,5,2,245,Loyal Customers,27,False
17073.0,4,1446.09,2011-08-22 14:37:00,2011-11-22 11:47:00,17,3,4,2,234,At Risk,17,False
17075.0,4,834.12,2011-01-26 13:20:00,2011-11-22 11:58:00,17,3,3,2,233,At Risk,17,False
17076.0,3,841.0799999999999,2010-12-10 10:08:00,2011-11-03 17:53:00,35,2,3,3,323,Regular,35,False
17078.0,2,378.2,2011-11-03 18:49:00,2011-11-03 19:17:00,35,1,2,3,312,One-Time Buyers,35,False
17079.0,1,118.80000000000001,2011-09-22 15:34:00,2011-09-22 15:34:00,77,1,1,4,411,One-Time Buyers,77,False
17080.0,2,287.62,2011-03-15 12:05:00,2011-11-17 12:59:00,21,1,2,2,212,At Risk,21,False
17081.0,2,290.16,2011-10-24 13:08:00,2011-11-14 12:56:00,24,1,2,2,212,At Risk,24,False
17082.0,2,2003.85,2011-01-25 14:36:00,2011-11-06 15:17:00,32,1,4,2,214,At Risk,32,False
17083.0,3,1405.78,2011-02-09 11:38:00,2011-08-22 15:43:00,108,2,4,4,424,Regular,108,True
17084.0,2,2949.75,2011-11-04 14:49:00,2011-11-04 14:54:00,34,1,5,3,315,One-Time Buyers,34,False
17085.0,5,1566.65,2010-12-12 12:24:00,2011-08-08 14:15:00,122,3,4,4,434,Regular,122,True
17086.0,6,2050.08,2011-10-07 11:22:00,2011-12-02 13:54:00,6,3,4,1,134,At Risk,6,False
17088.0,4,1991.01,2011-03-31 09:48:00,2011-11-11 14:23:00,27,3,4,2,234,At Risk,27,False
17090.0,7,2043.95,2010-12-20 13:52:00,2011-12-05 13:44:00,3,4,4,1,144,Loyal Customers,3,False
17091.0,9,3827.76,2010-12-07 09:55:00,2011-12-07 10:43:00,2,4,5,1,145,Loyal Customers,2,False
17092.0,4,1777.78,2011-03-07 14:51:00,2011-10-20 19:51:00,49,3,4,3,334,Regular,49,False
17094.0,1,302.0,2011-01-21 13:09:00,2011-01-21 13:09:00,321,1,2,5,512,One-Time Buyers,321,True
17095.0,3,1324.16,2011-01-09 11:05:00,2011-11-17 12:21:00,22,2,4,2,224,At Risk,22,False
17096.0,4,1022.13,2011-03-23 12:05:00,2011-11-24 15:01:00,14,3,4,2,234,At Risk,14,False
17097.0,8,954.42,2010-12-09 14:55:00,2011-12-07 17:05:00,1,4,4,1,144,Loyal Customers,1,False
17100.0,2,971.74,2011-11-21 16:36:00,2011-11-21 16:36:00,17,1,4,2,214,At Risk,17,False
17101.0,4,1621.73,2011-06-14 14:49:00,2011-11-29 13:57:00,9,3,4,1,134,At Risk,9,False
17102.0,1,25.5,2011-03-23 10:08:00,2011-03-23 10:08:00,261,1,1,5,511,One-Time Buyers,261,True
17105.0,2,665.78,2011-02-06 14:46:00,2011-07-03 15:53:00,158,1,3,4,413,One-Time Buyers,158,True
17107.0,6,10815.43,2011-03-06 15:17:00,2011-11-06 14:14:00,32,3,5,2,235,At Risk,32,False
17109.0,6,885.04,2011-04-21 15:46:00,2011-11-10 16:59:00,28,3,3,2,233,At Risk,28,False
17110.0,1,163.29999999999998,2011-06-27 12:58:00,2011-06-27 12:58:00,164,1,1,4,411,One-Time Buyers,164,True
17111.0,1,248.61,2011-10-23 15:59:00,2011-10-23 15:59:00,46,1,1,3,311,One-Time Buyers,46,False
17114.0,8,808.62,2011-01-09 11:39:00,2011-12-04 12:17:00,5,4,3,1,143,Loyal Customers,5,False
17115.0,3,837.5,2011-04-20 14:46:00,2011-12-01 14:30:00,7,2,3,1,123,At Risk,7,False
17117.0,1,116.19999999999999,2011-02-24 13:54:00,2011-02-24 13:54:00,287,1,1,5,511,One-Time Buyers,287,True
17118.0,1,157.02,2011-01-26 12:19:00,2011-01-26 12:19:00,317,1,1,5,511,One-Time Buyers,317,True
17119.0,2,606.91,2011-10-11 11:03:00,2011-12-06 14:40:00,2,1,3,1,113,At Risk,2,False
17120.0,1,307.46,2011-04-20 15:21:00,2011-04-20 15:21:00,232,1,2,5,512,One-Time Buyers,232,True
17122.0,1,138.32,2011-08-12 14:33:00,2011-08-12 14:33:00,118,1,1,4,411,One-Time Buyers,118,True
17123.0,1,345.29999999999995,2011-07-01 10:47:00,2011-07-01 10:47:00,161,1,2,4,412,One-Time Buyers,161,True
17124.0,1,298.89,2011-06-07 14:02:00,2011-06-07 14:02:00,184,1,2,5,512,One-Time Buyers,184,True
17125.0,1,259.35,2011-10-20 14:41:00,2011-10-20 14:41:00,49,1,2,3,312,One-Time Buyers,49,False
17126.0,5,1004.75,2010-12-12 11:26:00,2011-07-10 13:52:00,151,3,4,4,434,Regular,151,True
17128.0,1,157.09,2011-01-09 12:02:00,2011-01-09 12:02:00,334,1,1,5,511,One-Time Buyers,334,True
17131.0,5,2463.17,2011-09-25 12:42:00,2011-12-04 12:52:00,4,3,5,1,135,At Risk,4,False
17133.0,7,4892.240000000001,2011-03-18 13:47:00,2011-11-24 12:27:00,15,4,5,2,245,Loyal Customers,15,False
17134.0,2,425.0,2011-03-20 11:56:00,2011-08-25 09:53:00,106,1,2,4,412,One-Time Buyers,106,True
17135.0,7,1139.73,2010-12-03 09:31:00,2011-11-23 16:48:00,15,4,4,2,244,Loyal Customers,15,False
17138.0,1,380.5,2011-03-09 11:54:00,2011-03-09 11:54:00,275,1,2,5,512,One-Time Buyers,275,True
17139.0,12,10668.47,2011-02-24 09:32:00,2011-11-24 10:12:00,15,4,5,2,245,Loyal Customers,15,False
17140.0,1,465.32,2011-04-06 13:33:00,2011-04-06 13:33:00,246,1,2,5,512,One-Time Buyers,246,True
17142.0,1,579.0,2011-04-14 18:22:00,2011-04-14 18:22:00,238,1,3,5,513,One-Time Buyers,238,True
17144.0,2,984.57,2011-09-16 12:50:00,2011-12-08 17:57:00,0,1,4,1,114,At Risk,0,False
17146.0,3,749.78,2010-12-16 12:20:00,2011-08-26 12:44:00,105,2,3,4,423,Regular,105,True
17147.0,4,1714.59,2011-02-01 09:36:00,2011-11-17 12:32:00,22,3,4,2,234,At Risk,22,False
17148.0,1,124.88,2011-10-19 09:59:00,2011-10-19 09:59:00,51,1,1,3,311,One-Time Buyers,51,False
17152.0,3,1689.5,2011-03-21 16:20:00,2011-05-29 12:19:00,194,2,4,5,524,Regular,194,True
17153.0,1,213.78,2011-11-15 13:42:00,2011-11-15 13:42:00,23,1,1,2,211,At Risk,23,False
17154.0,1,329.34,2011-09-25 13:42:00,2011-09-25 13:42:00,74,1,2,4,412,One-Time Buyers,74,False
17155.0,2,251.70000000000002,2011-06-15 10:22:00,2011-11-22 12:38:00,17,1,2,2,212,At Risk,17,False
17157.0,2,319.0,2011-06-16 15:08:00,2011-12-02 09:10:00,7,1,2,1,112,At Risk,7,False
17158.0,3,1266.97,2010-12-14 13:03:00,2011-11-07 15:15:00,31,2,4,2,224,At Risk,31,False
17159.0,3,1538.88,2011-06-21 09:49:00,2011-11-18 10:52:00,21,2,4,2,224,At Risk,21,False
17160.0,6,3518.03,2011-04-12 12:00:00,2011-11-08 14:05:00,30,3,5,2,235,At Risk,30,False
17162.0,10,1715.46,2011-02-07 12:27:00,2011-11-11 11:34:00,28,4,4,2,244,Loyal Customers,28,False
17163.0,2,293.1,2011-09-22 15:54:00,2011-11-18 08:57:00,21,1,2,2,212,At Risk,21,False
17164.0,7,2467.35,2011-03-11 14:26:00,2011-11-07 09:14:00,32,4,5,2,245,Loyal Customers,32,False
17165.0,1,158.68,2011-02-28 16:39:00,2011-02-28 16:39:00,283,1,1,5,511,One-Time Buyers,283,True
17166.0,2,206.34,2011-05-20 08:18:00,2011-11-01 09:46:00,38,1,1,3,311,One-Time Buyers,38,False
17169.0,2,835.78,2011-06-09 13:16:00,2011-10-13 10:25:00,57,1,3,3,313,One-Time Buyers,57,False
17171.0,1,224.91,2011-02-23 16:37:00,2011-02-23 16:37:00,288,1,1,5,511,One-Time Buyers,288,True
17172.0,1,317.76,2011-09-22 09:36:00,2011-09-22 09:36:00,78,1,2,4,412,One-Time Buyers,78,False
17173.0,8,3766.6,2011-07-31 15:26:00,2011-12-04 14:40:00,4,4,5,1,145,Loyal Customers,4,False
17174.0,1,59.9,2011-05-06 11:47:00,2011-05-06 11:47:00,217,1,1,5,511,One-Time Buyers,217,True
17175.0,4,1443.69,2011-02-16 14:56:00,2011-10-26 15:31:00,43,3,4,3,334,Regular,43,False
17176.0,1,306.13,2011-05-22 12:41:00,2011-05-22 12:41:00,201,1,2,5,512,One-Time Buyers,201,True
17179.0,3,711.79,2010-12-13 14:24:00,2011-06-14 16:48:00,177,2,3,4,423,Regular,177,True
17180.0,4,796.03,2011-01-27 18:05:00,2011-10-14 15:46:00,55,3,3,3,333,Regular,55,False
17181.0,2,239.92000000000002,2010-12-01 12:38:00,2011-10-13 14:48:00,56,1,1,3,311,One-Time Buyers,56,False
17183.0,6,3347.31,2011-08-26 15:25:00,2011-12-02 10:07:00,7,3,5,1,135,At Risk,7,False
17186.0,2,144.0,2011-10-10 12:52:00,2011-10-24 10:20:00,46,1,1,3,311,One-Time Buyers,46,False
17187.0,1,203.95,2011-04-27 12:39:00,2011-04-27 12:39:00,226,1,1,5,511,One-Time Buyers,226,True
17188.0,7,2474.23,2010-12-12 12:56:00,2011-11-28 13:53:00,10,4,5,1,145,Loyal Customers,10,False
17189.0,2,384.40000000000003,2010-12-15 17:28:00,2011-08-25 19:39:00,105,1,2,4,412,One-Time Buyers,105,True
17190.0,2,444.74,2011-05-16 15:29:00,2011-10-12 11:33:00,58,1,2,3,312,One-Time Buyers,58,False
17191.0,7,2095.13,2010-12-06 14:36:00,2011-11-11 16:58:00,27,4,5,2,245,Loyal Customers,27,False
17193.0,7,1699.3000000000002,2011-06-16 10:04:00,2011-11-04 12:47:00,35,4,4,3,344,Loyal Customers,35,False
17194.0,2,262.62,2010-12-14 12:06:00,2011-03-11 12:05:00,273,1,2,5,512,One-Time Buyers,273,True
17197.0,1,1013.01,2011-11-10 10:32:00,2011-11-10 10:32:00,29,1,4,2,214,At Risk,29,False
17198.0,3,692.22,2010-12-03 14:54:00,2011-11-16 10:39:00,23,2,3,2,223,At Risk,23,False
17201.0,1,342.63,2011-10-17 11:55:00,2011-10-17 11:55:00,53,1,2,3,312,One-Time Buyers,53,False
17203.0,6,3563.85,2011-10-10 14:37:00,2011-11-04 12:27:00,35,3,5,3,335,Regular,35,False
17204.0,4,1564.56,2011-03-21 12:42:00,2011-06-17 14:46:00,174,3,4,4,434,Regular,174,True
17205.0,1,384.08,2011-10-17 12:46:00,2011-10-17 12:46:00,53,1,2,3,312,One-Time Buyers,53,False
17206.0,1,204.24,2011-10-17 13:25:00,2011-10-17 13:25:00,52,1,1,3,311,One-Time Buyers,52,False
17211.0,8,2317.2200000000003,2010-12-05 12:44:00,2011-11-13 12:03:00,26,4,5,2,245,Loyal Customers,26,False
17212.0,1,226.85,2011-03-31 19:42:00,2011-03-31 19:42:00,252,1,1,5,511,One-Time Buyers,252,True
17213.0,7,2781.23,2010-12-08 13:03:00,2011-10-30 14:53:00,39,4,5,3,345,Loyal Customers,39,False
17214.0,6,1069.1200000000001,2010-12-15 15:14:00,2011-10-10 13:17:00,59,3,4,3,334,Regular,59,False
17217.0,1,113.5,2011-04-19 17:19:00,2011-04-19 17:19:00,233,1,1,5,511,One-Time Buyers,233,True
17218.0,10,1960.72,2010-12-06 15:25:00,2011-12-05 13:52:00,3,4,4,1,144,Loyal Customers,3,False
17219.0,1,114.23,2011-11-08 11:25:00,2011-11-08 11:25:00,31,1,1,2,211,At Risk,31,False
17220.0,14,3198.25,2010-12-10 14:54:00,2011-11-15 13:47:00,23,4,5,2,245,Loyal Customers,23,False
17221.0,2,335.13,2011-11-03 17:39:00,2011-12-02 13:35:00,6,1,2,1,112,At Risk,6,False
17222.0,1,354.15,2011-10-05 13:58:00,2011-10-05 13:58:00,64,1,2,3,312,One-Time Buyers,64,False
17223.0,2,426.79,2010-12-06 14:08:00,2011-02-02 15:57:00,309,1,2,5,512,One-Time Buyers,309,True
17226.0,1,393.49,2011-02-04 11:52:00,2011-02-04 11:52:00,308,1,2,5,512,One-Time Buyers,308,True
17227.0,6,939.32,2010-12-06 11:16:00,2011-11-21 10:51:00,18,3,3,2,233,At Risk,18,False
17228.0,8,1906.09,2010-12-02 16:00:00,2011-11-24 10:24:00,15,4,4,2,244,Loyal Customers,15,False
17229.0,2,318.76,2011-07-20 12:38:00,2011-09-04 13:56:00,95,1,2,4,412,One-Time Buyers,95,True
17230.0,8,3638.41,2010-12-15 11:22:00,2011-03-20 16:12:00,263,4,5,5,545,Champions,263,True
17231.0,10,3174.32,2010-12-13 14:16:00,2011-11-27 15:18:00,11,4,5,1,145,Loyal Customers,11,False
17232.0,2,421.52,2011-11-25 12:24:00,2011-12-07 12:21:00,2,1,2,1,112,At Risk,2,False
17233.0,1,190.88,2011-11-04 14:06:00,2011-11-04 14:06:00,34,1,1,3,311,One-Time Buyers,34,False
17234.0,1,149.89000000000001,2011-06-10 11:20:00,2011-06-10 11:20:00,182,1,1,5,511,One-Time Buyers,182,True
17235.0,2,550.06,2010-12-02 13:38:00,2011-11-14 15:51:00,24,1,3,2,213,At Risk,24,False
17236.0,6,916.13,2010-12-12 11:49:00,2011-11-27 12:00:00,12,3,3,1,133,At Risk,12,False
17237.0,2,314.69,2011-11-17 12:55:00,2011-11-28 15:02:00,10,1,2,1,112,At Risk,10,False
17238.0,17,3744.65,2010-12-03 15:05:00,2011-12-07 11:35:00,2,4,5,1,145,Loyal Customers,2,False
17239.0,1,382.5,2011-01-31 09:41:00,2011-01-31 09:41:00,312,1,2,5,512,One-Time Buyers,312,True
17242.0,2,1135.04,2011-06-12 13:04:00,2011-08-23 14:55:00,107,1,4,4,414,One-Time Buyers,107,True
17243.0,26,8676.85,2010-12-05 10:03:00,2011-12-08 13:26:00,0,4,5,1,145,Loyal Customers,0,False
17244.0,1,954.9,2011-10-17 15:19:00,2011-10-17 15:19:00,52,1,4,3,314,One-Time Buyers,52,False
17245.0,1,171.45,2011-05-19 10:43:00,2011-05-19 10:43:00,204,1,1,5,511,One-Time Buyers,204,True
17247.0,1,282.19,2011-11-24 15:21:00,2011-11-24 15:21:00,14,1,2,2,212,At Risk,14,False
17248.0,1,318.65,2011-08-11 13:34:00,2011-08-11 13:34:00,119,1,2,4,412,One-Time Buyers,119,True
17250.0,2,384.52,2011-03-23 16:45:00,2011-12-06 12:15:00,3,1,2,1,112,At Risk,3,False
17251.0,1,283.28000000000003,2010-12-12 11:06:00,2010-12-12 11:06:00,362,1,2,5,512,One-Time Buyers,362,True
17252.0,2,353.86,2011-06-06 16:41:00,2011-08-15 09:45:00,116,1,2,4,412,One-Time Buyers,116,True
17253.0,1,178.26,2011-11-21 12:59:00,2011-11-21 12:59:00,17,1,1,2,211,At Risk,17,False
17254.0,2,272.44,2011-11-24 14:09:00,2011-12-05 12:46:00,4,1,2,1,112,At Risk,4,False
17255.0,2,298.41,2011-02-13 15:18:00,2011-10-30 12:18:00,40,1,2,3,312,One-Time Buyers,40,False
17256.0,2,240.0,2011-01-31 14:53:00,2011-08-24 13:30:00,106,1,1,4,411,One-Time Buyers,106,True
17259.0,2,603.37,2010-12-06 12:55:00,2011-07-14 15:01:00,147,1,3,4,413,One-Time Buyers,147,True
17262.0,5,1253.3600000000001,2010-12-08 13:30:00,2011-10-18 12:56:00,51,3,4,3,334,Regular,51,False
17263.0,1,63.440000000000005,2011-05-15 14:32:00,2011-05-15 14:32:00,207,1,1,5,511,One-Time Buyers,207,True
17265.0,2,562.9,2011-06-12 12:00:00,2011-07-24 10:49:00,138,1,3,4,413,One-Time Buyers,138,True
17266.0,3,310.64,2011-07-15 11:57:00,2011-12-07 14:12:00,1,2,2,1,122,At Risk,1,False
17267.0,2,317.62,2011-08-04 17:19:00,2011-08-04 17:22:00,126,1,2,4,412,One-Time Buyers,126,True
17268.0,4,763.64,2011-04-08 13:20:00,2011-08-24 10:06:00,107,3,3,4,433,Regular,107,True
17272.0,4,2148.63,2011-03-22 12:05:00,2011-10-28 16:37:00,41,3,5,3,335,Regular,41,False
17274.0,1,111.97999999999999,2011-11-04 13:16:00,2011-11-04 13:16:00,34,1,1,3,311,One-Time Buyers,34,False
17277.0,2,1065.3500000000001,2011-01-21 12:37:00,2011-04-26 12:47:00,227,1,4,5,514,One-Time Buyers,227,True
17278.0,1,246.04,2011-04-12 13:10:00,2011-04-12 13:10:00,240,1,1,5,511,One-Time Buyers,240,True
17279.0,1,187.82999999999998,2011-10-13 11:58:00,2011-10-13 11:58:00,57,1,1,3,311,One-Time Buyers,57,False
17282.0,3,1703.41,2011-02-13 11:36:00,2011-08-01 14:29:00,129,2,4,4,424,Regular,129,True
17284.0,6,1652.58,2011-01-07 14:31:00,2011-10-10 14:38:00,59,3,4,3,334,Regular,59,False
17286.0,1,153.92,2011-11-18 12:47:00,2011-11-18 12:47:00,21,1,1,2,211,At Risk,21,False
17287.0,7,1064.11,2010-12-02 12:22:00,2011-11-13 13:27:00,25,4,4,2,244,Loyal Customers,25,False
17288.0,7,1419.73,2010-12-16 13:33:00,2011-11-30 16:09:00,8,4,4,1,144,Loyal Customers,8,False
17289.0,3,944.41,2011-06-12 13:51:00,2011-11-08 12:01:00,31,2,4,2,224,At Risk,31,False
17290.0,2,525.24,2011-11-23 15:53:00,2011-12-06 12:38:00,3,1,3,1,113,At Risk,3,False
17291.0,1,550.8000000000001,2011-02-04 13:04:00,2011-02-04 13:04:00,307,1,3,5,513,One-Time Buyers,307,True
17293.0,9,1875.1100000000001,2010-12-13 14:55:00,2011-12-01 14:37:00,7,4,4,1,144,Loyal Customers,7,False
17295.0,3,556.95,2011-10-06 12:22:00,2011-11-11 10:49:00,28,2,3,2,223,At Risk,28,False
17297.0,1,131.78,2011-11-22 14:43:00,2011-11-22 14:43:00,16,1,1,2,211,At Risk,16,False
17298.0,2,498.42,2011-08-07 12:21:00,2011-08-30 16:43:00,100,1,3,4,413,One-Time Buyers,100,True
17299.0,4,669.11,2011-06-19 16:04:00,2011-11-28 12:01:00,11,3,3,1,133,At Risk,11,False
17301.0,1,197.63,2011-11-18 13:43:00,2011-11-18 13:43:00,20,1,1,2,211,At Risk,20,False
17302.0,5,1135.63,2011-02-07 10:14:00,2011-11-25 09:36:00,14,3,4,2,234,At Risk,14,False
17303.0,1,250.04,2010-12-13 13:32:00,2010-12-13 13:32:00,360,1,1,5,511,One-Time Buyers,360,True
17306.0,19,8631.31,2010-12-21 13:34:00,2011-11-29 12:14:00,10,4,5,1,145,Loyal Customers,10,False
17309.0,1,82.75,2011-09-05 15:20:00,2011-09-05 15:20:00,94,1,1,4,411,One-Time Buyers,94,True
17311.0,2,1384.85,2011-01-27 10:56:00,2011-09-22 14:11:00,77,1,4,4,414,One-Time Buyers,77,False
17312.0,3,644.3,2011-07-03 13:12:00,2011-07-24 11:52:00,138,2,3,4,423,Regular,138,True
17313.0,1,2328.84,2011-11-08 15:45:00,2011-11-08 15:45:00,30,1,5,2,215,At Risk,30,False
17314.0,8,2527.92,2011-01-31 11:25:00,2011-11-15 09:41:00,24,4,5,2,245,Loyal Customers,24,False
17315.0,38,6292.26,2010-12-17 12:24:00,2011-12-08 12:15:00,1,4,5,1,145,Loyal Customers,1,False
17317.0,3,2600.34,2011-09-11 12:45:00,2011-10-24 17:19:00,45,2,5,3,325,Regular,45,False
17320.0,3,1200.6200000000001,2010-12-06 15:38:00,2011-08-31 13:31:00,99,2,4,4,424,Regular,99,True
17321.0,2,700.86,2011-10-03 11:34:00,2011-12-01 13:41:00,7,1,3,1,113,At Risk,7,False
17323.0,7,921.07,2011-02-20 14:38:00,2011-11-24 17:29:00,14,4,3,2,243,Loyal Customers,14,False
17324.0,4,990.23,2010-12-08 12:45:00,2011-11-22 10:34:00,17,3,4,2,234,At Risk,17,False
17325.0,1,96.8,2011-03-04 13:09:00,2011-03-04 13:09:00,279,1,1,5,511,One-Time Buyers,279,True
17329.0,2,523.11,2011-01-28 15:29:00,2011-11-25 14:24:00,13,1,3,2,213,At Risk,13,False
17330.0,2,363.9,2011-10-03 11:26:00,2011-11-17 08:56:00,22,1,2,2,212,At Risk,22,False
17331.0,1,175.2,2011-08-08 11:55:00,2011-08-08 11:55:00,123,1,1,4,411,One-Time Buyers,123,True
17333.0,1,494.25,2011-09-15 10:11:00,2011-09-15 10:11:00,85,1,3,4,413,One-Time Buyers,85,False
17334.0,2,307.02,2011-02-04 09:03:00,2011-02-10 14:59:00,301,1,2,5,512,One-Time Buyers,301,True
17337.0,4,2027.8700000000001,2011-02-02 17:06:00,2011-07-11 14:55:00,150,3,4,4,434,Regular,150,True
17338.0,8,6643.93,2010-12-13 12:57:00,2011-11-22 14:23:00,16,4,5,2,245,Loyal Customers,16,False
17339.0,2,243.36,2010-12-09 14:44:00,2011-09-06 13:29:00,93,1,1,4,411,One-Time Buyers,93,True
17340.0,11,12353.29,2010-12-08 15:56:00,2011-11-10 10:45:00,29,4,5,2,245,Loyal Customers,29,False
17341.0,3,781.36,2010-12-08 12:46:00,2011-07-06 12:33:00,156,2,3,4,423,Regular,156,True
17343.0,1,193.64,2010-12-19 15:07:00,2010-12-19 15:07:00,354,1,1,5,511,One-Time Buyers,354,True
17344.0,1,160.57,2011-10-24 12:56:00,2011-10-24 12:56:00,45,1,1,3,311,One-Time Buyers,45,False
17345.0,4,537.74,2011-05-27 12:26:00,2011-11-24 15:03:00,14,3,3,2,233,At Risk,14,False
17346.0,15,2676.56,2010-12-01 14:34:00,2011-12-06 12:18:00,3,4,5,1,145,Loyal Customers,3,False
17347.0,1,228.96,2011-09-14 13:12:00,2011-09-14 13:12:00,85,1,1,4,411,One-Time Buyers,85,False
17348.0,5,1159.52,2011-02-15 10:49:00,2011-11-25 11:25:00,14,3,4,2,234,At Risk,14,False
17349.0,1,110.75,2011-06-13 14:29:00,2011-06-13 14:29:00,178,1,1,4,411,One-Time Buyers,178,True
17350.0,4,1286.07,2011-10-19 16:05:00,2011-12-01 15:47:00,7,3,4,1,134,At Risk,7,False
17351.0,3,587.15,2011-03-11 16:05:00,2011-11-03 18:45:00,35,2,3,3,323,Regular,35,False
17353.0,2,1740.0,2011-07-08 16:17:00,2011-08-02 17:19:00,128,1,4,4,414,One-Time Buyers,128,True
17354.0,1,1393.06,2011-10-20 10:34:00,2011-10-20 10:34:00,50,1,4,3,314,One-Time Buyers,50,False
17356.0,1,178.22,2011-02-01 11:07:00,2011-02-01 11:07:00,311,1,1,5,511,One-Time Buyers,311,True
17357.0,2,388.14,2011-11-15 16:29:00,2011-11-15 16:30:00,23,1,2,2,212,At Risk,23,False
17358.0,2,365.85,2010-12-19 14:16:00,2011-02-09 16:57:00,302,1,2,5,512,One-Time Buyers,302,True
17359.0,1,127.86,2011-11-28 14:37:00,2011-11-28 14:37:00,10,1,1,1,111,At Risk,10,False
17360.0,3,585.79,2011-06-08 17:09:00,2011-11-22 13:11:00,16,2,3,2,223,At Risk,16,False
17361.0,3,488.2,2011-02-21 09:55:00,2011-10-21 15:43:00,48,2,2,3,322,Regular,48,False
17362.0,2,312.23,2011-02-03 10:26:00,2011-04-14 14:43:00,238,1,2,5,512,One-Time Buyers,238,True
17364.0,11,4481.18,2011-01-12 16:57:00,2011-12-09 09:00:00,0,4,5,1,145,Loyal Customers,0,False
17365.0,8,4801.56,2011-01-11 12:11:00,2011-11-27 12:13:00,12,4,5,1,145,Loyal Customers,12,False
17367.0,1,168.4,2011-04-15 14:21:00,2011-04-15 14:21:00,237,1,1,5,511,One-Time Buyers,237,True
17368.0,8,1912.67,2011-01-06 11:57:00,2011-11-16 15:26:00,22,4,4,2,244,Loyal Customers,22,False
17370.0,4,446.18,2011-06-23 11:50:00,2011-09-28 10:14:00,72,3,2,4,432,Regular,72,False
17371.0,3,423.89,2010-12-13 15:20:00,2011-11-22 13:30:00,16,2,2,2,222,At Risk,16,False
17372.0,8,1342.68,2010-12-12 12:00:00,2011-10-30 11:37:00,40,4,4,3,344,Loyal Customers,40,False
17373.0,4,646.92,2011-01-31 11:46:00,2011-10-30 15:28:00,39,3,3,3,333,Regular,39,False
17374.0,2,495.77,2011-03-03 12:53:00,2011-05-05 09:05:00,218,1,3,5,513,One-Time Buyers,218,True
17375.0,3,400.1,2010-12-13 15:16:00,2011-05-24 15:45:00,198,2,2,5,522,Regular,198,True
17376.0,2,203.2,2011-02-01 14:12:00,2011-09-30 12:36:00,70,1,1,3,311,One-Time Buyers,70,False
17377.0,20,4100.92,2010-12-01 12:35:00,2011-11-16 11:17:00,23,4,5,2,245,Loyal Customers,23,False
17379.0,1,404.66,2011-11-28 13:56:00,2011-11-28 13:56:00,10,1,2,1,112,At Risk,10,False
17381.0,29,20275.61,2010-12-02 12:58:00,2011-12-01 11:59:00,8,4,5,1,145,Loyal Customers,8,False
17382.0,1,65.4,2011-10-05 13:05:00,2011-10-05 13:05:00,64,1,1,3,311,One-Time Buyers,64,False
17383.0,1,199.29,2011-12-05 17:36:00,2011-12-05 17:36:00,3,1,1,1,111,At Risk,3,False
17384.0,2,336.4,2011-05-04 16:07:00,2011-11-20 15:48:00,18,1,2,2,212,At Risk,18,False
17385.0,1,261.11,2011-11-25 11:02:00,2011-11-25 11:02:00,14,1,2,2,212,At Risk,14,False
17386.0,6,2686.42,2011-06-27 12:11:00,2011-12-02 11:28:00,7,3,5,1,135,At Risk,7,False
17387.0,2,784.11,2011-11-06 11:25:00,2011-11-20 11:00:00,19,1,3,2,213,At Risk,19,False
17388.0,4,1259.56,2011-02-25 12:28:00,2011-09-23 10:31:00,77,3,4,4,434,Regular,77,False
17389.0,34,31833.68,2011-01-12 15:48:00,2011-12-09 09:38:00,0,4,5,1,145,Loyal Customers,0,False
17391.0,2,508.8,2011-06-28 12:21:00,2011-06-29 09:58:00,163,1,3,4,413,One-Time Buyers,163,True
17392.0,2,457.91,2010-12-16 19:04:00,2011-02-06 12:48:00,306,1,2,5,512,One-Time Buyers,306,True
17394.0,1,203.86999999999998,2011-05-04 13:22:00,2011-05-04 13:22:00,218,1,1,5,511,One-Time Buyers,218,True
17396.0,8,7330.8,2010-12-03 09:45:00,2011-10-31 14:12:00,38,4,5,3,345,Loyal Customers,38,False
17397.0,2,696.41,2011-11-17 13:58:00,2011-11-17 14:08:00,21,1,3,2,213,At Risk,21,False
17398.0,3,653.38,2011-03-29 13:04:00,2011-08-17 09:48:00,114,2,3,4,423,Regular,114,True
17400.0,5,2129.96,2010-12-21 17:16:00,2011-08-05 15:38:00,125,3,5,4,435,Regular,125,True
17402.0,13,2633.85,2010-12-05 13:53:00,2011-12-05 10:15:00,4,4,5,1,145,Loyal Customers,4,False
17403.0,1,281.62,2011-11-03 15:18:00,2011-11-03 15:18:00,35,1,2,3,312,One-Time Buyers,35,False
17404.0,15,31906.82,2010-12-14 13:28:00,2011-12-05 16:26:00,3,4,5,1,145,Loyal Customers,3,False
17405.0,3,1031.41,2011-07-12 14:17:00,2011-12-08 17:12:00,0,2,4,1,124,At Risk,0,False
17406.0,3,2200.42,2010-12-08 10:35:00,2011-01-10 15:07:00,332,2,5,5,525,Regular,332,True
17408.0,1,32.65,2011-06-29 12:53:00,2011-06-29 12:53:00,162,1,1,4,411,One-Time Buyers,162,True
17409.0,2,771.85,2011-04-05 16:42:00,2011-06-08 10:36:00,184,1,3,5,513,One-Time Buyers,184,True
17410.0,5,1214.72,2011-05-08 15:21:00,2011-11-23 15:46:00,15,3,4,2,234,At Risk,15,False
17411.0,3,778.94,2011-03-23 13:44:00,2011-11-27 14:25:00,11,2,3,1,123,At Risk,11,False
17412.0,7,1258.06,2010-12-02 16:29:00,2011-12-07 11:36:00,2,4,4,1,144,Loyal Customers,2,False
17414.0,2,778.0,2011-06-08 11:43:00,2011-10-27 12:13:00,43,1,3,3,313,One-Time Buyers,43,False
17415.0,1,507.84,2011-09-21 12:50:00,2011-09-21 12:50:00,79,1,3,4,413,One-Time Buyers,79,False
17416.0,7,6893.42,2011-03-03 13:45:00,2011-11-10 12:47:00,29,4,5,2,245,Loyal Customers,29,False
17418.0,2,463.46000000000004,2011-01-20 11:39:00,2011-10-28 13:00:00,41,1,2,3,312,One-Time Buyers,41,False
17419.0,12,4226.57,2010-12-07 15:03:00,2011-11-28 13:47:00,10,4,5,1,145,Loyal Customers,10,False
17420.0,3,598.83,2010-12-01 09:56:00,2011-10-20 14:52:00,49,2,3,3,323,Regular,49,False
17422.0,6,1979.37,2011-02-16 14:44:00,2011-11-23 13:27:00,15,3,4,2,234,At Risk,15,False
17423.0,2,698.41,2011-05-06 09:14:00,2011-10-24 13:36:00,45,1,3,3,313,One-Time Buyers,45,False
17425.0,2,759.17,2011-10-10 11:37:00,2011-11-20 15:30:00,18,1,3,2,213,At Risk,18,False
17426.0,6,5037.26,2011-03-02 16:34:00,2011-12-01 18:07:00,7,3,5,1,135,At Risk,7,False
17427.0,1,100.8,2011-09-29 11:29:00,2011-09-29 11:29:00,71,1,1,3,311,One-Time Buyers,71,False
17428.0,28,17256.85,2010-12-06 09:37:00,2011-12-09 09:45:00,0,4,5,1,145,Loyal Customers,0,False
17429.0,3,524.9200000000001,2011-05-05 09:53:00,2011-08-03 13:22:00,127,2,3,4,423,Regular,127,True
17430.0,2,265.76,2010-12-09 13:05:00,2011-11-07 09:24:00,32,1,2,2,212,At Risk,32,False
17431.0,1,403.3,2011-01-30 14:36:00,2011-01-30 14:36:00,312,1,2,5,512,One-Time Buyers,312,True
17432.0,2,365.76,2011-11-02 17:30:00,2011-11-21 17:33:00,17,1,2,2,212,At Risk,17,False
17433.0,1,303.15999999999997,2011-09-12 14:24:00,2011-09-12 14:24:00,87,1,2,4,412,One-Time Buyers,87,False
17434.0,7,2373.82,2011-09-15 13:54:00,2011-12-07 13:16:00,1,4,5,1,145,Loyal Customers,1,False
17436.0,2,216.29999999999998,2011-04-27 11:33:00,2011-12-08 12:30:00,1,1,1,1,111,At Risk,1,False
17438.0,1,388.45000000000005,2011-03-31 10:26:00,2011-03-31 10:26:00,253,1,2,5,512,One-Time Buyers,253,True
17440.0,3,186.42000000000002,2011-04-06 12:05:00,2011-07-06 11:54:00,156,2,1,4,421,Regular,156,True
17442.0,6,2248.56,2011-02-22 13:02:00,2011-11-03 09:17:00,36,3,5,3,335,Regular,36,False
17443.0,1,534.24,2011-05-04 10:47:00,2011-05-04 10:47:00,219,1,3,5,513,One-Time Buyers,219,True
17444.0,3,2940.04,2011-06-20 09:04:00,2011-07-15 12:05:00,147,2,5,4,425,Regular,147,True
17446.0,2,120.9,2011-02-02 14:40:00,2011-06-16 10:42:00,176,1,1,4,411,One-Time Buyers,176,True
17447.0,2,541.53,2011-09-29 10:10:00,2011-10-30 14:18:00,39,1,3,3,313,One-Time Buyers,39,False
17449.0,7,2520.86,2010-12-15 10:57:00,2011-12-07 16:56:00,1,4,5,1,145,Loyal Customers,1,False
17450.0,46,194550.79,2010-12-07 09:23:00,2011-12-01 13:29:00,7,4,5,1,145,Loyal Customers,7,False
17451.0,7,1721.4,2011-08-26 11:54:00,2011-12-08 15:02:00,0,4,4,1,144,Loyal Customers,0,False
17453.0,2,486.71999999999997,2011-10-06 17:02:00,2011-11-22 09:42:00,17,1,2,2,212,At Risk,17,False
17454.0,4,517.53,2010-12-15 10:54:00,2011-05-31 13:58:00,191,3,3,5,533,Regular,191,True
17455.0,1,131.7,2011-05-20 12:31:00,2011-05-20 12:31:00,203,1,1,5,511,One-Time Buyers,203,True
17456.0,1,249.86,2010-12-09 15:23:00,2010-12-09 15:23:00,364,1,1,5,511,One-Time Buyers,364,True
17457.0,5,1737.7,2011-01-04 14:33:00,2011-08-05 12:48:00,126,3,4,4,434,Regular,126,True
17458.0,1,316.5,2011-11-24 13:01:00,2011-11-24 13:01:00,14,1,2,2,212,At Risk,14,False
17459.0,2,657.3,2011-10-10 17:00:00,2011-10-27 13:25:00,42,1,3,3,313,One-Time Buyers,42,False
17460.0,6,622.4300000000001,2010-12-01 16:24:00,2011-09-06 15:04:00,93,3,3,4,433,Regular,93,True
17461.0,3,757.46,2011-11-10 12:01:00,2011-11-17 10:21:00,22,2,3,2,223,At Risk,22,False
17462.0,2,675.69,2011-02-28 17:01:00,2011-10-10 13:56:00,59,1,3,3,313,One-Time Buyers,59,False
17463.0,5,1896.41,2011-01-30 15:48:00,2011-11-23 13:40:00,15,3,4,2,234,At Risk,15,False
17464.0,1,289.96000000000004,2011-07-04 13:19:00,2011-07-04 13:19:00,157,1,2,4,412,One-Time Buyers,157,True
17466.0,2,763.28,2011-09-22 09:16:00,2011-11-29 13:15:00,9,1,3,1,113,At Risk,9,False
17468.0,2,137.0,2011-11-25 12:52:00,2011-11-29 15:33:00,9,1,1,1,111,At Risk,9,False
17469.0,5,1870.97,2011-05-19 08:55:00,2011-11-23 13:15:00,15,3,4,2,234,At Risk,15,False
17470.0,5,1125.07,2010-12-07 09:57:00,2011-10-26 12:42:00,44,3,4,3,334,Regular,44,False
17472.0,3,710.29,2011-02-13 14:40:00,2011-06-01 14:57:00,190,2,3,5,523,Regular,190,True
17475.0,1,194.37,2011-09-21 14:55:00,2011-09-21 14:55:00,78,1,1,4,411,One-Time Buyers,78,False
17480.0,1,511.82,2011-09-23 11:39:00,2011-09-23 11:39:00,77,1,3,4,413,One-Time Buyers,77,False
17481.0,4,1255.59,2011-09-07 09:57:00,2011-12-06 12:28:00,3,3,4,1,134,At Risk,3,False
17483.0,3,414.04,2011-06-09 19:40:00,2011-10-05 13:10:00,64,2,2,3,322,Regular,64,False
17486.0,1,396.87,2011-03-23 14:00:00,2011-03-23 14:00:00,260,1,2,5,512,One-Time Buyers,260,True
17489.0,2,376.64,2011-05-11 11:34:00,2011-10-12 08:56:00,58,1,2,3,312,One-Time Buyers,58,False
17490.0,7,2092.32,2011-06-16 09:15:00,2011-12-09 09:08:00,0,4,5,1,145,Loyal Customers,0,False
17491.0,10,3558.87,2010-12-07 12:18:00,2011-12-08 16:18:00,0,4,5,1,145,Loyal Customers,0,False
17492.0,1,374.57,2011-04-05 15:21:00,2011-04-05 15:21:00,247,1,2,5,512,One-Time Buyers,247,True
17495.0,2,497.56,2011-11-01 12:06:00,2011-12-02 12:08:00,7,1,3,1,113,At Risk,7,False
17496.0,1,271.05,2010-12-16 08:39:00,2010-12-16 08:39:00,358,1,2,5,512,One-Time Buyers,358,True
17498.0,1,272.22,2011-09-25 12:25:00,2011-09-25 12:25:00,75,1,2,4,412,One-Time Buyers,75,False
17499.0,1,622.88,2011-02-23 09:14:00,2011-02-23 09:14:00,289,1,3,5,513,One-Time Buyers,289,True
17500.0,3,1138.0,2011-11-10 09:08:00,2011-11-22 14:25:00,16,2,4,2,224,At Risk,16,False
17501.0,2,288.6,2011-05-03 09:46:00,2011-05-03 09:47:00,220,1,2,5,512,One-Time Buyers,220,True
17502.0,4,689.1,2011-11-10 16:39:00,2011-11-30 13:13:00,8,3,3,1,133,At Risk,8,False
17503.0,2,558.96,2011-11-01 11:12:00,2011-12-07 09:18:00,2,1,3,1,113,At Risk,2,False
17504.0,9,2997.0299999999997,2011-01-21 11:09:00,2011-05-17 12:59:00,205,4,5,5,545,Champions,205,True
17505.0,2,1145.84,2011-05-18 09:01:00,2011-07-01 12:50:00,161,1,4,4,414,One-Time Buyers,161,True
17506.0,1,302.2,2011-09-25 11:39:00,2011-09-25 11:39:00,75,1,2,4,412,One-Time Buyers,75,False
17507.0,2,605.58,2011-02-03 18:08:00,2011-03-23 11:48:00,261,1,3,5,513,One-Time Buyers,261,True
17508.0,1,387.31,2011-03-04 08:10:00,2011-03-04 08:10:00,280,1,2,5,512,One-Time Buyers,280,True
17509.0,8,6115.14,2011-10-07 13:14:00,2011-10-13 10:26:00,57,4,5,3,345,Loyal Customers,57,False
17510.0,1,308.48,2011-11-15 10:00:00,2011-11-15 10:00:00,24,1,2,2,212,At Risk,24,False
17511.0,31,91062.38,2010-12-01 10:19:00,2011-12-07 10:12:00,2,4,5,1,145,Loyal Customers,2,False
17512.0,10,2924.9900000000002,2011-02-11 12:22:00,2011-11-11 12:11:00,28,4,5,2,245,Loyal Customers,28,False
17513.0,1,513.2,2011-09-28 16:42:00,2011-09-28 16:42:00,71,1,3,3,313,One-Time Buyers,71,False
17514.0,1,208.65,2011-08-03 15:45:00,2011-08-03 15:45:00,127,1,1,4,411,One-Time Buyers,127,True
17515.0,4,639.02,2011-01-25 14:33:00,2011-11-08 14:04:00,30,3,3,2,233,At Risk,30,False
17516.0,5,768.08,2011-02-27 12:41:00,2011-11-24 16:51:00,14,3,3,2,233,At Risk,14,False
17517.0,1,153.94,2011-02-04 11:48:00,2011-02-04 11:48:00,308,1,1,5,511,One-Time Buyers,308,True
17519.0,6,1844.02,2010-12-06 15:18:00,2011-11-22 16:43:00,16,3,4,2,234,At Risk,16,False
17520.0,1,546.81,2011-10-17 12:04:00,2011-10-17 12:04:00,53,1,3,3,313,One-Time Buyers,53,False
17521.0,3,723.2099999999999,2011-05-24 15:14:00,2011-11-10 11:22:00,29,2,3,2,223,At Risk,29,False
17522.0,5,1070.71,2011-05-05 16:31:00,2011-12-08 12:31:00,1,3,4,1,134,At Risk,1,False
17523.0,4,652.74,2011-11-20 13:40:00,2011-11-28 13:20:00,10,3,3,1,133,At Risk,10,False
17524.0,1,145.0,2010-12-13 14:32:00,2010-12-13 14:32:00,360,1,1,5,511,One-Time Buyers,360,True
17525.0,1,422.70000000000005,2010-12-15 12:05:00,2010-12-15 12:05:00,359,1,2,5,512,One-Time Buyers,359,True
17526.0,4,1195.8999999999999,2010-12-09 12:20:00,2011-12-05 11:05:00,4,3,4,1,134,At Risk,4,False
17527.0,4,939.37,2011-05-05 13:43:00,2011-10-17 12:32:00,53,3,3,3,333,Regular,53,False
17528.0,8,3628.5,2011-09-29 13:04:00,2011-12-08 13:27:00,0,4,5,1,145,Loyal Customers,0,False
17530.0,10,2385.0,2010-12-09 20:01:00,2011-12-08 18:42:00,0,4,5,1,145,Loyal Customers,0,False
17531.0,1,296.7,2011-06-02 19:17:00,2011-06-02 19:17:00,189,1,2,5,512,One-Time Buyers,189,True
17534.0,1,223.36,2011-10-17 12:47:00,2011-10-17 12:47:00,53,1,1,3,311,One-Time Buyers,53,False
17535.0,1,164.4,2011-03-04 15:20:00,2011-03-04 15:20:00,279,1,1,5,511,One-Time Buyers,279,True
17536.0,1,76.5,2011-06-15 13:23:00,2011-06-15 13:23:00,176,1,1,4,411,One-Time Buyers,176,True
17537.0,2,897.62,2011-02-09 13:37:00,2011-11-10 10:56:00,29,1,3,2,213,At Risk,29,False
17538.0,1,98.42,2011-11-14 12:12:00,2011-11-14 12:12:00,25,1,1,2,211,At Risk,25,False
17540.0,2,578.9,2011-01-27 14:35:00,2011-11-15 11:56:00,24,1,3,2,213,At Risk,24,False
17542.0,1,170.75,2011-03-15 11:45:00,2011-03-15 11:45:00,269,1,1,5,511,One-Time Buyers,269,True
17545.0,3,645.96,2011-10-27 13:48:00,2011-10-27 14:04:00,42,2,3,3,323,Regular,42,False
17548.0,1,103.3,2011-04-20 12:01:00,2011-04-20 12:01:00,233,1,1,5,511,One-Time Buyers,233,True
17549.0,2,148.86,2011-10-19 10:05:00,2011-11-16 09:59:00,23,1,1,2,211,At Risk,23,False
17550.0,3,267.16,2011-04-10 15:19:00,2011-05-26 14:09:00,196,2,2,5,522,Regular,196,True
17551.0,1,306.84,2010-12-15 14:12:00,2010-12-15 14:12:00,358,1,2,5,512,One-Time Buyers,358,True
17552.0,4,930.41,2010-12-02 18:45:00,2011-10-10 17:00:00,59,3,3,3,333,Regular,59,False
17553.0,1,1487.6,2011-08-02 10:00:00,2011-08-02 10:00:00,129,1,4,4,414,One-Time Buyers,129,True
17554.0,5,1952.45,2011-07-14 20:01:00,2011-12-08 14:15:00,0,3,4,1,134,At Risk,0,False
17555.0,2,483.26,2011-01-09 12:31:00,2011-11-20 12:22:00,19,1,2,2,212,At Risk,19,False
17556.0,1,157.9,2011-05-18 10:48:00,2011-05-18 10:48:00,205,1,1,5,511,One-Time Buyers,205,True
17557.0,3,541.46,2011-09-19 14:23:00,2011-11-25 12:57:00,13,2,3,2,223,At Risk,13,False
17560.0,5,854.95,2011-02-02 11:14:00,2011-09-06 09:18:00,94,3,3,4,433,Regular,94,True
17561.0,1,167.62,2011-11-20 12:53:00,2011-11-20 12:53:00,18,1,1,2,211,At Risk,18,False
17562.0,7,1122.38,2011-06-19 13:06:00,2011-11-25 14:21:00,13,4,4,2,244,Loyal Customers,13,False
17564.0,3,454.01,2011-09-20 14:00:00,2011-11-15 13:27:00,23,2,2,2,222,At Risk,23,False
17566.0,2,901.21,2011-11-14 13:42:00,2011-12-01 19:54:00,7,1,3,1,113,At Risk,7,False
17567.0,8,4331.48,2010-12-02 15:18:00,2011-12-02 15:48:00,6,4,5,1,145,Loyal Customers,6,False
17569.0,1,344.14,2011-01-11 14:15:00,2011-01-11 14:15:00,331,1,2,5,512,One-Time Buyers,331,True
17571.0,4,1498.51,2011-02-14 15:15:00,2011-10-20 15:57:00,49,3,4,3,334,Regular,49,False
17572.0,4,226.75000000000003,2010-12-01 12:51:00,2011-09-29 17:53:00,70,3,1,3,331,Regular,70,False
17573.0,3,380.6,2011-09-07 10:36:00,2011-11-10 13:01:00,28,2,2,2,222,At Risk,28,False
17574.0,1,185.65,2011-04-11 09:47:00,2011-04-11 09:47:00,242,1,1,5,511,One-Time Buyers,242,True
17576.0,19,3622.68,2010-12-09 16:57:00,2011-12-01 17:56:00,7,4,5,1,145,Loyal Customers,7,False
17578.0,1,143.45999999999998,2011-05-05 18:38:00,2011-05-05 18:38:00,217,1,1,5,511,One-Time Buyers,217,True
17579.0,3,448.90000000000003,2011-06-13 14:12:00,2011-12-05 12:28:00,4,2,2,1,122,At Risk,4,False
17580.0,3,215.72,2010-12-16 15:27:00,2011-04-01 12:41:00,252,2,1,5,521,Regular,252,True
17581.0,25,11045.04,2010-12-02 14:47:00,2011-12-09 12:21:00,0,4,5,1,145,Loyal Customers,0,False
17582.0,1,175.27,2011-04-17 13:18:00,2011-04-17 13:18:00,235,1,1,5,511,One-Time Buyers,235,True
17584.0,2,1242.3,2011-08-04 14:12:00,2011-12-02 17:12:00,6,1,4,1,114,At Risk,6,False
17585.0,4,1133.07,2011-01-05 15:09:00,2011-08-22 13:30:00,108,3,4,4,434,Regular,108,True
17588.0,3,1240.2,2011-04-21 10:31:00,2011-08-31 13:37:00,99,2,4,4,424,Regular,99,True
17589.0,4,2404.17,2011-04-13 13:47:00,2011-10-10 16:58:00,59,3,5,3,335,Regular,59,False
17590.0,3,1479.22,2011-10-30 14:05:00,2011-12-07 12:55:00,1,2,4,1,124,At Risk,1,False
17591.0,7,2225.9700000000003,2010-12-07 15:39:00,2011-09-27 13:42:00,72,4,5,4,445,Champions,72,False
17593.0,5,3927.34,2010-12-22 10:29:00,2011-12-06 10:30:00,3,3,5,1,135,At Risk,3,False
17594.0,2,993.18,2011-03-30 10:32:00,2011-09-15 16:34:00,84,1,4,4,414,One-Time Buyers,84,False
17595.0,2,388.79,2011-11-02 16:19:00,2011-11-27 16:08:00,11,1,2,1,112,At Risk,11,False
17596.0,7,2827.93,2010-12-06 12:34:00,2011-11-16 14:11:00,22,4,5,2,245,Loyal Customers,22,False
17597.0,1,2044.3700000000001,2011-05-10 11:54:00,2011-05-10 11:54:00,213,1,4,5,514,One-Time Buyers,213,True
17600.0,1,161.67000000000002,2011-11-22 09:43:00,2011-11-22 09:43:00,17,1,1,2,211,At Risk,17,False
17601.0,1,116.00999999999999,2011-04-14 18:02:00,2011-04-14 18:02:00,238,1,1,5,511,One-Time Buyers,238,True
17602.0,6,5102.97,2011-01-19 16:18:00,2011-12-07 13:53:00,1,3,5,1,135,At Risk,1,False
17603.0,1,394.72,2011-09-22 14:18:00,2011-09-22 14:18:00,77,1,2,4,412,One-Time Buyers,77,False
17604.0,2,309.36,2011-01-31 15:09:00,2011-05-06 13:43:00,216,1,2,5,512,One-Time Buyers,216,True
17608.0,2,193.42,2011-11-06 13:00:00,2011-11-06 13:06:00,32,1,1,2,211,At Risk,32,False
17609.0,5,1112.22,2011-01-16 16:23:00,2011-10-30 12:28:00,40,3,4,3,334,Regular,40,False
17611.0,15,3984.22,2010-12-13 13:52:00,2011-12-02 13:29:00,6,4,5,1,145,Loyal Customers,6,False
17612.0,6,2048.45,2011-02-15 10:40:00,2011-10-17 14:59:00,52,3,4,3,334,Regular,52,False
17613.0,14,4559.150000000001,2011-02-07 11:20:00,2011-11-17 10:51:00,22,4,5,2,245,Loyal Customers,22,False
17614.0,1,390.07,2011-10-13 16:01:00,2011-10-13 16:01:00,56,1,2,3,312,One-Time Buyers,56,False
17615.0,3,329.6,2011-05-01 15:33:00,2011-08-01 14:06:00,129,2,2,4,422,Regular,129,True
17616.0,3,571.1999999999999,2010-12-07 10:04:00,2011-06-19 10:11:00,173,2,3,4,423,Regular,173,True
17618.0,3,971.58,2010-12-12 16:05:00,2011-12-04 11:50:00,5,2,4,1,124,At Risk,5,False
17619.0,1,218.52,2011-01-31 14:18:00,2011-01-31 14:18:00,311,1,1,5,511,One-Time Buyers,311,True
17620.0,1,81.44,2011-10-11 12:08:00,2011-10-11 12:08:00,59,1,1,3,311,One-Time Buyers,59,False
17621.0,3,1379.9,2010-12-20 13:31:00,2011-11-18 17:11:00,20,2,4,2,224,At Risk,20,False
17623.0,1,527.0500000000001,2011-11-07 11:32:00,2011-11-07 11:32:00,32,1,3,2,213,At Risk,32,False
17624.0,2,843.48,2011-05-05 17:59:00,2011-11-25 10:52:00,14,1,3,2,213,At Risk,14,False
17625.0,4,2047.0,2011-03-27 12:21:00,2011-11-21 13:36:00,17,3,4,2,234,At Risk,17,False
17628.0,1,75.75,2011-09-19 15:21:00,2011-09-19 15:21:00,80,1,1,4,411,One-Time Buyers,80,False
17629.0,8,1814.12,2010-12-15 09:58:00,2011-12-04 10:56:00,5,4,4,1,144,Loyal Customers,5,False
17630.0,2,503.59999999999997,2011-04-21 14:03:00,2011-06-23 11:58:00,169,1,3,4,413,One-Time Buyers,169,True
17631.0,3,528.33,2011-04-21 13:22:00,2011-12-08 09:47:00,1,2,3,1,123,At Risk,1,False
17633.0,4,1324.84,2011-08-11 15:43:00,2011-11-08 13:25:00,30,3,4,2,234,At Risk,30,False
17634.0,9,2361.9700000000003,2011-01-06 12:45:00,2011-11-03 13:09:00,35,4,5,3,345,Loyal Customers,35,False
17636.0,1,285.56,2011-11-20 14:40:00,2011-11-20 14:40:00,18,1,2,2,212,At Risk,18,False
17637.0,2,547.0600000000001,2011-08-16 13:25:00,2011-11-08 12:51:00,30,1,3,2,213,At Risk,30,False
17639.0,1,108.5,2011-03-08 15:22:00,2011-03-08 15:22:00,275,1,1,5,511,One-Time Buyers,275,True
17640.0,1,621.66,2011-09-14 09:13:00,2011-09-14 09:13:00,86,1,3,4,413,One-Time Buyers,86,False
17642.0,2,712.29,2011-06-16 12:55:00,2011-08-12 09:11:00,119,1,3,4,413,One-Time Buyers,119,True
17643.0,1,101.55,2010-12-01 14:38:00,2010-12-01 14:38:00,372,1,1,5,511,One-Time Buyers,372,True
17644.0,11,2895.64,2011-03-24 09:44:00,2011-12-08 13:43:00,0,4,5,1,145,Loyal Customers,0,False
17646.0,3,1008.39,2010-12-09 14:28:00,2011-05-04 13:17:00,218,2,4,5,524,Regular,218,True
17647.0,1,133.06,2011-10-05 15:38:00,2011-10-05 15:38:00,64,1,1,3,311,One-Time Buyers,64,False
17648.0,4,1797.5,2011-04-04 10:29:00,2011-10-10 09:41:00,60,3,4,3,334,Regular,60,False
17649.0,1,868.49,2011-07-24 15:53:00,2011-07-24 15:53:00,137,1,3,4,413,One-Time Buyers,137,True
17650.0,1,166.08,2011-11-18 14:52:00,2011-11-18 14:52:00,20,1,1,2,211,At Risk,20,False
17651.0,10,3945.0,2011-06-15 15:57:00,2011-11-28 10:29:00,11,4,5,1,145,Loyal Customers,11,False
17652.0,12,4867.72,2011-03-03 14:05:00,2011-11-14 12:55:00,24,4,5,2,245,Loyal Customers,24,False
17653.0,4,1207.56,2011-08-11 15:24:00,2011-11-03 12:46:00,36,3,4,3,334,Regular,36,False
17654.0,1,117.55,2011-03-07 13:17:00,2011-03-07 13:17:00,276,1,1,5,511,One-Time Buyers,276,True
17655.0,7,2638.94,2010-12-08 16:45:00,2011-11-29 11:34:00,10,4,5,1,145,Loyal Customers,10,False
17656.0,5,1674.69,2011-08-03 10:45:00,2011-09-27 13:04:00,72,3,4,4,434,Regular,72,False
17658.0,2,595.42,2011-05-12 15:23:00,2011-11-14 12:07:00,25,1,3,2,213,At Risk,25,False
17659.0,12,2999.46,2010-12-02 16:46:00,2011-11-22 13:29:00,16,4,5,2,245,Loyal Customers,16,False
17660.0,1,196.0,2011-07-21 13:37:00,2011-07-21 13:37:00,140,1,1,4,411,One-Time Buyers,140,True
17663.0,7,1802.91,2011-02-25 14:11:00,2011-11-14 08:56:00,25,4,4,2,244,Loyal Customers,25,False
17664.0,2,604.64,2011-05-11 14:17:00,2011-11-21 11:29:00,18,1,3,2,213,At Risk,18,False
17666.0,2,728.16,2011-10-05 11:06:00,2011-12-06 09:06:00,3,1,3,1,113,At Risk,3,False
17667.0,5,2055.51,2011-02-14 09:24:00,2011-10-04 14:32:00,65,3,4,3,334,Regular,65,False
17668.0,2,347.75,2011-11-01 14:45:00,2011-12-08 13:25:00,0,1,2,1,112,At Risk,0,False
17669.0,7,3406.7200000000003,2011-04-04 10:11:00,2011-10-28 08:53:00,42,4,5,3,345,Loyal Customers,42,False
17670.0,1,205.7,2011-04-26 09:12:00,2011-04-26 09:12:00,227,1,1,5,511,One-Time Buyers,227,True
17671.0,4,1572.71,2010-12-09 14:27:00,2011-11-24 12:21:00,15,3,4,2,234,At Risk,15,False
17672.0,2,3178.17,2011-02-03 13:29:00,2011-10-20 14:18:00,49,1,5,3,315,One-Time Buyers,49,False
17673.0,6,1629.12,2011-01-23 15:16:00,2011-12-08 12:50:00,1,3,4,1,134,At Risk,1,False
17674.0,2,551.04,2010-12-06 10:20:00,2011-09-26 13:35:00,73,1,3,4,413,One-Time Buyers,73,False
17675.0,31,20374.28,2010-12-07 13:22:00,2011-12-08 18:03:00,0,4,5,1,145,Loyal Customers,0,False
17676.0,6,1387.68,2010-12-08 13:49:00,2011-12-05 15:16:00,3,3,4,1,134,At Risk,3,False
17677.0,30,16363.23,2010-12-06 08:42:00,2011-12-08 09:56:00,1,4,5,1,145,Loyal Customers,1,False
17678.0,1,298.11,2011-03-21 11:52:00,2011-03-21 11:52:00,263,1,2,5,512,One-Time Buyers,263,True
17679.0,2,1992.1100000000001,2011-09-15 10:35:00,2011-10-18 07:43:00,52,1,4,3,314,One-Time Buyers,52,False
17680.0,1,184.4,2011-11-16 12:42:00,2011-11-16 12:42:00,23,1,1,2,211,At Risk,23,False
17682.0,6,2474.33,2010-12-06 13:35:00,2011-11-29 15:59:00,9,3,5,1,135,At Risk,9,False
17684.0,1,239.41,2011-10-27 11:10:00,2011-10-27 11:10:00,43,1,1,3,311,One-Time Buyers,43,False
17685.0,7,3191.53,2010-12-02 14:42:00,2011-11-23 11:36:00,16,4,5,2,245,Loyal Customers,16,False
17686.0,7,5739.46,2011-02-10 10:18:00,2011-12-02 15:39:00,6,4,5,1,145,Loyal Customers,6,False
17690.0,15,4757.95,2010-12-01 16:15:00,2011-11-09 15:17:00,29,4,5,2,245,Loyal Customers,29,False
17691.0,2,290.40000000000003,2010-12-06 11:10:00,2010-12-16 17:20:00,357,1,2,5,512,One-Time Buyers,357,True
17692.0,4,740.9399999999999,2010-12-15 13:37:00,2011-08-04 14:01:00,126,3,3,4,433,Regular,126,True
17693.0,1,200.47,2011-07-25 15:48:00,2011-07-25 15:48:00,136,1,1,4,411,One-Time Buyers,136,True
17694.0,1,283.12,2011-07-21 12:00:00,2011-07-21 12:00:00,141,1,2,4,412,One-Time Buyers,141,True
17695.0,2,765.34,2011-06-21 12:35:00,2011-07-31 10:40:00,131,1,3,4,413,One-Time Buyers,131,True
17696.0,8,2285.71,2010-12-10 09:51:00,2011-11-01 13:43:00,37,4,5,3,345,Loyal Customers,37,False
17697.0,1,338.95,2011-04-17 15:40:00,2011-04-17 15:40:00,235,1,2,5,512,One-Time Buyers,235,True
17698.0,1,154.95,2011-03-24 11:34:00,2011-03-24 11:34:00,260,1,1,5,511,One-Time Buyers,260,True
17700.0,4,2534.64,2011-03-03 16:34:00,2011-11-23 11:51:00,16,3,5,2,235,At Risk,16,False
17701.0,1,417.95,2011-04-01 12:25:00,2011-04-01 12:25:00,252,1,2,5,512,One-Time Buyers,252,True
17702.0,4,1824.37,2011-05-17 16:23:00,2011-11-09 16:03:00,29,3,4,2,234,At Risk,29,False
17703.0,3,798.74,2011-07-24 13:30:00,2011-11-04 15:51:00,34,2,3,3,323,Regular,34,False
17704.0,2,885.19,2011-04-14 09:28:00,2011-06-24 09:40:00,168,1,3,4,413,One-Time Buyers,168,True
17705.0,9,1823.52,2011-02-11 10:57:00,2011-12-06 13:45:00,2,4,4,1,144,Loyal Customers,2,False
17706.0,17,10504.49,2010-12-08 11:02:00,2011-12-05 13:34:00,3,4,5,1,145,Loyal Customers,3,False
17707.0,2,152.4,2011-01-07 13:30:00,2011-06-07 15:03:00,184,1,1,5,511,One-Time Buyers,184,True
17708.0,2,267.08,2011-01-19 10:09:00,2011-06-05 10:12:00,187,1,2,5,512,One-Time Buyers,187,True
17709.0,1,137.45,2011-06-23 11:55:00,2011-06-23 11:55:00,169,1,1,4,411,One-Time Buyers,169,True
17711.0,2,385.1,2011-02-23 11:32:00,2011-11-29 11:40:00,10,1,2,1,112,At Risk,10,False
17712.0,1,522.91,2011-10-26 12:28:00,2011-10-26 12:28:00,44,1,3,3,313,One-Time Buyers,44,False
17714.0,1,153.0,2011-01-23 10:32:00,2011-01-23 10:32:00,320,1,1,5,511,One-Time Buyers,320,True
17715.0,1,326.4,2011-05-23 12:32:00,2011-05-23 12:32:00,200,1,2,5,512,One-Time Buyers,200,True
17716.0,11,5655.99,2011-03-17 10:38:00,2011-11-17 12:00:00,22,4,5,2,245,Loyal Customers,22,False
17718.0,1,139.35,2011-04-21 13:39:00,2011-04-21 13:39:00,231,1,1,5,511,One-Time Buyers,231,True
17719.0,15,5396.04,2011-03-29 11:29:00,2011-11-02 10:36:00,37,4,5,3,345,Loyal Customers,37,False
17720.0,4,1195.94,2010-12-07 10:43:00,2011-11-13 15:04:00,25,3,4,2,234,At Risk,25,False
17722.0,4,2424.04,2010-12-08 12:41:00,2011-09-04 15:22:00,95,3,5,4,435,Regular,95,True
17723.0,6,3276.4000000000005,2011-05-09 14:44:00,2011-08-04 18:37:00,126,3,5,4,435,Regular,126,True
17724.0,3,1033.0,2011-07-24 13:26:00,2011-09-29 15:26:00,70,2,4,3,324,Regular,70,False
17725.0,11,3439.08,2011-03-17 19:47:00,2011-11-23 16:34:00,15,4,5,2,245,Loyal Customers,15,False
17727.0,1,1060.25,2011-11-24 17:06:00,2011-11-24 17:06:00,14,1,4,2,214,At Risk,14,False
17728.0,3,2876.01,2011-09-14 11:39:00,2011-12-06 08:52:00,3,2,5,1,125,At Risk,3,False
17730.0,13,5298.4800000000005,2011-01-17 14:49:00,2011-12-06 15:43:00,2,4,5,1,145,Loyal Customers,2,False
17731.0,4,1240.11,2011-06-09 14:18:00,2011-09-21 15:02:00,78,3,4,4,434,Regular,78,False
17732.0,1,303.97,2010-12-02 09:29:00,2010-12-02 09:29:00,372,1,2,5,512,One-Time Buyers,372,True
17733.0,2,692.19,2011-03-23 09:54:00,2011-11-01 08:16:00,38,1,3,3,313,One-Time Buyers,38,False
17734.0,3,700.63,2011-04-20 10:04:00,2011-10-17 12:33:00,53,2,3,3,323,Regular,53,False
17735.0,19,13110.02,2010-12-07 10:32:00,2011-12-07 16:47:00,1,4,5,1,145,Loyal Customers,1,False
17736.0,3,377.44,2011-08-18 14:33:00,2011-11-30 15:36:00,8,2,2,1,122,At Risk,8,False
17737.0,2,168.24,2011-10-12 14:42:00,2011-11-30 15:16:00,8,1,1,1,111,At Risk,8,False
17738.0,4,1879.05,2011-03-02 16:26:00,2011-11-20 15:05:00,18,3,4,2,234,At Risk,18,False
17739.0,7,2791.35,2010-12-14 14:26:00,2011-11-28 09:12:00,11,4,5,1,145,Loyal Customers,11,False
17742.0,2,355.11,2011-01-11 10:04:00,2011-08-18 15:28:00,112,1,2,4,412,One-Time Buyers,112,True
17744.0,6,2322.4,2010-12-16 14:17:00,2011-12-06 12:11:00,3,3,5,1,135,At Risk,3,False
17746.0,1,110.25,2011-04-13 14:31:00,2011-04-13 14:31:00,239,1,1,5,511,One-Time Buyers,239,True
17747.0,1,71.4,2011-08-19 08:13:00,2011-08-19 08:13:00,112,1,1,4,411,One-Time Buyers,112,True
17749.0,2,674.52,2011-03-28 13:39:00,2011-06-14 15:45:00,177,1,3,4,413,One-Time Buyers,177,True
17750.0,9,1797.57,2011-06-28 15:44:00,2011-12-04 14:09:00,4,4,4,1,144,Loyal Customers,4,False
17752.0,1,80.64,2010-12-15 16:19:00,2010-12-15 16:19:00,358,1,1,5,511,One-Time Buyers,358,True
17754.0,5,1772.26,2011-03-24 13:54:00,2011-12-09 11:20:00,0,3,4,1,134,At Risk,0,False
17757.0,30,5605.29,2010-12-02 17:17:00,2011-12-08 15:31:00,0,4,5,1,145,Loyal Customers,0,False
17758.0,8,3456.7000000000003,2011-04-03 15:22:00,2011-11-20 14:45:00,18,4,5,2,245,Loyal Customers,18,False
17759.0,3,834.99,2011-06-23 13:35:00,2011-11-22 16:02:00,16,2,3,2,223,At Risk,16,False
17760.0,2,287.59,2010-12-01 15:08:00,2011-11-18 10:56:00,21,1,2,2,212,At Risk,21,False
17761.0,1,712.78,2011-11-07 10:23:00,2011-11-07 10:23:00,32,1,3,2,213,At Risk,32,False
17763.0,1,15.0,2011-03-21 14:25:00,2011-03-21 14:25:00,262,1,1,5,511,One-Time Buyers,262,True
17764.0,2,818.8199999999999,2011-05-12 16:11:00,2011-10-20 11:03:00,50,1,3,3,313,One-Time Buyers,50,False
17765.0,3,371.88,2011-03-28 11:58:00,2011-07-04 12:41:00,158,2,2,4,422,Regular,158,True
17767.0,1,271.2,2011-11-24 14:42:00,2011-11-24 14:42:00,14,1,2,2,212,At Risk,14,False
17768.0,3,2273.1800000000003,2011-06-26 13:46:00,2011-12-01 13:22:00,7,2,5,1,125,At Risk,7,False
17769.0,10,3997.98,2011-01-23 11:15:00,2011-11-27 11:18:00,12,4,5,1,145,Loyal Customers,12,False
17770.0,5,1143.27,2011-03-02 13:35:00,2011-05-25 12:34:00,198,3,4,5,534,Regular,198,True
17771.0,2,245.81,2011-01-20 14:13:00,2011-10-14 11:43:00,56,1,1,3,311,One-Time Buyers,56,False
17772.0,2,182.77,2011-11-29 10:57:00,2011-11-29 11:05:00,10,1,1,1,111,At Risk,10,False
17774.0,4,1225.41,2011-02-07 13:13:00,2011-09-04 12:49:00,96,3,4,4,434,Regular,96,True
17775.0,1,56.4,2011-03-30 10:50:00,2011-03-30 10:50:00,254,1,1,5,511,One-Time Buyers,254,True
17777.0,3,665.86,2011-08-31 14:35:00,2011-11-15 12:02:00,24,2,3,2,223,At Risk,24,False
17779.0,3,658.57,2011-07-19 12:19:00,2011-11-18 14:15:00,20,2,3,2,223,At Risk,20,False
17781.0,2,188.02,2011-03-31 19:54:00,2011-07-03 16:00:00,158,1,1,4,411,One-Time Buyers,158,True
17783.0,2,283.47,2011-04-06 10:07:00,2011-09-28 16:07:00,71,1,2,3,312,One-Time Buyers,71,False
17785.0,1,131.94,2011-10-17 13:43:00,2011-10-17 13:43:00,52,1,1,3,311,One-Time Buyers,52,False
17786.0,2,278.74,2011-01-26 14:35:00,2011-09-15 12:51:00,84,1,2,4,412,One-Time Buyers,84,False
17787.0,4,1865.19,2010-12-03 13:43:00,2011-07-10 11:24:00,152,3,4,4,434,Regular,152,True
17788.0,2,1117.9,2011-08-02 10:38:00,2011-09-27 10:09:00,73,1,4,4,414,One-Time Buyers,73,False
17789.0,1,225.9,2011-03-03 13:14:00,2011-03-03 13:14:00,280,1,1,5,511,One-Time Buyers,280,True
17790.0,14,1965.55,2010-12-10 10:47:00,2011-11-13 11:30:00,26,4,4,2,244,Loyal Customers,26,False
17791.0,1,106.1,2011-11-10 12:09:00,2011-11-10 12:09:00,29,1,1,2,211,At Risk,29,False
17793.0,1,323.04,2011-11-14 14:24:00,2011-11-14 14:24:00,24,1,2,2,212,At Risk,24,False
17795.0,2,350.39,2011-03-20 12:02:00,2011-06-13 12:36:00,179,1,2,5,512,One-Time Buyers,179,True
17796.0,4,697.9,2010-12-05 12:23:00,2011-10-30 15:38:00,39,3,3,3,333,Regular,39,False
17797.0,3,780.43,2011-06-10 11:29:00,2011-11-17 13:21:00,21,2,3,2,223,At Risk,21,False
17799.0,10,3055.93,2010-12-13 13:10:00,2011-11-17 15:16:00,21,4,5,2,245,Loyal Customers,21,False
17800.0,9,1199.01,2011-01-09 13:50:00,2011-11-02 12:57:00,36,4,4,3,344,Loyal Customers,36,False
17802.0,3,1285.04,2010-12-02 13:44:00,2011-09-18 14:56:00,81,2,4,4,424,Regular,81,False
17805.0,1,512.31,2011-09-27 11:49:00,2011-09-27 11:49:00,73,1,3,4,413,One-Time Buyers,73,False
17806.0,1,546.04,2011-11-28 14:12:00,2011-11-28 14:12:00,10,1,3,1,113,At Risk,10,False
17809.0,12,5411.91,2010-12-01 09:41:00,2011-11-23 12:59:00,15,4,5,2,245,Loyal Customers,15,False
17811.0,39,7837.7300000000005,2011-01-10 10:58:00,2011-12-05 13:46:00,3,4,5,1,145,Loyal Customers,3,False
17812.0,4,732.16,2010-12-06 15:27:00,2011-11-27 11:47:00,12,3,3,1,133,At Risk,12,False
17813.0,5,1770.8799999999999,2011-09-29 15:57:00,2011-11-25 16:13:00,13,3,4,2,234,At Risk,13,False
17816.0,4,36.56,2010-12-09 14:10:00,2011-11-03 11:34:00,36,3,1,3,331,Regular,36,False
17817.0,3,387.68,2011-03-07 17:30:00,2011-12-05 14:39:00,3,2,2,1,122,At Risk,3,False
17819.0,7,3704.87,2010-12-03 14:26:00,2011-09-29 10:52:00,71,4,5,3,345,Loyal Customers,71,False
17824.0,1,298.4,2011-10-19 14:14:00,2011-10-19 14:14:00,50,1,2,3,312,One-Time Buyers,50,False
17827.0,5,1995.46,2010-12-10 10:18:00,2011-12-04 15:00:00,4,3,4,1,134,At Risk,4,False
17828.0,4,1820.09,2011-06-08 08:31:00,2011-11-17 08:41:00,22,3,4,2,234,At Risk,22,False
17829.0,1,889.24,2011-02-14 12:46:00,2011-02-14 12:46:00,298,1,3,5,513,One-Time Buyers,298,True
17830.0,3,398.7,2011-02-24 10:15:00,2011-12-08 12:28:00,1,2,2,1,122,At Risk,1,False
17831.0,1,35.400000000000006,2011-11-06 15:09:00,2011-11-06 15:09:00,32,1,1,2,211,At Risk,32,False
17832.0,1,155.37,2011-10-21 11:43:00,2011-10-21 11:43:00,49,1,1,3,311,One-Time Buyers,49,False
17835.0,3,350.64,2011-11-16 16:30:00,2011-12-07 11:48:00,2,2,2,1,122,At Risk,2,False
17836.0,1,110.21000000000001,2011-10-23 16:13:00,2011-10-23 16:13:00,46,1,1,3,311,One-Time Buyers,46,False
17837.0,8,1593.38,2011-06-29 16:44:00,2011-10-28 16:13:00,41,4,4,3,344,Loyal Customers,41,False
17838.0,5,2779.3,2010-12-02 15:55:00,2011-11-13 11:20:00,26,3,5,2,235,At Risk,26,False
17839.0,1,338.8,2011-10-28 17:27:00,2011-10-28 17:27:00,41,1,2,3,312,One-Time Buyers,41,False
17841.0,124,40991.57,2010-12-01 14:41:00,2011-12-08 12:07:00,1,4,5,1,145,Loyal Customers,1,False
17843.0,1,205.48,2011-02-09 15:33:00,2011-02-09 15:33:00,302,1,1,5,511,One-Time Buyers,302,True
17844.0,1,51.559999999999995,2011-08-25 11:27:00,2011-08-25 11:27:00,106,1,1,4,411,One-Time Buyers,106,True
17846.0,1,2033.1,2011-09-15 15:20:00,2011-09-15 15:20:00,84,1,4,4,414,One-Time Buyers,84,False
17848.0,9,901.1999999999999,2010-12-16 18:38:00,2011-09-19 16:49:00,80,4,3,4,443,Champions,80,False
17849.0,4,605.8000000000001,2011-01-10 11:59:00,2011-05-05 13:46:00,217,3,3,5,533,Regular,217,True
17850.0,34,5391.21,2010-12-01 08:26:00,2010-12-02 15:27:00,371,4,5,5,545,Champions,371,True
17852.0,2,114.34,2011-11-28 12:31:00,2011-11-28 12:36:00,11,1,1,1,111,At Risk,11,False
17854.0,2,311.26,2011-04-26 16:53:00,2011-06-07 16:21:00,184,1,2,5,512,One-Time Buyers,184,True
17855.0,1,208.97,2010-12-02 09:44:00,2010-12-02 09:44:00,372,1,1,5,511,One-Time Buyers,372,True
17856.0,4,1418.03,2011-03-03 11:40:00,2011-12-08 09:40:00,1,3,4,1,134,At Risk,1,False
17857.0,23,26879.04,2010-12-09 11:35:00,2011-12-05 13:13:00,3,4,5,1,145,Loyal Customers,3,False
17858.0,12,5155.66,2010-12-05 13:08:00,2011-12-04 11:56:00,5,4,5,1,145,Loyal Customers,5,False
17859.0,1,148.21,2011-02-08 10:32:00,2011-02-08 10:32:00,304,1,1,5,511,One-Time Buyers,304,True
17860.0,1,252.8,2010-12-06 12:41:00,2010-12-06 12:41:00,368,1,2,5,512,One-Time Buyers,368,True
17861.0,8,2100.8,2011-01-24 11:34:00,2011-12-06 16:21:00,2,4,5,1,145,Loyal Customers,2,False
17862.0,1,330.9,2011-01-20 12:23:00,2011-01-20 12:23:00,323,1,2,5,512,One-Time Buyers,323,True
17863.0,6,3160.0,2010-12-05 13:21:00,2011-10-11 13:45:00,58,3,5,3,335,Regular,58,False
17864.0,3,597.5,2011-03-09 11:44:00,2011-11-27 11:15:00,12,2,3,1,123,At Risk,12,False
17865.0,20,10526.32,2010-12-10 14:53:00,2011-11-09 12:08:00,30,4,5,2,245,Loyal Customers,30,False
17866.0,1,329.65,2011-07-20 11:07:00,2011-07-20 11:07:00,142,1,2,4,412,One-Time Buyers,142,True
17867.0,6,1197.1000000000001,2011-02-24 12:25:00,2011-11-09 14:15:00,29,3,4,2,234,At Risk,29,False
17869.0,5,428.18,2010-12-06 17:16:00,2011-08-24 16:16:00,106,3,2,4,432,Regular,106,True
17870.0,12,1894.35,2010-12-08 08:12:00,2011-12-07 15:07:00,1,4,4,1,144,Loyal Customers,1,False
17871.0,1,155.9,2011-05-19 11:32:00,2011-05-19 11:32:00,204,1,1,5,511,One-Time Buyers,204,True
17873.0,5,1859.16,2010-12-01 14:54:00,2011-09-20 16:41:00,79,3,4,4,434,Regular,79,False
17874.0,6,683.46,2011-03-29 11:25:00,2011-06-07 12:54:00,184,3,3,5,533,Regular,184,True
17877.0,1,237.61,2011-06-22 13:00:00,2011-06-22 13:00:00,169,1,1,4,411,One-Time Buyers,169,True
17878.0,1,379.45,2011-10-27 11:24:00,2011-10-27 11:24:00,43,1,2,3,312,One-Time Buyers,43,False
17879.0,1,178.51999999999998,2011-06-19 12:36:00,2011-06-19 12:36:00,173,1,1,4,411,One-Time Buyers,173,True
17880.0,1,458.92,2010-12-10 10:21:00,2010-12-10 10:21:00,364,1,2,5,512,One-Time Buyers,364,True
17881.0,1,133.35000000000002,2011-02-08 17:16:00,2011-02-08 17:16:00,303,1,1,5,511,One-Time Buyers,303,True
17883.0,4,671.77,2011-04-07 19:16:00,2011-12-06 17:49:00,2,3,3,1,133,At Risk,2,False
17884.0,4,717.45,2010-12-03 12:11:00,2011-12-06 11:33:00,3,3,3,1,133,At Risk,3,False
17885.0,1,190.19,2011-11-27 14:40:00,2011-11-27 14:40:00,11,1,1,1,111,At Risk,11,False
17886.0,3,899.61,2011-04-04 12:34:00,2011-11-08 10:09:00,31,2,3,2,223,At Risk,31,False
17887.0,1,111.35,2011-08-02 17:29:00,2011-08-02 17:29:00,128,1,1,4,411,One-Time Buyers,128,True
17888.0,8,726.05,2010-12-17 13:56:00,2011-11-18 13:45:00,20,4,3,2,243,Loyal Customers,20,False
17889.0,2,203.87,2011-01-21 17:14:00,2011-05-11 16:26:00,211,1,1,5,511,One-Time Buyers,211,True
17890.0,2,602.09,2010-12-13 15:12:00,2011-01-21 11:19:00,322,1,3,5,513,One-Time Buyers,322,True
17891.0,1,203.85999999999999,2011-06-30 20:08:00,2011-06-30 20:08:00,161,1,1,4,411,One-Time Buyers,161,True
17892.0,3,244.1,2011-07-07 12:56:00,2011-10-14 16:49:00,55,2,1,3,321,Regular,55,False
17893.0,1,112.25,2011-04-28 13:50:00,2011-04-28 13:50:00,224,1,1,5,511,One-Time Buyers,224,True
17894.0,8,1119.81,2010-12-08 14:50:00,2011-09-29 09:23:00,71,4,4,3,344,Loyal Customers,71,False
17895.0,1,98.0,2011-10-26 17:00:00,2011-10-26 17:00:00,43,1,1,3,311,One-Time Buyers,43,False
17896.0,1,256.32,2011-11-16 13:59:00,2011-11-16 13:59:00,22,1,2,2,212,At Risk,22,False
17897.0,3,566.6,2010-12-01 12:31:00,2011-06-20 11:23:00,172,2,3,4,423,Regular,172,True
17898.0,2,152.06,2011-05-16 17:13:00,2011-09-15 14:56:00,84,1,1,4,411,One-Time Buyers,84,False
17899.0,1,155.8,2011-07-03 14:58:00,2011-07-03 14:58:00,158,1,1,4,411,One-Time Buyers,158,True
17900.0,2,112.19999999999999,2011-06-02 14:28:00,2011-06-02 14:38:00,189,1,1,5,511,One-Time Buyers,189,True
17901.0,1,110.38,2011-11-10 17:29:00,2011-11-10 17:29:00,28,1,1,2,211,At Risk,28,False
17904.0,1,191.67,2011-11-18 12:57:00,2011-11-18 12:57:00,20,1,1,2,211,At Risk,20,False
17905.0,4,800.24,2010-12-01 13:21:00,2011-09-29 17:33:00,70,3,3,3,333,Regular,70,False
17906.0,1,72.9,2011-04-06 17:25:00,2011-04-06 17:25:00,246,1,1,5,511,One-Time Buyers,246,True
17908.0,1,243.28,2010-12-01 11:45:00,2010-12-01 11:45:00,373,1,1,5,511,One-Time Buyers,373,True
17911.0,1,366.23,2011-11-30 14:52:00,2011-11-30 14:52:00,8,1,2,1,112,At Risk,8,False
17912.0,5,311.01,2010-12-10 11:11:00,2011-02-02 14:25:00,309,3,2,5,532,Regular,309,True
17913.0,2,411.6,2010-12-19 11:35:00,2011-10-12 10:45:00,58,1,2,3,312,One-Time Buyers,58,False
17914.0,1,336.43,2011-12-06 11:58:00,2011-12-06 11:58:00,3,1,2,1,112,At Risk,3,False
17917.0,3,341.28,2010-12-12 12:08:00,2011-10-25 13:20:00,44,2,2,3,322,Regular,44,False
17919.0,1,1304.04,2011-09-12 13:41:00,2011-09-12 13:41:00,87,1,4,4,414,One-Time Buyers,87,False
17920.0,17,4204.1,2010-12-01 11:49:00,2011-12-05 14:29:00,3,4,5,1,145,Loyal Customers,3,False
17921.0,4,826.52,2011-03-18 13:19:00,2011-10-06 18:56:00,63,3,3,3,333,Regular,63,False
17923.0,1,207.50000000000003,2011-03-02 15:15:00,2011-03-02 15:15:00,281,1,1,5,511,One-Time Buyers,281,True
17924.0,7,2962.5,2010-12-01 10:51:00,2011-11-28 09:11:00,11,4,5,1,145,Loyal Customers,11,False
17925.0,1,244.08,2010-12-02 10:10:00,2010-12-02 10:10:00,372,1,1,5,511,One-Time Buyers,372,True
17926.0,2,397.29,2011-05-20 09:24:00,2011-07-29 14:39:00,132,1,2,4,412,One-Time Buyers,132,True
17928.0,2,212.54,2011-04-07 18:03:00,2011-10-25 13:52:00,44,1,1,3,311,One-Time Buyers,44,False
17929.0,4,843.0,2011-02-04 11:40:00,2011-11-28 16:01:00,10,3,3,1,133,At Risk,10,False
17930.0,5,1740.48,2011-04-14 15:46:00,2011-11-04 10:23:00,35,3,4,3,334,Regular,35,False
17931.0,2,408.36,2011-03-29 12:31:00,2011-07-28 18:33:00,133,1,2,4,412,One-Time Buyers,133,True
17932.0,3,1331.57,2011-05-12 13:58:00,2011-11-10 19:49:00,28,2,4,2,224,At Risk,28,False
17934.0,2,704.25,2011-10-12 10:50:00,2011-10-19 11:16:00,51,1,3,3,313,One-Time Buyers,51,False
17935.0,2,145.79,2011-07-21 11:23:00,2011-07-24 13:18:00,137,1,1,4,411,One-Time Buyers,137,True
17936.0,1,389.84,2011-12-04 13:32:00,2011-12-04 13:32:00,4,1,2,1,112,At Risk,4,False
17937.0,7,4301.22,2010-12-12 14:43:00,2011-12-01 11:45:00,8,4,5,1,145,Loyal Customers,8,False
17939.0,1,99.14,2011-07-03 12:27:00,2011-07-03 12:27:00,159,1,1,4,411,One-Time Buyers,159,True
17940.0,10,4106.4400000000005,2011-02-10 09:29:00,2011-10-21 13:27:00,48,4,5,3,345,Loyal Customers,48,False
17941.0,1,304.56,2011-08-01 08:30:00,2011-08-01 08:30:00,130,1,2,4,412,One-Time Buyers,130,True
17942.0,1,77.50000000000001,2011-12-02 10:45:00,2011-12-02 10:45:00,7,1,1,1,111,At Risk,7,False
17946.0,2,149.57999999999998,2011-03-25 14:34:00,2011-04-20 17:00:00,232,1,1,5,511,One-Time Buyers,232,True
17947.0,1,176.68,2011-11-02 13:05:00,2011-11-02 13:05:00,36,1,1,3,311,One-Time Buyers,36,False
17948.0,1,358.56000000000006,2011-07-15 12:58:00,2011-07-15 12:58:00,146,1,2,4,412,One-Time Buyers,146,True
17949.0,45,58510.48,2010-12-03 13:12:00,2011-12-08 18:46:00,0,4,5,1,145,Loyal Customers,0,False
17950.0,3,482.2,2010-12-09 15:16:00,2011-09-28 15:18:00,71,2,2,3,322,Regular,71,False
17951.0,3,1008.5400000000001,2010-12-01 12:40:00,2011-10-31 12:30:00,39,2,4,3,324,Regular,39,False
17954.0,12,2332.72,2010-12-03 14:18:00,2011-12-04 14:15:00,4,4,5,1,145,Loyal Customers,4,False
17955.0,4,557.3,2011-05-04 12:29:00,2011-05-25 12:00:00,198,3,3,5,533,Regular,198,True
17956.0,1,12.75,2011-04-04 13:47:00,2011-04-04 13:47:00,248,1,1,5,511,One-Time Buyers,248,True
17957.0,1,111.68,2011-10-04 14:58:00,2011-10-04 14:58:00,65,1,1,3,311,One-Time Buyers,65,False
17958.0,1,508.4599999999999,2011-08-15 12:19:00,2011-08-15 12:19:00,116,1,3,4,413,One-Time Buyers,116,True
17960.0,1,73.78,2011-06-21 14:15:00,2011-06-21 14:15:00,170,1,1,4,411,One-Time Buyers,170,True
17961.0,39,1296.44,2010-12-02 19:18:00,2011-11-18 16:55:00,20,4,4,2,244,Loyal Customers,20,False
17962.0,1,102.83,2011-07-20 14:16:00,2011-07-20 14:16:00,141,1,1,4,411,One-Time Buyers,141,True
17964.0,2,471.7,2010-12-02 13:32:00,2011-11-08 10:44:00,31,1,2,2,212,At Risk,31,False
17965.0,14,2622.57,2010-12-05 15:54:00,2011-11-02 09:31:00,37,4,5,3,345,Loyal Customers,37,False
17966.0,5,1098.43,2011-03-23 17:25:00,2011-11-02 10:26:00,37,3,4,3,334,Regular,37,False
17967.0,1,123.07,2010-12-03 11:19:00,2010-12-03 11:19:00,371,1,1,5,511,One-Time Buyers,371,True
17968.0,1,277.35,2010-12-01 12:23:00,2010-12-01 12:23:00,373,1,2,5,512,One-Time Buyers,373,True
17969.0,2,228.2,2010-12-13 15:34:00,2011-06-26 13:00:00,165,1,1,4,411,One-Time Buyers,165,True
17970.0,1,582.59,2011-05-12 20:03:00,2011-05-12 20:03:00,210,1,3,5,513,One-Time Buyers,210,True
17972.0,1,136.04,2011-04-12 12:16:00,2011-04-12 12:16:00,241,1,1,5,511,One-Time Buyers,241,True
17973.0,1,337.04,2011-10-19 10:34:00,2011-10-19 10:34:00,51,1,2,3,312,One-Time Buyers,51,False
17974.0,3,740.79,2011-05-04 11:50:00,2011-11-15 11:37:00,24,2,3,2,223,At Risk,24,False
17975.0,13,4488.81,2010-12-08 11:38:00,2011-11-24 13:27:00,14,4,5,2,245,Loyal Customers,14,False
17976.0,1,353.19,2010-12-02 13:49:00,2010-12-02 13:49:00,371,1,2,5,512,One-Time Buyers,371,True
17977.0,1,288.14,2011-11-10 13:28:00,2011-11-10 13:28:00,28,1,2,2,212,At Risk,28,False
17978.0,1,300.91999999999996,2010-12-09 14:05:00,2010-12-09 14:05:00,364,1,2,5,512,One-Time Buyers,364,True
17979.0,4,757.71,2011-03-25 11:34:00,2011-11-04 12:05:00,35,3,3,3,333,Regular,35,False
17980.0,3,811.45,2010-12-15 15:50:00,2011-06-27 12:01:00,165,2,3,4,423,Regular,165,True
17984.0,1,152.68,2011-07-17 15:59:00,2011-07-17 15:59:00,144,1,1,4,411,One-Time Buyers,144,True
17985.0,1,634.95,2011-11-17 14:24:00,2011-11-17 14:24:00,21,1,3,2,213,At Risk,21,False
17986.0,1,20.8,2011-10-14 14:22:00,2011-10-14 14:22:00,55,1,1,3,311,One-Time Buyers,55,False
17987.0,1,198.57,2011-06-07 14:22:00,2011-06-07 14:22:00,184,1,1,5,511,One-Time Buyers,184,True
17988.0,7,201.12,2011-01-17 11:59:00,2011-11-28 11:00:00,11,4,1,1,141,Loyal Customers,11,False
17990.0,3,630.84,2010-12-13 12:10:00,2011-04-17 11:44:00,236,2,3,5,523,Regular,236,True
17991.0,2,93.35,2011-04-27 16:39:00,2011-04-28 15:58:00,224,1,1,5,511,One-Time Buyers,224,True
17994.0,4,678.49,2011-02-22 11:02:00,2011-08-10 11:41:00,121,3,3,4,433,Regular,121,True
17995.0,1,76.1,2011-03-03 12:30:00,2011-03-03 12:30:00,281,1,1,5,511,One-Time Buyers,281,True
17997.0,8,1970.6699999999998,2011-06-28 17:28:00,2011-09-26 16:13:00,73,4,4,4,444,Champions,73,False
17999.0,2,382.06,2010-12-08 15:17:00,2011-11-02 15:56:00,36,1,2,3,312,One-Time Buyers,36,False
18001.0,2,417.23,2011-09-14 11:21:00,2011-11-27 16:02:00,11,1,2,1,112,At Risk,11,False
18004.0,1,169.47,2010-12-12 13:47:00,2010-12-12 13:47:00,361,1,1,5,511,One-Time Buyers,361,True
18005.0,2,249.72,2011-10-23 14:40:00,2011-12-06 11:51:00,3,1,1,1,111,At Risk,3,False
18006.0,1,444.68,2011-11-16 16:52:00,2011-11-16 16:52:00,22,1,2,2,212,At Risk,22,False
18008.0,9,2116.19,2011-01-25 12:26:00,2011-09-30 15:17:00,69,4,5,3,345,Loyal Customers,69,False
18009.0,1,257.34,2011-04-18 13:36:00,2011-04-18 13:36:00,234,1,2,5,512,One-Time Buyers,234,True
18010.0,1,174.8,2011-03-28 12:27:00,2011-03-28 12:27:00,256,1,1,5,511,One-Time Buyers,256,True
18011.0,1,102.78999999999999,2010-12-01 17:35:00,2010-12-01 17:35:00,372,1,1,5,511,One-Time Buyers,372,True
18013.0,2,187.29,2011-07-07 14:08:00,2011-07-07 14:11:00,154,1,1,4,411,One-Time Buyers,154,True
18014.0,1,166.42,2011-11-11 15:28:00,2011-11-11 15:28:00,27,1,1,2,211,At Risk,27,False
18015.0,1,120.03,2011-12-05 14:49:00,2011-12-05 14:49:00,3,1,1,1,111,At Risk,3,False
18016.0,5,1483.56,2010-12-10 17:14:00,2011-11-07 13:25:00,31,3,4,2,234,At Risk,31,False
18017.0,3,523.0,2011-02-02 13:57:00,2011-09-19 16:15:00,80,2,3,4,423,Regular,80,False
18018.0,2,122.14,2011-05-24 13:22:00,2011-08-23 17:37:00,107,1,1,4,411,One-Time Buyers,107,True
18019.0,1,38.45,2011-10-19 12:10:00,2011-10-19 12:10:00,51,1,1,3,311,One-Time Buyers,51,False
18022.0,1,668.11,2011-11-04 12:45:00,2011-11-04 12:45:00,35,1,3,3,313,One-Time Buyers,35,False
18024.0,2,389.78,2011-07-10 12:28:00,2011-07-10 12:40:00,152,1,2,4,412,One-Time Buyers,152,True
18027.0,1,115.31,2011-09-02 10:38:00,2011-09-02 10:38:00,98,1,1,4,411,One-Time Buyers,98,True
18030.0,2,230.64999999999998,2011-10-28 13:55:00,2011-12-05 16:37:00,3,1,1,1,111,At Risk,3,False
18032.0,1,73.5,2011-01-09 15:32:00,2011-01-09 15:32:00,333,1,1,5,511,One-Time Buyers,333,True
18033.0,1,97.97,2011-10-05 17:28:00,2011-10-05 17:28:00,64,1,1,3,311,One-Time Buyers,64,False
18034.0,2,422.88,2011-11-18 12:08:00,2011-11-18 12:22:00,21,1,2,2,212,At Risk,21,False
18035.0,3,730.4,2011-10-27 17:48:00,2011-11-04 12:39:00,35,2,3,3,323,Regular,35,False
18036.0,3,405.62,2011-04-08 11:26:00,2011-11-07 14:40:00,31,2,2,2,222,At Risk,31,False
18037.0,6,70.02,2010-12-12 16:20:00,2011-07-08 13:39:00,153,3,1,4,431,Regular,153,True
18040.0,2,357.20000000000005,2011-04-08 08:27:00,2011-11-20 14:20:00,18,1,2,2,212,At Risk,18,False
18041.0,21,4183.39,2010-12-02 11:21:00,2011-11-28 11:39:00,11,4,5,1,145,Loyal Customers,11,False
18042.0,1,165.04999999999998,2011-10-17 11:49:00,2011-10-17 11:49:00,53,1,1,3,311,One-Time Buyers,53,False
18043.0,3,559.51,2010-12-08 12:35:00,2011-11-15 12:48:00,24,2,3,2,223,At Risk,24,False
18044.0,10,2088.6,2010-12-14 12:25:00,2011-12-05 14:26:00,3,4,5,1,145,Loyal Customers,3,False
18045.0,1,189.4,2011-10-25 13:07:00,2011-10-25 13:07:00,44,1,1,3,311,One-Time Buyers,44,False
18048.0,2,172.29000000000002,2011-05-20 14:54:00,2011-05-20 14:58:00,202,1,1,5,511,One-Time Buyers,202,True
18050.0,1,74.4,2010-12-15 14:25:00,2010-12-15 14:25:00,358,1,1,5,511,One-Time Buyers,358,True
18053.0,1,300.02,2011-09-30 09:05:00,2011-09-30 09:05:00,70,1,2,3,312,One-Time Buyers,70,False
18055.0,10,6784.1900000000005,2010-12-05 10:52:00,2011-12-02 14:25:00,6,4,5,1,145,Loyal Customers,6,False
18056.0,1,363.65,2011-02-24 14:27:00,2011-02-24 14:27:00,287,1,2,5,512,One-Time Buyers,287,True
18058.0,1,170.16,2011-11-30 08:38:00,2011-11-30 08:38:00,9,1,1,1,111,At Risk,9,False
18059.0,3,306.46,2011-10-03 09:30:00,2011-11-16 16:49:00,22,2,2,2,222,At Risk,22,False
18061.0,10,2119.41,2010-12-08 13:03:00,2011-11-18 11:20:00,21,4,5,2,245,Loyal Customers,21,False
18062.0,3,720.52,2011-01-06 10:03:00,2011-06-19 14:47:00,172,2,3,4,423,Regular,172,True
18064.0,2,814.0,2011-04-18 15:08:00,2011-07-29 16:39:00,132,1,3,4,413,One-Time Buyers,132,True
18065.0,14,2392.83,2010-12-10 12:44:00,2011-12-04 10:30:00,5,4,5,1,145,Loyal Customers,5,False
18066.0,1,318.0,2011-09-25 15:30:00,2011-09-25 15:30:00,74,1,2,4,412,One-Time Buyers,74,False
18067.0,1,396.33,2011-10-30 15:58:00,2011-10-30 15:58:00,39,1,2,3,312,One-Time Buyers,39,False
18068.0,1,101.69999999999999,2011-02-23 14:50:00,2011-02-23 14:50:00,288,1,1,5,511,One-Time Buyers,288,True
18069.0,5,2036.67,2011-01-16 15:50:00,2011-11-13 16:03:00,25,3,4,2,234,At Risk,25,False
18071.0,2,453.0,2010-12-09 10:33:00,2011-03-27 11:59:00,257,1,2,5,512,One-Time Buyers,257,True
18072.0,1,247.44,2011-06-07 10:44:00,2011-06-07 10:44:00,185,1,1,5,511,One-Time Buyers,185,True
18073.0,12,3877.5200000000004,2011-05-26 19:38:00,2011-08-17 14:02:00,113,4,5,4,445,Champions,113,True
18074.0,1,489.6,2010-12-01 09:53:00,2010-12-01 09:53:00,373,1,2,5,512,One-Time Buyers,373,True
18075.0,10,2611.75,2010-12-14 10:48:00,2011-11-16 15:21:00,22,4,5,2,245,Loyal Customers,22,False
18077.0,11,2633.0099999999998,2010-12-08 10:21:00,2011-12-01 13:32:00,7,4,5,1,145,Loyal Customers,7,False
18078.0,2,336.13,2011-03-25 15:08:00,2011-05-06 14:32:00,216,1,2,5,512,One-Time Buyers,216,True
18079.0,4,3651.97,2011-04-15 12:14:00,2011-10-25 15:27:00,44,3,5,3,335,Regular,44,False
18080.0,2,1231.5,2011-04-11 10:10:00,2011-11-21 08:02:00,18,1,4,2,214,At Risk,18,False
18081.0,3,343.45,2011-07-29 11:56:00,2011-11-03 16:30:00,35,2,2,3,322,Regular,35,False
18082.0,1,703.37,2011-11-14 12:45:00,2011-11-14 12:45:00,25,1,3,2,213,At Risk,25,False
18084.0,1,90.47999999999999,2011-11-23 13:57:00,2011-11-23 13:57:00,15,1,1,2,211,At Risk,15,False
18085.0,2,689.95,2010-12-01 12:08:00,2011-01-13 15:17:00,329,1,3,5,513,One-Time Buyers,329,True
18086.0,1,101.34,2011-03-10 13:34:00,2011-03-10 13:34:00,273,1,1,5,511,One-Time Buyers,273,True
18087.0,2,4055.7199999999993,2011-02-22 10:43:00,2011-09-02 15:12:00,97,1,5,4,415,One-Time Buyers,97,True
18088.0,1,167.67000000000002,2011-10-09 13:41:00,2011-10-09 13:41:00,60,1,1,3,311,One-Time Buyers,60,False
18092.0,11,9068.26,2010-12-09 10:00:00,2011-12-07 13:14:00,1,4,5,1,145,Loyal Customers,1,False
18093.0,4,2106.52,2011-02-10 12:15:00,2011-09-07 15:43:00,92,3,5,4,435,Regular,92,True
18094.0,7,3017.3,2011-02-21 08:50:00,2011-09-19 09:28:00,81,4,5,4,445,Champions,81,False
18095.0,2,580.0500000000001,2011-01-11 12:37:00,2011-01-31 12:50:00,312,1,3,5,513,One-Time Buyers,312,True
18096.0,3,911.15,2011-10-07 11:55:00,2011-11-28 12:44:00,11,2,3,1,123,At Risk,11,False
18097.0,6,2697.8,2010-12-20 14:49:00,2011-12-02 11:16:00,7,3,5,1,135,At Risk,7,False
18099.0,1,168.31,2011-08-04 15:52:00,2011-08-04 15:52:00,126,1,1,4,411,One-Time Buyers,126,True
18101.0,2,223.65,2011-07-19 13:05:00,2011-11-28 13:37:00,10,1,1,1,111,At Risk,10,False
18102.0,60,259657.3,2010-12-07 16:42:00,2011-12-09 11:50:00,0,4,5,1,145,Loyal Customers,0,False
18104.0,1,754.64,2011-11-02 14:07:00,2011-11-02 14:07:00,36,1,3,3,313,One-Time Buyers,36,False
18105.0,1,113.48000000000002,2011-11-02 12:04:00,2011-11-02 12:04:00,37,1,1,3,311,One-Time Buyers,37,False
18106.0,1,430.7,2011-01-14 12:23:00,2011-01-14 12:23:00,329,1,2,5,512,One-Time Buyers,329,True
18108.0,1,271.0,2011-03-30 13:56:00,2011-03-30 13:56:00,253,1,2,5,512,One-Time Buyers,253,True
18109.0,26,8052.97,2010-12-05 10:58:00,2011-12-08 11:36:00,1,4,5,1,145,Loyal Customers,1,False
18110.0,1,236.3,2011-11-20 12:34:00,2011-11-20 12:34:00,19,1,1,2,211,At Risk,19,False
18112.0,2,352.69,2011-06-26 13:56:00,2011-11-27 14:43:00,11,1,2,1,112,At Risk,11,False
18113.0,1,76.32000000000001,2010-12-06 12:31:00,2010-12-06 12:31:00,368,1,1,5,511,One-Time Buyers,368,True
18114.0,1,220.1,2011-02-22 13:20:00,2011-02-22 13:20:00,289,1,1,5,511,One-Time Buyers,289,True
18116.0,8,1418.03,2010-12-10 12:14:00,2011-10-03 11:00:00,67,4,4,3,344,Loyal Customers,67,False
18117.0,1,320.72,2011-11-14 12:47:00,2011-11-14 12:47:00,25,1,2,2,212,At Risk,25,False
18118.0,26,5653.82,2010-12-05 12:13:00,2011-11-29 11:32:00,10,4,5,1,145,Loyal Customers,10,False
18119.0,1,181.12,2010-12-07 11:59:00,2010-12-07 11:59:00,367,1,1,5,511,One-Time Buyers,367,True
18120.0,1,111.15,2011-05-09 13:45:00,2011-05-09 13:45:00,213,1,1,5,511,One-Time Buyers,213,True
18121.0,2,673.1,2011-07-08 12:14:00,2011-07-13 12:53:00,148,1,3,4,413,One-Time Buyers,148,True
18122.0,6,1826.21,2011-07-12 11:37:00,2011-12-01 13:08:00,7,3,4,1,134,At Risk,7,False
18123.0,2,589.4399999999999,2011-11-08 13:31:00,2011-11-15 14:23:00,23,1,3,2,213,At Risk,23,False
18125.0,4,1142.99,2011-01-27 15:02:00,2011-11-10 12:29:00,29,3,4,2,234,At Risk,29,False
18126.0,1,206.82999999999998,2011-10-10 12:19:00,2011-10-10 12:19:00,60,1,1,3,311,One-Time Buyers,60,False
18127.0,3,348.73,2011-07-29 10:06:00,2011-11-20 14:05:00,18,2,2,2,222,At Risk,18,False
18129.0,1,112.55000000000001,2011-04-10 14:16:00,2011-04-10 14:16:00,242,1,1,5,511,One-Time Buyers,242,True
18130.0,3,1059.39,2011-10-13 15:58:00,2011-11-24 14:40:00,14,2,4,2,224,At Risk,14,False
18133.0,1,931.4999999999999,2011-05-11 14:14:00,2011-05-11 14:14:00,211,1,3,5,513,One-Time Buyers,211,True
18135.0,5,681.9100000000001,2011-06-02 14:04:00,2011-11-10 19:32:00,28,3,3,2,233,At Risk,28,False
18136.0,3,784.33,2011-01-24 12:08:00,2011-10-07 15:40:00,62,2,3,3,323,Regular,62,False
18138.0,1,152.65,2011-02-17 14:51:00,2011-02-17 14:51:00,294,1,1,5,511,One-Time Buyers,294,True
18139.0,6,8438.34,2011-11-21 14:06:00,2011-11-22 10:44:00,17,3,5,2,235,At Risk,17,False
18142.0,2,1019.52,2011-05-08 12:31:00,2011-07-05 13:19:00,156,1,4,4,414,One-Time Buyers,156,True
18143.0,2,1000.16,2011-07-21 10:44:00,2011-08-15 12:07:00,116,1,4,4,414,One-Time Buyers,116,True
18144.0,12,2888.75,2010-12-01 13:45:00,2011-12-02 12:46:00,7,4,5,1,145,Loyal Customers,7,False
18145.0,4,2861.55,2011-01-31 12:10:00,2011-11-27 11:22:00,12,3,5,1,135,At Risk,12,False
18146.0,2,160.35000000000002,2011-05-03 16:35:00,2011-07-22 12:08:00,140,1,1,4,411,One-Time Buyers,140,True
18147.0,2,179.33999999999997,2011-08-23 12:22:00,2011-10-25 11:46:00,45,1,1,3,311,One-Time Buyers,45,False
18149.0,3,612.0799999999999,2011-03-11 12:44:00,2011-10-20 12:04:00,50,2,3,3,323,Regular,50,False
18150.0,3,566.58,2011-05-22 10:47:00,2011-11-07 16:49:00,31,2,3,2,223,At Risk,31,False
18151.0,2,653.35,2011-02-23 08:29:00,2011-07-28 11:35:00,134,1,3,4,413,One-Time Buyers,134,True
18154.0,2,399.19,2011-10-27 10:40:00,2011-12-06 16:41:00,2,1,2,1,112,At Risk,2,False
18155.0,3,371.62,2011-02-21 10:36:00,2011-09-25 13:32:00,74,2,2,4,422,Regular,74,False
18156.0,2,734.94,2010-12-05 12:29:00,2011-11-27 12:24:00,12,1,3,1,113,At Risk,12,False
18158.0,2,453.4,2011-09-12 09:03:00,2011-11-30 16:19:00,8,1,2,1,112,At Risk,8,False
18159.0,1,530.15,2011-02-11 14:26:00,2011-02-11 14:26:00,300,1,3,5,513,One-Time Buyers,300,True
18160.0,2,638.0600000000001,2011-05-23 13:41:00,2011-10-13 15:50:00,56,1,3,3,313,One-Time Buyers,56,False
18161.0,5,1618.69,2011-01-24 11:56:00,2011-11-24 16:40:00,14,3,4,2,234,At Risk,14,False
18164.0,1,399.65000000000003,2011-11-02 12:56:00,2011-11-02 12:56:00,36,1,2,3,312,One-Time Buyers,36,False
18165.0,1,302.46000000000004,2011-06-15 13:23:00,2011-06-15 13:23:00,176,1,2,4,412,One-Time Buyers,176,True
18167.0,3,1384.8600000000001,2011-08-26 11:40:00,2011-11-16 15:56:00,22,2,4,2,224,At Risk,22,False
18168.0,6,1169.94,2010-12-02 18:08:00,2011-06-16 19:21:00,175,3,4,4,434,Regular,175,True
18169.0,1,202.65,2011-10-10 12:18:00,2011-10-10 12:18:00,60,1,1,3,311,One-Time Buyers,60,False
18170.0,3,980.31,2011-05-06 15:13:00,2011-11-06 14:35:00,32,2,4,2,224,At Risk,32,False
18171.0,5,1231.31,2011-01-10 09:55:00,2011-10-12 09:13:00,58,3,4,3,334,Regular,58,False
18172.0,20,7561.68,2011-02-23 10:44:00,2011-11-25 11:12:00,14,4,5,2,245,Loyal Customers,14,False
18173.0,4,2106.84,2011-03-10 11:56:00,2011-09-14 11:26:00,86,3,5,4,435,Regular,86,False
18174.0,1,104.0,2011-12-02 16:56:00,2011-12-02 16:56:00,6,1,1,1,111,At Risk,6,False
18176.0,1,476.35,2010-12-16 15:45:00,2010-12-16 15:45:00,357,1,2,5,512,One-Time Buyers,357,True
18177.0,6,1341.42,2011-03-29 08:46:00,2011-11-08 14:44:00,30,3,4,2,234,At Risk,30,False
18178.0,4,1590.81,2010-12-10 12:42:00,2011-08-03 09:30:00,128,3,4,4,434,Regular,128,True
18179.0,6,1793.17,2011-01-07 14:22:00,2011-11-30 16:23:00,8,3,4,1,134,At Risk,8,False
18180.0,6,1843.75,2011-07-20 08:59:00,2011-12-05 08:39:00,4,3,4,1,134,At Risk,4,False
18181.0,1,382.8,2011-11-15 15:08:00,2011-11-15 15:08:00,23,1,2,2,212,At Risk,23,False
18183.0,2,632.07,2011-03-10 10:08:00,2011-04-26 15:26:00,226,1,3,5,513,One-Time Buyers,226,True
18184.0,1,49.8,2011-11-24 15:28:00,2011-11-24 15:28:00,14,1,1,2,211,At Risk,14,False
18185.0,1,304.25,2011-04-04 13:42:00,2011-04-04 13:42:00,248,1,2,5,512,One-Time Buyers,248,True
18188.0,3,2001.04,2011-02-22 14:43:00,2011-11-24 16:46:00,14,2,4,2,224,At Risk,14,False
18189.0,2,1090.24,2011-03-17 09:49:00,2011-09-23 12:40:00,77,1,4,4,414,One-Time Buyers,77,False
18190.0,2,284.46000000000004,2011-01-13 10:35:00,2011-05-31 14:48:00,191,1,2,5,512,One-Time Buyers,191,True
18191.0,1,207.79999999999998,2011-03-23 12:08:00,2011-03-23 12:08:00,261,1,1,5,511,One-Time Buyers,261,True
18192.0,1,957.97,2011-09-29 09:53:00,2011-09-29 09:53:00,71,1,4,3,314,One-Time Buyers,71,False
18193.0,1,243.76,2011-06-27 13:58:00,2011-06-27 13:58:00,164,1,1,4,411,One-Time Buyers,164,True
18194.0,1,973.8399999999999,2011-09-18 13:29:00,2011-09-18 13:29:00,81,1,4,4,414,One-Time Buyers,81,False
18196.0,2,689.13,2011-02-22 16:13:00,2011-09-05 16:22:00,94,1,3,4,413,One-Time Buyers,94,True
18198.0,17,5425.56,2011-01-07 13:39:00,2011-12-05 14:49:00,3,4,5,1,145,Loyal Customers,3,False
18200.0,1,163.8,2011-08-25 18:45:00,2011-08-25 18:45:00,105,1,1,4,411,One-Time Buyers,105,True
18202.0,3,1396.99,2011-02-01 13:36:00,2011-05-24 12:12:00,199,2,4,5,524,Regular,199,True
18203.0,1,160.42000000000002,2011-07-05 13:07:00,2011-07-05 13:07:00,156,1,1,4,411,One-Time Buyers,156,True
18204.0,3,1993.7,2011-05-31 15:26:00,2011-09-29 16:44:00,70,2,4,3,324,Regular,70,False
18205.0,2,517.36,2011-09-26 12:02:00,2011-11-03 13:22:00,35,1,3,3,313,One-Time Buyers,35,False
18209.0,1,139.10000000000002,2011-11-11 12:07:00,2011-11-11 12:07:00,28,1,1,2,211,At Risk,28,False
18210.0,6,2621.38,2011-03-17 16:58:00,2011-12-08 11:02:00,1,3,5,1,135,At Risk,1,False
18211.0,5,600.07,2011-03-06 12:09:00,2011-11-14 08:10:00,25,3,3,2,233,At Risk,25,False
18212.0,1,248.42,2011-01-17 16:14:00,2011-01-17 16:14:00,325,1,1,5,511,One-Time Buyers,325,True
18213.0,1,232.48000000000002,2011-04-17 10:21:00,2011-04-17 10:21:00,236,1,1,5,511,One-Time Buyers,236,True
18215.0,1,299.34000000000003,2011-09-11 16:05:00,2011-09-11 16:05:00,88,1,2,4,412,One-Time Buyers,88,False
18216.0,1,481.75,2011-11-08 16:55:00,2011-11-08 16:55:00,30,1,2,2,212,At Risk,30,False
18217.0,2,621.75,2011-09-30 10:44:00,2011-11-10 13:18:00,28,1,3,2,213,At Risk,28,False
18218.0,2,662.08,2011-03-03 12:24:00,2011-05-12 12:53:00,210,1,3,5,513,One-Time Buyers,210,True
18219.0,10,2069.77,2010-12-06 10:05:00,2011-12-07 11:43:00,2,4,5,1,145,Loyal Customers,2,False
18220.0,1,305.28000000000003,2011-04-27 09:03:00,2011-04-27 09:03:00,226,1,2,5,512,One-Time Buyers,226,True
18221.0,5,1041.61,2011-05-12 14:13:00,2011-11-17 14:40:00,21,3,4,2,234,At Risk,21,False
18222.0,1,443.0,2011-09-08 10:45:00,2011-09-08 10:45:00,92,1,2,4,412,One-Time Buyers,92,True
18223.0,14,6484.54,2010-12-16 16:42:00,2011-12-05 09:11:00,4,4,5,1,145,Loyal Customers,4,False
18224.0,1,158.95000000000002,2011-03-21 10:30:00,2011-03-21 10:30:00,263,1,1,5,511,One-Time Buyers,263,True
18225.0,12,5509.12,2010-12-09 15:46:00,2011-12-06 13:27:00,2,4,5,1,145,Loyal Customers,2,False
18226.0,11,5228.05,2011-01-06 09:00:00,2011-10-26 13:36:00,43,4,5,3,345,Loyal Customers,43,False
18227.0,1,93.75,2011-05-06 12:23:00,2011-05-06 12:23:00,217,1,1,5,511,One-Time Buyers,217,True
18228.0,2,779.9,2011-09-21 10:48:00,2011-10-14 09:21:00,56,1,3,3,313,One-Time Buyers,56,False
18229.0,20,7276.900000000001,2010-12-01 16:25:00,2011-11-28 09:48:00,11,4,5,1,145,Loyal Customers,11,False
18230.0,7,2810.2000000000003,2011-02-10 13:06:00,2011-11-30 13:22:00,8,4,5,1,145,Loyal Customers,8,False
18231.0,5,2083.27,2011-02-24 09:08:00,2011-05-31 14:18:00,191,3,5,5,535,Regular,191,True
18232.0,4,592.97,2011-05-26 16:30:00,2011-09-19 11:49:00,81,3,3,4,433,Regular,81,False
18233.0,1,440.0,2011-01-18 08:44:00,2011-01-18 08:44:00,325,1,2,5,512,One-Time Buyers,325,True
18235.0,3,1796.48,2011-05-06 13:35:00,2011-09-29 08:27:00,71,2,4,3,324,Regular,71,False
18236.0,6,882.24,2011-04-13 09:52:00,2011-11-10 08:06:00,29,3,3,2,233,At Risk,29,False
18237.0,5,987.1,2011-07-28 13:05:00,2011-12-07 12:49:00,2,3,4,1,134,At Risk,2,False
18239.0,5,1561.6100000000001,2010-12-02 17:48:00,2011-05-05 12:38:00,218,3,4,5,534,Regular,218,True
18240.0,1,422.58,2011-10-24 13:06:00,2011-10-24 13:06:00,45,1,2,3,312,One-Time Buyers,45,False
18241.0,17,2073.09,2011-05-06 09:22:00,2011-11-30 12:10:00,9,4,5,1,145,Loyal Customers,9,False
18242.0,4,2232.4900000000002,2011-05-10 11:20:00,2011-09-28 13:43:00,71,3,5,3,335,Regular,71,False
18245.0,7,2567.06,2010-12-19 14:58:00,2011-12-02 14:48:00,6,4,5,1,145,Loyal Customers,6,False
18246.0,2,596.1,2011-04-20 13:55:00,2011-11-16 11:49:00,23,1,3,2,213,At Risk,23,False
18248.0,2,804.02,2011-06-06 13:18:00,2011-08-09 10:19:00,122,1,3,4,413,One-Time Buyers,122,True
18249.0,1,95.34,2011-11-22 15:07:00,2011-11-22 15:07:00,16,1,1,2,211,At Risk,16,False
18250.0,1,349.27,2011-02-02 13:16:00,2011-02-02 13:16:00,309,1,2,5,512,One-Time Buyers,309,True
18251.0,1,4314.72,2011-09-13 15:03:00,2011-09-13 15:03:00,86,1,5,4,415,One-Time Buyers,86,False
18252.0,2,526.67,2011-06-21 11:47:00,2011-10-20 12:43:00,50,1,3,3,313,One-Time Buyers,50,False
18255.0,1,103.3,2011-09-11 13:16:00,2011-09-11 13:16:00,88,1,1,4,411,One-Time Buyers,88,False
18257.0,8,2337.63,2011-02-16 15:13:00,2011-10-31 14:48:00,38,4,5,3,345,Loyal Customers,38,False
18259.0,3,2338.6000000000004,2010-12-08 13:38:00,2011-11-15 12:34:00,24,2,5,2,225,At Risk,24,False
18260.0,6,2643.2000000000003,2010-12-16 18:23:00,2011-06-20 12:37:00,172,3,5,4,435,Regular,172,True
18261.0,2,324.24,2011-09-05 09:34:00,2011-10-27 15:36:00,42,1,2,3,312,One-Time Buyers,42,False
18262.0,1,149.48,2011-07-22 16:04:00,2011-07-22 16:04:00,139,1,1,4,411,One-Time Buyers,139,True
18263.0,3,1213.1599999999999,2011-04-01 11:48:00,2011-11-14 09:00:00,25,2,4,2,224,At Risk,25,False
18265.0,2,801.51,2011-07-04 15:26:00,2011-09-28 14:10:00,71,1,3,3,313,One-Time Buyers,71,False
18268.0,1,25.5,2011-07-28 19:13:00,2011-07-28 19:13:00,133,1,1,4,411,One-Time Buyers,133,True
18269.0,1,168.6,2010-12-08 13:53:00,2010-12-08 13:53:00,365,1,1,5,511,One-Time Buyers,365,True
18270.0,2,283.15,2011-03-18 12:41:00,2011-11-01 13:57:00,37,1,2,3,312,One-Time Buyers,37,False
18272.0,6,3078.58,2011-04-07 09:35:00,2011-12-07 12:43:00,2,3,5,1,135,At Risk,2,False
18273.0,3,204.0,2011-03-27 11:22:00,2011-12-07 13:16:00,1,2,1,1,121,At Risk,1,False
18274.0,1,175.92,2011-11-09 17:03:00,2011-11-09 17:03:00,29,1,1,2,211,At Risk,29,False
18276.0,1,335.86,2011-10-27 10:54:00,2011-10-27 10:54:00,43,1,2,3,312,One-Time Buyers,43,False
18277.0,1,110.38,2011-10-12 15:22:00,2011-10-12 15:22:00,57,1,1,3,311,One-Time Buyers,57,False
18278.0,1,173.9,2011-09-27 11:58:00,2011-09-27 11:58:00,73,1,1,4,411,One-Time Buyers,73,False
18280.0,1,180.60000000000002,2011-03-07 09:52:00,2011-03-07 09:52:00,277,1,1,5,511,One-Time Buyers,277,True
18281.0,1,80.82,2011-06-12 10:53:00,2011-06-12 10:53:00,180,1,1,5,511,One-Time Buyers,180,True
18282.0,2,178.05,2011-08-05 13:35:00,2011-12-02 11:43:00,7,1,1,1,111,At Risk,7,False
18283.0,16,2094.88,2011-01-06 14:14:00,2011-12-06 12:02:00,3,4,5,1,145,Loyal Customers,3,False
18287.0,3,1837.28,2011-05-22 10:39:00,2011-10-28 09:29:00,42,2,4,3,324,Regular,42,False
